2025-04-09 18:28:28,968 - INFO - <BrokerConnection client_id=kafka-python-2.1.2, node_id=bootstrap-0 host=localhost:9092 <connecting> [IPv6 ('::1', 9092, 0, 0)]>: connecting to localhost:9092 [('::1', 9092, 0, 0) IPv6]
2025-04-09 18:28:30,970 - ERROR - Attempt 1 failed to connect to Kafka: NoBrokersAvailable
2025-04-09 18:28:32,975 - INFO - <BrokerConnection client_id=kafka-python-2.1.2, node_id=bootstrap-0 host=localhost:9092 <connecting> [IPv6 ('::1', 9092, 0, 0)]>: connecting to localhost:9092 [('::1', 9092, 0, 0) IPv6]
2025-04-09 18:28:34,984 - ERROR - Attempt 2 failed to connect to Kafka: NoBrokersAvailable
2025-04-09 18:28:36,987 - INFO - <BrokerConnection client_id=kafka-python-2.1.2, node_id=bootstrap-0 host=localhost:9092 <connecting> [IPv6 ('::1', 9092, 0, 0)]>: connecting to localhost:9092 [('::1', 9092, 0, 0) IPv6]
2025-04-09 18:28:38,990 - ERROR - Attempt 3 failed to connect to Kafka: NoBrokersAvailable
2025-04-09 18:28:38,991 - CRITICAL - Fatal error in consumer: NoBrokersAvailable
2025-04-09 18:28:55,636 - INFO - <BrokerConnection client_id=kafka-python-2.1.2, node_id=bootstrap-0 host=localhost:9092 <connecting> [IPv6 ('::1', 9092, 0, 0)]>: connecting to localhost:9092 [('::1', 9092, 0, 0) IPv6]
2025-04-09 18:28:57,636 - ERROR - Attempt 1 failed to connect to Kafka: NoBrokersAvailable
2025-04-09 18:28:59,640 - INFO - <BrokerConnection client_id=kafka-python-2.1.2, node_id=bootstrap-0 host=localhost:9092 <connecting> [IPv6 ('::1', 9092, 0, 0)]>: connecting to localhost:9092 [('::1', 9092, 0, 0) IPv6]
2025-04-09 18:29:01,639 - ERROR - Attempt 2 failed to connect to Kafka: NoBrokersAvailable
2025-04-09 18:29:03,643 - INFO - <BrokerConnection client_id=kafka-python-2.1.2, node_id=bootstrap-0 host=localhost:9092 <connecting> [IPv6 ('::1', 9092, 0, 0)]>: connecting to localhost:9092 [('::1', 9092, 0, 0) IPv6]
2025-04-09 18:29:05,654 - ERROR - Attempt 3 failed to connect to Kafka: NoBrokersAvailable
2025-04-09 18:29:05,655 - CRITICAL - Fatal error in consumer: NoBrokersAvailable
2025-04-09 18:29:07,624 - INFO - <BrokerConnection client_id=kafka-python-2.1.2, node_id=bootstrap-0 host=localhost:9092 <connecting> [IPv6 ('::1', 9092, 0, 0)]>: connecting to localhost:9092 [('::1', 9092, 0, 0) IPv6]
2025-04-09 18:29:09,630 - ERROR - Attempt 1 failed to connect to Kafka: NoBrokersAvailable
2025-04-09 18:29:11,634 - INFO - <BrokerConnection client_id=kafka-python-2.1.2, node_id=bootstrap-0 host=localhost:9092 <connecting> [IPv6 ('::1', 9092, 0, 0)]>: connecting to localhost:9092 [('::1', 9092, 0, 0) IPv6]
2025-04-09 18:29:13,646 - ERROR - Attempt 2 failed to connect to Kafka: NoBrokersAvailable
2025-04-09 18:29:15,673 - INFO - <BrokerConnection client_id=kafka-python-2.1.2, node_id=bootstrap-0 host=localhost:9092 <connecting> [IPv6 ('::1', 9092, 0, 0)]>: connecting to localhost:9092 [('::1', 9092, 0, 0) IPv6]
2025-04-09 18:29:17,678 - ERROR - Attempt 3 failed to connect to Kafka: NoBrokersAvailable
2025-04-09 18:29:17,678 - CRITICAL - Fatal error in consumer: NoBrokersAvailable
2025-04-09 19:15:36,480 - INFO - <BrokerConnection client_id=kafka-python-2.1.2, node_id=bootstrap-0 host=localhost:9092 <connecting> [IPv6 ('::1', 9092, 0, 0)]>: connecting to localhost:9092 [('::1', 9092, 0, 0) IPv6]
2025-04-09 19:15:38,476 - ERROR - Attempt 1 failed to connect to Kafka: NoBrokersAvailable
2025-04-09 19:15:40,481 - INFO - <BrokerConnection client_id=kafka-python-2.1.2, node_id=bootstrap-0 host=localhost:9092 <connecting> [IPv6 ('::1', 9092, 0, 0)]>: connecting to localhost:9092 [('::1', 9092, 0, 0) IPv6]
2025-04-09 19:15:42,492 - ERROR - Attempt 2 failed to connect to Kafka: NoBrokersAvailable
2025-04-09 19:15:44,496 - INFO - <BrokerConnection client_id=kafka-python-2.1.2, node_id=bootstrap-0 host=localhost:9092 <connecting> [IPv6 ('::1', 9092, 0, 0)]>: connecting to localhost:9092 [('::1', 9092, 0, 0) IPv6]
2025-04-09 19:15:46,502 - ERROR - Attempt 3 failed to connect to Kafka: NoBrokersAvailable
2025-04-09 19:15:46,503 - CRITICAL - Fatal error in consumer: NoBrokersAvailable
2025-04-09 19:33:50,936 - INFO - <BrokerConnection client_id=kafka-python-2.1.2, node_id=bootstrap-0 host=localhost:9092 <connecting> [IPv6 ('::1', 9092, 0, 0)]>: connecting to localhost:9092 [('::1', 9092, 0, 0) IPv6]
2025-04-09 19:33:50,941 - INFO - Broker version identified as 2.6
2025-04-09 19:33:50,942 - INFO - <BrokerConnection client_id=kafka-python-2.1.2, node_id=bootstrap-0 host=localhost:9092 <checking_api_versions_recv> [IPv6 ('::1', 9092, 0, 0)]>: Connection complete.
2025-04-09 19:33:50,943 - INFO - Updating subscribed topics to: ('tweets',)
2025-04-09 19:33:50,943 - INFO - Consumer started successfully
2025-04-09 19:33:50,947 - INFO - <BrokerConnection client_id=kafka-python-2.1.2, node_id=0 host=LAPTOP-3AKB8UN6:9092 <connecting> [IPv6 ('fe80::5d24:cec2:79ae:1be9', 9092, 0, 16)]>: connecting to LAPTOP-3AKB8UN6:9092 [('fe80::5d24:cec2:79ae:1be9', 9092, 0, 16) IPv6]
2025-04-09 19:33:50,950 - INFO - <BrokerConnection client_id=kafka-python-2.1.2, node_id=0 host=LAPTOP-3AKB8UN6:9092 <checking_api_versions_send> [IPv6 ('fe80::5d24:cec2:79ae:1be9', 9092, 0, 16)]>: Connection complete.
2025-04-09 19:33:50,951 - INFO - <BrokerConnection client_id=kafka-python-2.1.2, node_id=bootstrap-0 host=localhost:9092 <connected> [IPv6 ('::1', 9092, 0, 0)]>: Closing connection. 
2025-04-09 19:33:51,064 - INFO - Group coordinator for sentiment-group is BrokerMetadata(nodeId='coordinator-0', host='LAPTOP-3AKB8UN6', port=9092, rack=None)
2025-04-09 19:33:51,065 - INFO - Discovered coordinator coordinator-0 for group sentiment-group
2025-04-09 19:33:51,066 - INFO - Starting new heartbeat thread
2025-04-09 19:33:51,067 - INFO - Revoking previously assigned partitions set() for group sentiment-group
2025-04-09 19:33:51,068 - INFO - <BrokerConnection client_id=kafka-python-2.1.2, node_id=coordinator-0 host=LAPTOP-3AKB8UN6:9092 <connecting> [IPv6 ('fe80::5d24:cec2:79ae:1be9', 9092, 0, 16)]>: connecting to LAPTOP-3AKB8UN6:9092 [('fe80::5d24:cec2:79ae:1be9', 9092, 0, 16) IPv6]
2025-04-09 19:33:51,069 - INFO - <BrokerConnection client_id=kafka-python-2.1.2, node_id=coordinator-0 host=LAPTOP-3AKB8UN6:9092 <checking_api_versions_send> [IPv6 ('fe80::5d24:cec2:79ae:1be9', 9092, 0, 16)]>: Connection complete.
2025-04-09 19:33:51,170 - INFO - (Re-)joining group sentiment-group
2025-04-09 19:33:51,264 - INFO - Elected group leader -- performing partition assignments using range
2025-04-09 19:33:51,319 - INFO - Successfully joined group sentiment-group with generation 1
2025-04-09 19:33:51,320 - INFO - Updated partition assignment: [TopicPartition(topic='tweets', partition=0)]
2025-04-09 19:33:51,321 - INFO - Setting newly assigned partitions {TopicPartition(topic='tweets', partition=0)} for group sentiment-group
2025-04-09 19:33:55,625 - WARNING - Attempt 1 failed to update Flask: HTTPConnectionPool(host='localhost', port=5000): Max retries exceeded with url: /update (Caused by NewConnectionError('<urllib3.connection.HTTPConnection object at 0x00000274B4E71A90>: Failed to establish a new connection: [WinError 10061] No connection could be made because the target machine actively refused it'))
2025-04-09 19:34:01,697 - WARNING - Attempt 2 failed to update Flask: HTTPConnectionPool(host='localhost', port=5000): Max retries exceeded with url: /update (Caused by NewConnectionError('<urllib3.connection.HTTPConnection object at 0x00000274B4FD5450>: Failed to establish a new connection: [WinError 10061] No connection could be made because the target machine actively refused it'))
2025-04-09 19:34:07,774 - WARNING - Attempt 3 failed to update Flask: HTTPConnectionPool(host='localhost', port=5000): Max retries exceeded with url: /update (Caused by NewConnectionError('<urllib3.connection.HTTPConnection object at 0x00000274B4FD5D10>: Failed to establish a new connection: [WinError 10061] No connection could be made because the target machine actively refused it'))
2025-04-09 19:34:07,774 - ERROR - Failed to update Flask after multiple attempts
2025-04-09 19:34:11,882 - WARNING - Attempt 1 failed to update Flask: HTTPConnectionPool(host='localhost', port=5000): Max retries exceeded with url: /update (Caused by NewConnectionError('<urllib3.connection.HTTPConnection object at 0x00000274B4E32D70>: Failed to establish a new connection: [WinError 10061] No connection could be made because the target machine actively refused it'))
2025-04-09 19:34:17,965 - WARNING - Attempt 2 failed to update Flask: HTTPConnectionPool(host='localhost', port=5000): Max retries exceeded with url: /update (Caused by NewConnectionError('<urllib3.connection.HTTPConnection object at 0x00000274B4E32650>: Failed to establish a new connection: [WinError 10061] No connection could be made because the target machine actively refused it'))
2025-04-09 19:34:24,050 - WARNING - Attempt 3 failed to update Flask: HTTPConnectionPool(host='localhost', port=5000): Max retries exceeded with url: /update (Caused by NewConnectionError('<urllib3.connection.HTTPConnection object at 0x00000274B5045250>: Failed to establish a new connection: [WinError 10061] No connection could be made because the target machine actively refused it'))
2025-04-09 19:34:24,050 - ERROR - Failed to update Flask after multiple attempts
2025-04-09 19:34:28,150 - WARNING - Attempt 1 failed to update Flask: HTTPConnectionPool(host='localhost', port=5000): Max retries exceeded with url: /update (Caused by NewConnectionError('<urllib3.connection.HTTPConnection object at 0x00000274B4F8C380>: Failed to establish a new connection: [WinError 10061] No connection could be made because the target machine actively refused it'))
2025-04-09 19:34:34,247 - WARNING - Attempt 2 failed to update Flask: HTTPConnectionPool(host='localhost', port=5000): Max retries exceeded with url: /update (Caused by NewConnectionError('<urllib3.connection.HTTPConnection object at 0x00000274B4F8CC00>: Failed to establish a new connection: [WinError 10061] No connection could be made because the target machine actively refused it'))
2025-04-09 19:34:40,326 - WARNING - Attempt 3 failed to update Flask: HTTPConnectionPool(host='localhost', port=5000): Max retries exceeded with url: /update (Caused by NewConnectionError('<urllib3.connection.HTTPConnection object at 0x00000274B4F8CE20>: Failed to establish a new connection: [WinError 10061] No connection could be made because the target machine actively refused it'))
2025-04-09 19:34:40,326 - ERROR - Failed to update Flask after multiple attempts
2025-04-09 19:34:44,433 - WARNING - Attempt 1 failed to update Flask: HTTPConnectionPool(host='localhost', port=5000): Max retries exceeded with url: /update (Caused by NewConnectionError('<urllib3.connection.HTTPConnection object at 0x00000274B4F8D040>: Failed to establish a new connection: [WinError 10061] No connection could be made because the target machine actively refused it'))
2025-04-09 19:34:50,503 - WARNING - Attempt 2 failed to update Flask: HTTPConnectionPool(host='localhost', port=5000): Max retries exceeded with url: /update (Caused by NewConnectionError('<urllib3.connection.HTTPConnection object at 0x00000274B4F8D370>: Failed to establish a new connection: [WinError 10061] No connection could be made because the target machine actively refused it'))
2025-04-09 19:34:56,597 - WARNING - Attempt 3 failed to update Flask: HTTPConnectionPool(host='localhost', port=5000): Max retries exceeded with url: /update (Caused by NewConnectionError('<urllib3.connection.HTTPConnection object at 0x00000274B4F8D590>: Failed to establish a new connection: [WinError 10061] No connection could be made because the target machine actively refused it'))
2025-04-09 19:34:56,597 - ERROR - Failed to update Flask after multiple attempts
2025-04-09 19:34:58,637 - WARNING - Attempt 1 failed to update Flask: 404 Client Error: NOT FOUND for url: http://localhost:5000/update
2025-04-09 19:35:02,687 - WARNING - Attempt 2 failed to update Flask: 404 Client Error: NOT FOUND for url: http://localhost:5000/update
2025-04-09 19:35:06,757 - WARNING - Attempt 3 failed to update Flask: 404 Client Error: NOT FOUND for url: http://localhost:5000/update
2025-04-09 19:35:06,758 - ERROR - Failed to update Flask after multiple attempts
2025-04-09 19:35:08,809 - WARNING - Attempt 1 failed to update Flask: 404 Client Error: NOT FOUND for url: http://localhost:5000/update
2025-04-09 19:35:12,848 - WARNING - Attempt 2 failed to update Flask: 404 Client Error: NOT FOUND for url: http://localhost:5000/update
2025-04-09 19:35:16,908 - WARNING - Attempt 3 failed to update Flask: 404 Client Error: NOT FOUND for url: http://localhost:5000/update
2025-04-09 19:35:16,909 - ERROR - Failed to update Flask after multiple attempts
2025-04-09 19:35:18,982 - WARNING - Attempt 1 failed to update Flask: 404 Client Error: NOT FOUND for url: http://localhost:5000/update
2025-04-09 19:35:23,041 - WARNING - Attempt 2 failed to update Flask: 404 Client Error: NOT FOUND for url: http://localhost:5000/update
2025-04-09 19:35:27,081 - WARNING - Attempt 3 failed to update Flask: 404 Client Error: NOT FOUND for url: http://localhost:5000/update
2025-04-09 19:35:27,082 - ERROR - Failed to update Flask after multiple attempts
2025-04-09 19:35:29,154 - WARNING - Attempt 1 failed to update Flask: 404 Client Error: NOT FOUND for url: http://localhost:5000/update
2025-04-09 19:35:33,210 - WARNING - Attempt 2 failed to update Flask: 404 Client Error: NOT FOUND for url: http://localhost:5000/update
2025-04-09 19:35:37,249 - WARNING - Attempt 3 failed to update Flask: 404 Client Error: NOT FOUND for url: http://localhost:5000/update
2025-04-09 19:35:37,249 - ERROR - Failed to update Flask after multiple attempts
2025-04-09 19:35:39,314 - WARNING - Attempt 1 failed to update Flask: 404 Client Error: NOT FOUND for url: http://localhost:5000/update
2025-04-09 19:35:43,351 - WARNING - Attempt 2 failed to update Flask: 404 Client Error: NOT FOUND for url: http://localhost:5000/update
2025-04-09 19:35:47,415 - WARNING - Attempt 3 failed to update Flask: 404 Client Error: NOT FOUND for url: http://localhost:5000/update
2025-04-09 19:35:47,416 - ERROR - Failed to update Flask after multiple attempts
2025-04-09 19:35:49,460 - WARNING - Attempt 1 failed to update Flask: 404 Client Error: NOT FOUND for url: http://localhost:5000/update
2025-04-09 19:35:53,531 - WARNING - Attempt 2 failed to update Flask: 404 Client Error: NOT FOUND for url: http://localhost:5000/update
2025-04-09 19:35:57,573 - WARNING - Attempt 3 failed to update Flask: 404 Client Error: NOT FOUND for url: http://localhost:5000/update
2025-04-09 19:35:57,574 - ERROR - Failed to update Flask after multiple attempts
2025-04-09 19:35:59,645 - WARNING - Attempt 1 failed to update Flask: 404 Client Error: NOT FOUND for url: http://localhost:5000/update
2025-04-09 19:36:03,670 - WARNING - Attempt 2 failed to update Flask: 404 Client Error: NOT FOUND for url: http://localhost:5000/update
2025-04-09 19:36:07,717 - WARNING - Attempt 3 failed to update Flask: 404 Client Error: NOT FOUND for url: http://localhost:5000/update
2025-04-09 19:36:07,718 - ERROR - Failed to update Flask after multiple attempts
2025-04-09 19:36:09,779 - WARNING - Attempt 1 failed to update Flask: 404 Client Error: NOT FOUND for url: http://localhost:5000/update
2025-04-09 19:36:13,816 - WARNING - Attempt 2 failed to update Flask: 404 Client Error: NOT FOUND for url: http://localhost:5000/update
2025-04-09 19:36:17,880 - WARNING - Attempt 3 failed to update Flask: 404 Client Error: NOT FOUND for url: http://localhost:5000/update
2025-04-09 19:36:17,881 - ERROR - Failed to update Flask after multiple attempts
2025-04-09 19:36:19,927 - WARNING - Attempt 1 failed to update Flask: 404 Client Error: NOT FOUND for url: http://localhost:5000/update
2025-04-09 19:36:23,963 - WARNING - Attempt 2 failed to update Flask: 404 Client Error: NOT FOUND for url: http://localhost:5000/update
2025-04-09 19:36:28,001 - WARNING - Attempt 3 failed to update Flask: 404 Client Error: NOT FOUND for url: http://localhost:5000/update
2025-04-09 19:36:28,001 - ERROR - Failed to update Flask after multiple attempts
2025-04-09 19:36:30,048 - WARNING - Attempt 1 failed to update Flask: 404 Client Error: NOT FOUND for url: http://localhost:5000/update
2025-04-09 19:36:34,080 - WARNING - Attempt 2 failed to update Flask: 404 Client Error: NOT FOUND for url: http://localhost:5000/update
2025-04-09 19:36:38,118 - WARNING - Attempt 3 failed to update Flask: 404 Client Error: NOT FOUND for url: http://localhost:5000/update
2025-04-09 19:36:38,119 - ERROR - Failed to update Flask after multiple attempts
2025-04-09 19:36:40,171 - WARNING - Attempt 1 failed to update Flask: 404 Client Error: NOT FOUND for url: http://localhost:5000/update
2025-04-09 19:36:44,233 - WARNING - Attempt 2 failed to update Flask: 404 Client Error: NOT FOUND for url: http://localhost:5000/update
2025-04-09 19:36:48,283 - WARNING - Attempt 3 failed to update Flask: 404 Client Error: NOT FOUND for url: http://localhost:5000/update
2025-04-09 19:36:48,284 - ERROR - Failed to update Flask after multiple attempts
2025-04-09 19:36:50,361 - WARNING - Attempt 1 failed to update Flask: 404 Client Error: NOT FOUND for url: http://localhost:5000/update
2025-04-09 19:36:54,405 - WARNING - Attempt 2 failed to update Flask: 404 Client Error: NOT FOUND for url: http://localhost:5000/update
2025-04-09 19:36:58,453 - WARNING - Attempt 3 failed to update Flask: 404 Client Error: NOT FOUND for url: http://localhost:5000/update
2025-04-09 19:36:58,454 - ERROR - Failed to update Flask after multiple attempts
2025-04-09 19:37:00,518 - WARNING - Attempt 1 failed to update Flask: 404 Client Error: NOT FOUND for url: http://localhost:5000/update
2025-04-09 19:37:04,547 - WARNING - Attempt 2 failed to update Flask: 404 Client Error: NOT FOUND for url: http://localhost:5000/update
2025-04-09 19:37:08,582 - WARNING - Attempt 3 failed to update Flask: 404 Client Error: NOT FOUND for url: http://localhost:5000/update
2025-04-09 19:37:08,582 - ERROR - Failed to update Flask after multiple attempts
2025-04-09 19:37:10,633 - WARNING - Attempt 1 failed to update Flask: 404 Client Error: NOT FOUND for url: http://localhost:5000/update
2025-04-09 19:37:14,708 - WARNING - Attempt 2 failed to update Flask: 404 Client Error: NOT FOUND for url: http://localhost:5000/update
2025-04-09 19:37:18,750 - WARNING - Attempt 3 failed to update Flask: 404 Client Error: NOT FOUND for url: http://localhost:5000/update
2025-04-09 19:37:18,751 - ERROR - Failed to update Flask after multiple attempts
2025-04-09 19:37:20,800 - WARNING - Attempt 1 failed to update Flask: 404 Client Error: NOT FOUND for url: http://localhost:5000/update
2025-04-09 19:37:24,839 - WARNING - Attempt 2 failed to update Flask: 404 Client Error: NOT FOUND for url: http://localhost:5000/update
2025-04-09 19:37:28,897 - WARNING - Attempt 3 failed to update Flask: 404 Client Error: NOT FOUND for url: http://localhost:5000/update
2025-04-09 19:37:28,898 - ERROR - Failed to update Flask after multiple attempts
2025-04-09 19:37:30,950 - WARNING - Attempt 1 failed to update Flask: 404 Client Error: NOT FOUND for url: http://localhost:5000/update
2025-04-09 19:37:35,000 - WARNING - Attempt 2 failed to update Flask: 404 Client Error: NOT FOUND for url: http://localhost:5000/update
2025-04-09 19:37:39,075 - WARNING - Attempt 3 failed to update Flask: 404 Client Error: NOT FOUND for url: http://localhost:5000/update
2025-04-09 19:37:39,076 - ERROR - Failed to update Flask after multiple attempts
2025-04-09 19:37:41,138 - WARNING - Attempt 1 failed to update Flask: 404 Client Error: NOT FOUND for url: http://localhost:5000/update
2025-04-09 19:37:45,197 - WARNING - Attempt 2 failed to update Flask: 404 Client Error: NOT FOUND for url: http://localhost:5000/update
2025-04-09 19:37:49,267 - WARNING - Attempt 3 failed to update Flask: 404 Client Error: NOT FOUND for url: http://localhost:5000/update
2025-04-09 19:37:49,267 - ERROR - Failed to update Flask after multiple attempts
2025-04-09 19:37:51,388 - WARNING - Attempt 1 failed to update Flask: 404 Client Error: NOT FOUND for url: http://localhost:5000/update
2025-04-09 19:37:55,432 - WARNING - Attempt 2 failed to update Flask: 404 Client Error: NOT FOUND for url: http://localhost:5000/update
2025-04-09 19:37:59,494 - WARNING - Attempt 3 failed to update Flask: 404 Client Error: NOT FOUND for url: http://localhost:5000/update
2025-04-09 19:37:59,495 - ERROR - Failed to update Flask after multiple attempts
2025-04-09 19:38:01,531 - WARNING - Attempt 1 failed to update Flask: 404 Client Error: NOT FOUND for url: http://localhost:5000/update
2025-04-09 19:38:05,593 - WARNING - Attempt 2 failed to update Flask: 404 Client Error: NOT FOUND for url: http://localhost:5000/update
2025-04-09 19:38:09,640 - WARNING - Attempt 3 failed to update Flask: 404 Client Error: NOT FOUND for url: http://localhost:5000/update
2025-04-09 19:38:09,641 - ERROR - Failed to update Flask after multiple attempts
2025-04-09 19:38:11,697 - WARNING - Attempt 1 failed to update Flask: 404 Client Error: NOT FOUND for url: http://localhost:5000/update
2025-04-09 19:38:15,738 - WARNING - Attempt 2 failed to update Flask: 404 Client Error: NOT FOUND for url: http://localhost:5000/update
2025-04-09 19:38:19,779 - WARNING - Attempt 3 failed to update Flask: 404 Client Error: NOT FOUND for url: http://localhost:5000/update
2025-04-09 19:38:19,780 - ERROR - Failed to update Flask after multiple attempts
2025-04-09 19:38:21,833 - WARNING - Attempt 1 failed to update Flask: 404 Client Error: NOT FOUND for url: http://localhost:5000/update
2025-04-09 19:38:25,892 - WARNING - Attempt 2 failed to update Flask: 404 Client Error: NOT FOUND for url: http://localhost:5000/update
2025-04-09 19:38:29,950 - WARNING - Attempt 3 failed to update Flask: 404 Client Error: NOT FOUND for url: http://localhost:5000/update
2025-04-09 19:38:29,950 - ERROR - Failed to update Flask after multiple attempts
2025-04-09 19:38:31,985 - WARNING - Attempt 1 failed to update Flask: 404 Client Error: NOT FOUND for url: http://localhost:5000/update
2025-04-09 19:38:36,013 - WARNING - Attempt 2 failed to update Flask: 404 Client Error: NOT FOUND for url: http://localhost:5000/update
2025-04-09 19:38:40,069 - WARNING - Attempt 3 failed to update Flask: 404 Client Error: NOT FOUND for url: http://localhost:5000/update
2025-04-09 19:38:40,070 - ERROR - Failed to update Flask after multiple attempts
2025-04-09 19:38:42,134 - WARNING - Attempt 1 failed to update Flask: 404 Client Error: NOT FOUND for url: http://localhost:5000/update
2025-04-09 19:38:46,184 - WARNING - Attempt 2 failed to update Flask: 404 Client Error: NOT FOUND for url: http://localhost:5000/update
2025-04-09 19:38:50,216 - WARNING - Attempt 3 failed to update Flask: 404 Client Error: NOT FOUND for url: http://localhost:5000/update
2025-04-09 19:38:50,217 - ERROR - Failed to update Flask after multiple attempts
2025-04-09 19:38:52,260 - WARNING - Attempt 1 failed to update Flask: 404 Client Error: NOT FOUND for url: http://localhost:5000/update
2025-04-09 19:38:56,294 - WARNING - Attempt 2 failed to update Flask: 404 Client Error: NOT FOUND for url: http://localhost:5000/update
2025-04-09 19:39:00,319 - WARNING - Attempt 3 failed to update Flask: 404 Client Error: NOT FOUND for url: http://localhost:5000/update
2025-04-09 19:39:00,320 - ERROR - Failed to update Flask after multiple attempts
2025-04-09 19:39:02,395 - WARNING - Attempt 1 failed to update Flask: 404 Client Error: NOT FOUND for url: http://localhost:5000/update
2025-04-09 19:39:06,438 - WARNING - Attempt 2 failed to update Flask: 404 Client Error: NOT FOUND for url: http://localhost:5000/update
2025-04-09 19:46:40,581 - WARNING - Heartbeat session expired, marking coordinator dead
2025-04-09 19:46:40,581 - WARNING - Marking the coordinator dead (node coordinator-0) for group sentiment-group: Heartbeat session expired.
2025-04-09 19:46:41,433 - INFO - Group coordinator for sentiment-group is BrokerMetadata(nodeId='coordinator-0', host='LAPTOP-3AKB8UN6', port=9092, rack=None)
2025-04-09 19:46:41,547 - INFO - Discovered coordinator coordinator-0 for group sentiment-group
2025-04-09 19:46:42,080 - WARNING - Attempt 3 failed to update Flask: 404 Client Error: NOT FOUND for url: http://localhost:5000/update
2025-04-09 19:46:42,374 - ERROR - Failed to update Flask after multiple attempts
2025-04-09 19:46:44,858 - WARNING - Heartbeat: local member_id was not recognized; this consumer needs to re-join
2025-04-09 19:46:47,021 - WARNING - Attempt 1 failed to update Flask: 404 Client Error: NOT FOUND for url: http://localhost:5000/update
2025-04-09 19:46:51,080 - WARNING - Attempt 2 failed to update Flask: 404 Client Error: NOT FOUND for url: http://localhost:5000/update
2025-04-09 19:46:55,121 - WARNING - Attempt 3 failed to update Flask: 404 Client Error: NOT FOUND for url: http://localhost:5000/update
2025-04-09 19:46:55,122 - ERROR - Failed to update Flask after multiple attempts
2025-04-09 19:46:57,223 - WARNING - Attempt 1 failed to update Flask: 404 Client Error: NOT FOUND for url: http://localhost:5000/update
2025-04-09 19:47:01,255 - WARNING - Attempt 2 failed to update Flask: 404 Client Error: NOT FOUND for url: http://localhost:5000/update
2025-04-09 19:47:05,286 - WARNING - Attempt 3 failed to update Flask: 404 Client Error: NOT FOUND for url: http://localhost:5000/update
2025-04-09 19:47:05,287 - ERROR - Failed to update Flask after multiple attempts
2025-04-09 19:47:07,321 - WARNING - Attempt 1 failed to update Flask: 404 Client Error: NOT FOUND for url: http://localhost:5000/update
2025-04-09 19:47:11,384 - WARNING - Attempt 2 failed to update Flask: 404 Client Error: NOT FOUND for url: http://localhost:5000/update
2025-04-09 19:47:15,470 - WARNING - Attempt 3 failed to update Flask: 404 Client Error: NOT FOUND for url: http://localhost:5000/update
2025-04-09 19:47:15,471 - ERROR - Failed to update Flask after multiple attempts
2025-04-09 19:47:17,519 - WARNING - Attempt 1 failed to update Flask: 404 Client Error: NOT FOUND for url: http://localhost:5000/update
2025-04-09 19:47:21,564 - WARNING - Attempt 2 failed to update Flask: 404 Client Error: NOT FOUND for url: http://localhost:5000/update
2025-04-09 19:47:25,608 - WARNING - Attempt 3 failed to update Flask: 404 Client Error: NOT FOUND for url: http://localhost:5000/update
2025-04-09 19:47:25,609 - ERROR - Failed to update Flask after multiple attempts
2025-04-09 19:47:27,675 - WARNING - Attempt 1 failed to update Flask: 404 Client Error: NOT FOUND for url: http://localhost:5000/update
2025-04-09 19:47:31,727 - WARNING - Attempt 2 failed to update Flask: 404 Client Error: NOT FOUND for url: http://localhost:5000/update
2025-04-09 19:47:35,784 - WARNING - Attempt 3 failed to update Flask: 404 Client Error: NOT FOUND for url: http://localhost:5000/update
2025-04-09 19:47:35,803 - ERROR - Failed to update Flask after multiple attempts
2025-04-09 19:47:38,068 - WARNING - Attempt 1 failed to update Flask: 404 Client Error: NOT FOUND for url: http://localhost:5000/update
2025-04-09 19:47:42,127 - WARNING - Attempt 2 failed to update Flask: 404 Client Error: NOT FOUND for url: http://localhost:5000/update
2025-04-09 19:47:46,162 - WARNING - Attempt 3 failed to update Flask: 404 Client Error: NOT FOUND for url: http://localhost:5000/update
2025-04-09 19:47:46,163 - ERROR - Failed to update Flask after multiple attempts
2025-04-09 19:47:48,215 - WARNING - Attempt 1 failed to update Flask: 404 Client Error: NOT FOUND for url: http://localhost:5000/update
2025-04-09 19:47:52,262 - WARNING - Attempt 2 failed to update Flask: 404 Client Error: NOT FOUND for url: http://localhost:5000/update
2025-04-09 19:47:56,327 - WARNING - Attempt 3 failed to update Flask: 404 Client Error: NOT FOUND for url: http://localhost:5000/update
2025-04-09 19:47:56,328 - ERROR - Failed to update Flask after multiple attempts
2025-04-09 19:47:58,402 - WARNING - Attempt 1 failed to update Flask: 404 Client Error: NOT FOUND for url: http://localhost:5000/update
2025-04-09 19:48:02,465 - WARNING - Attempt 2 failed to update Flask: 404 Client Error: NOT FOUND for url: http://localhost:5000/update
2025-04-09 19:48:06,500 - WARNING - Attempt 3 failed to update Flask: 404 Client Error: NOT FOUND for url: http://localhost:5000/update
2025-04-09 19:48:06,501 - ERROR - Failed to update Flask after multiple attempts
2025-04-09 19:48:08,574 - WARNING - Attempt 1 failed to update Flask: 404 Client Error: NOT FOUND for url: http://localhost:5000/update
2025-04-09 19:48:12,627 - WARNING - Attempt 2 failed to update Flask: 404 Client Error: NOT FOUND for url: http://localhost:5000/update
2025-04-09 19:48:16,683 - WARNING - Attempt 3 failed to update Flask: 404 Client Error: NOT FOUND for url: http://localhost:5000/update
2025-04-09 19:48:16,683 - ERROR - Failed to update Flask after multiple attempts
2025-04-09 19:48:18,746 - WARNING - Attempt 1 failed to update Flask: 404 Client Error: NOT FOUND for url: http://localhost:5000/update
2025-04-09 19:48:22,823 - WARNING - Attempt 2 failed to update Flask: 404 Client Error: NOT FOUND for url: http://localhost:5000/update
2025-04-09 19:48:26,873 - WARNING - Attempt 3 failed to update Flask: 404 Client Error: NOT FOUND for url: http://localhost:5000/update
2025-04-09 19:48:26,874 - ERROR - Failed to update Flask after multiple attempts
2025-04-09 19:48:28,941 - WARNING - Attempt 1 failed to update Flask: 404 Client Error: NOT FOUND for url: http://localhost:5000/update
2025-04-09 19:48:32,993 - WARNING - Attempt 2 failed to update Flask: 404 Client Error: NOT FOUND for url: http://localhost:5000/update
2025-04-09 19:48:37,023 - WARNING - Attempt 3 failed to update Flask: 404 Client Error: NOT FOUND for url: http://localhost:5000/update
2025-04-09 19:48:37,024 - ERROR - Failed to update Flask after multiple attempts
2025-04-09 19:48:39,067 - WARNING - Attempt 1 failed to update Flask: 404 Client Error: NOT FOUND for url: http://localhost:5000/update
2025-04-09 19:48:43,146 - WARNING - Attempt 2 failed to update Flask: 404 Client Error: NOT FOUND for url: http://localhost:5000/update
2025-04-09 19:48:47,207 - WARNING - Attempt 3 failed to update Flask: 404 Client Error: NOT FOUND for url: http://localhost:5000/update
2025-04-09 19:48:47,208 - ERROR - Failed to update Flask after multiple attempts
2025-04-09 19:48:49,257 - WARNING - Attempt 1 failed to update Flask: 404 Client Error: NOT FOUND for url: http://localhost:5000/update
2025-04-09 19:48:53,284 - WARNING - Attempt 2 failed to update Flask: 404 Client Error: NOT FOUND for url: http://localhost:5000/update
2025-04-09 19:48:57,339 - WARNING - Attempt 3 failed to update Flask: 404 Client Error: NOT FOUND for url: http://localhost:5000/update
2025-04-09 19:48:57,340 - ERROR - Failed to update Flask after multiple attempts
2025-04-09 19:48:59,404 - WARNING - Attempt 1 failed to update Flask: 404 Client Error: NOT FOUND for url: http://localhost:5000/update
2025-04-09 19:49:03,461 - WARNING - Attempt 2 failed to update Flask: 404 Client Error: NOT FOUND for url: http://localhost:5000/update
2025-04-09 19:49:07,521 - WARNING - Attempt 3 failed to update Flask: 404 Client Error: NOT FOUND for url: http://localhost:5000/update
2025-04-09 19:49:07,521 - ERROR - Failed to update Flask after multiple attempts
2025-04-09 19:49:09,575 - WARNING - Attempt 1 failed to update Flask: 404 Client Error: NOT FOUND for url: http://localhost:5000/update
2025-04-09 19:49:13,637 - WARNING - Attempt 2 failed to update Flask: 404 Client Error: NOT FOUND for url: http://localhost:5000/update
2025-04-09 19:49:17,680 - WARNING - Attempt 3 failed to update Flask: 404 Client Error: NOT FOUND for url: http://localhost:5000/update
2025-04-09 19:49:17,680 - ERROR - Failed to update Flask after multiple attempts
2025-04-09 19:49:19,734 - WARNING - Attempt 1 failed to update Flask: 404 Client Error: NOT FOUND for url: http://localhost:5000/update
2025-04-09 19:49:23,790 - WARNING - Attempt 2 failed to update Flask: 404 Client Error: NOT FOUND for url: http://localhost:5000/update
2025-04-09 19:49:27,833 - WARNING - Attempt 3 failed to update Flask: 404 Client Error: NOT FOUND for url: http://localhost:5000/update
2025-04-09 19:49:27,834 - ERROR - Failed to update Flask after multiple attempts
2025-04-09 19:49:29,903 - WARNING - Attempt 1 failed to update Flask: 404 Client Error: NOT FOUND for url: http://localhost:5000/update
2025-04-09 19:49:33,949 - WARNING - Attempt 2 failed to update Flask: 404 Client Error: NOT FOUND for url: http://localhost:5000/update
2025-04-09 19:49:37,996 - WARNING - Attempt 3 failed to update Flask: 404 Client Error: NOT FOUND for url: http://localhost:5000/update
2025-04-09 19:49:37,997 - ERROR - Failed to update Flask after multiple attempts
2025-04-09 19:49:40,056 - WARNING - Attempt 1 failed to update Flask: 404 Client Error: NOT FOUND for url: http://localhost:5000/update
2025-04-09 19:49:44,099 - WARNING - Attempt 2 failed to update Flask: 404 Client Error: NOT FOUND for url: http://localhost:5000/update
2025-04-09 19:49:48,146 - WARNING - Attempt 3 failed to update Flask: 404 Client Error: NOT FOUND for url: http://localhost:5000/update
2025-04-09 19:49:48,146 - ERROR - Failed to update Flask after multiple attempts
2025-04-09 19:49:50,216 - WARNING - Attempt 1 failed to update Flask: 404 Client Error: NOT FOUND for url: http://localhost:5000/update
2025-04-09 19:49:54,255 - WARNING - Attempt 2 failed to update Flask: 404 Client Error: NOT FOUND for url: http://localhost:5000/update
2025-04-09 19:49:58,312 - WARNING - Attempt 3 failed to update Flask: 404 Client Error: NOT FOUND for url: http://localhost:5000/update
2025-04-09 19:49:58,313 - ERROR - Failed to update Flask after multiple attempts
2025-04-09 19:50:00,381 - WARNING - Attempt 1 failed to update Flask: 404 Client Error: NOT FOUND for url: http://localhost:5000/update
2025-04-09 19:50:04,434 - WARNING - Attempt 2 failed to update Flask: 404 Client Error: NOT FOUND for url: http://localhost:5000/update
2025-04-09 19:50:08,493 - WARNING - Attempt 3 failed to update Flask: 404 Client Error: NOT FOUND for url: http://localhost:5000/update
2025-04-09 19:50:08,494 - ERROR - Failed to update Flask after multiple attempts
2025-04-09 19:50:10,564 - WARNING - Attempt 1 failed to update Flask: 404 Client Error: NOT FOUND for url: http://localhost:5000/update
2025-04-09 19:50:14,614 - WARNING - Attempt 2 failed to update Flask: 404 Client Error: NOT FOUND for url: http://localhost:5000/update
2025-04-09 19:50:18,679 - WARNING - Attempt 3 failed to update Flask: 404 Client Error: NOT FOUND for url: http://localhost:5000/update
2025-04-09 19:50:18,680 - ERROR - Failed to update Flask after multiple attempts
2025-04-09 19:50:20,738 - WARNING - Attempt 1 failed to update Flask: 404 Client Error: NOT FOUND for url: http://localhost:5000/update
2025-04-09 19:50:24,795 - WARNING - Attempt 2 failed to update Flask: 404 Client Error: NOT FOUND for url: http://localhost:5000/update
2025-04-09 19:50:28,838 - WARNING - Attempt 3 failed to update Flask: 404 Client Error: NOT FOUND for url: http://localhost:5000/update
2025-04-09 19:50:28,839 - ERROR - Failed to update Flask after multiple attempts
2025-04-09 19:50:30,905 - WARNING - Attempt 1 failed to update Flask: 404 Client Error: NOT FOUND for url: http://localhost:5000/update
2025-04-09 19:50:34,945 - WARNING - Attempt 2 failed to update Flask: 404 Client Error: NOT FOUND for url: http://localhost:5000/update
2025-04-09 19:50:38,989 - WARNING - Attempt 3 failed to update Flask: 404 Client Error: NOT FOUND for url: http://localhost:5000/update
2025-04-09 19:50:38,990 - ERROR - Failed to update Flask after multiple attempts
2025-04-09 19:50:41,056 - WARNING - Attempt 1 failed to update Flask: 404 Client Error: NOT FOUND for url: http://localhost:5000/update
2025-04-09 19:50:45,086 - WARNING - Attempt 2 failed to update Flask: 404 Client Error: NOT FOUND for url: http://localhost:5000/update
2025-04-09 19:50:49,143 - WARNING - Attempt 3 failed to update Flask: 404 Client Error: NOT FOUND for url: http://localhost:5000/update
2025-04-09 19:50:49,144 - ERROR - Failed to update Flask after multiple attempts
2025-04-09 19:50:51,202 - WARNING - Attempt 1 failed to update Flask: 404 Client Error: NOT FOUND for url: http://localhost:5000/update
2025-04-09 19:50:55,257 - WARNING - Attempt 2 failed to update Flask: 404 Client Error: NOT FOUND for url: http://localhost:5000/update
2025-04-09 19:50:59,316 - WARNING - Attempt 3 failed to update Flask: 404 Client Error: NOT FOUND for url: http://localhost:5000/update
2025-04-09 19:50:59,317 - ERROR - Failed to update Flask after multiple attempts
2025-04-09 19:51:01,390 - WARNING - Attempt 1 failed to update Flask: 404 Client Error: NOT FOUND for url: http://localhost:5000/update
2025-04-09 19:51:05,834 - WARNING - Attempt 2 failed to update Flask: 404 Client Error: NOT FOUND for url: http://localhost:5000/update
2025-04-09 19:51:09,874 - WARNING - Attempt 3 failed to update Flask: 404 Client Error: NOT FOUND for url: http://localhost:5000/update
2025-04-09 19:51:09,875 - ERROR - Failed to update Flask after multiple attempts
2025-04-09 19:51:11,942 - WARNING - Attempt 1 failed to update Flask: 404 Client Error: NOT FOUND for url: http://localhost:5000/update
2025-04-09 19:51:15,985 - WARNING - Attempt 2 failed to update Flask: 404 Client Error: NOT FOUND for url: http://localhost:5000/update
2025-04-09 19:51:20,042 - WARNING - Attempt 3 failed to update Flask: 404 Client Error: NOT FOUND for url: http://localhost:5000/update
2025-04-09 19:51:20,043 - ERROR - Failed to update Flask after multiple attempts
2025-04-09 19:51:22,102 - WARNING - Attempt 1 failed to update Flask: 404 Client Error: NOT FOUND for url: http://localhost:5000/update
2025-04-09 19:51:26,147 - WARNING - Attempt 2 failed to update Flask: 404 Client Error: NOT FOUND for url: http://localhost:5000/update
2025-04-09 19:51:30,212 - WARNING - Attempt 3 failed to update Flask: 404 Client Error: NOT FOUND for url: http://localhost:5000/update
2025-04-09 19:51:30,212 - ERROR - Failed to update Flask after multiple attempts
2025-04-09 19:51:32,281 - WARNING - Attempt 1 failed to update Flask: 404 Client Error: NOT FOUND for url: http://localhost:5000/update
2025-04-09 19:51:36,335 - WARNING - Attempt 2 failed to update Flask: 404 Client Error: NOT FOUND for url: http://localhost:5000/update
2025-04-09 19:51:40,380 - WARNING - Attempt 3 failed to update Flask: 404 Client Error: NOT FOUND for url: http://localhost:5000/update
2025-04-09 19:51:40,381 - ERROR - Failed to update Flask after multiple attempts
2025-04-09 19:51:42,424 - WARNING - Attempt 1 failed to update Flask: 404 Client Error: NOT FOUND for url: http://localhost:5000/update
2025-04-09 19:51:46,468 - WARNING - Attempt 2 failed to update Flask: 404 Client Error: NOT FOUND for url: http://localhost:5000/update
2025-04-09 19:51:50,536 - WARNING - Attempt 3 failed to update Flask: 404 Client Error: NOT FOUND for url: http://localhost:5000/update
2025-04-09 19:51:50,537 - ERROR - Failed to update Flask after multiple attempts
2025-04-09 19:51:52,616 - WARNING - Attempt 1 failed to update Flask: 404 Client Error: NOT FOUND for url: http://localhost:5000/update
2025-04-09 19:51:56,657 - WARNING - Attempt 2 failed to update Flask: 404 Client Error: NOT FOUND for url: http://localhost:5000/update
2025-04-09 19:52:00,680 - WARNING - Attempt 3 failed to update Flask: 404 Client Error: NOT FOUND for url: http://localhost:5000/update
2025-04-09 19:52:00,680 - ERROR - Failed to update Flask after multiple attempts
2025-04-09 19:52:02,764 - WARNING - Attempt 1 failed to update Flask: 404 Client Error: NOT FOUND for url: http://localhost:5000/update
2025-04-09 19:52:06,812 - WARNING - Attempt 2 failed to update Flask: 404 Client Error: NOT FOUND for url: http://localhost:5000/update
2025-04-09 19:52:10,843 - WARNING - Attempt 3 failed to update Flask: 404 Client Error: NOT FOUND for url: http://localhost:5000/update
2025-04-09 19:52:10,844 - ERROR - Failed to update Flask after multiple attempts
2025-04-09 19:52:12,913 - WARNING - Attempt 1 failed to update Flask: 404 Client Error: NOT FOUND for url: http://localhost:5000/update
2025-04-09 19:52:16,957 - WARNING - Attempt 2 failed to update Flask: 404 Client Error: NOT FOUND for url: http://localhost:5000/update
2025-04-09 19:52:21,002 - WARNING - Attempt 3 failed to update Flask: 404 Client Error: NOT FOUND for url: http://localhost:5000/update
2025-04-09 19:52:21,002 - ERROR - Failed to update Flask after multiple attempts
2025-04-09 19:52:23,059 - WARNING - Attempt 1 failed to update Flask: 404 Client Error: NOT FOUND for url: http://localhost:5000/update
2025-04-09 19:52:27,108 - WARNING - Attempt 2 failed to update Flask: 404 Client Error: NOT FOUND for url: http://localhost:5000/update
2025-04-09 19:52:31,173 - WARNING - Attempt 3 failed to update Flask: 404 Client Error: NOT FOUND for url: http://localhost:5000/update
2025-04-09 19:52:31,174 - ERROR - Failed to update Flask after multiple attempts
2025-04-09 19:52:33,255 - WARNING - Attempt 1 failed to update Flask: 404 Client Error: NOT FOUND for url: http://localhost:5000/update
2025-04-09 19:52:37,314 - WARNING - Attempt 2 failed to update Flask: 404 Client Error: NOT FOUND for url: http://localhost:5000/update
2025-04-09 19:52:41,375 - WARNING - Attempt 3 failed to update Flask: 404 Client Error: NOT FOUND for url: http://localhost:5000/update
2025-04-09 19:52:41,375 - ERROR - Failed to update Flask after multiple attempts
2025-04-09 19:52:43,445 - WARNING - Attempt 1 failed to update Flask: 404 Client Error: NOT FOUND for url: http://localhost:5000/update
2025-04-09 19:52:47,476 - WARNING - Attempt 2 failed to update Flask: 404 Client Error: NOT FOUND for url: http://localhost:5000/update
2025-04-09 19:52:51,521 - WARNING - Attempt 3 failed to update Flask: 404 Client Error: NOT FOUND for url: http://localhost:5000/update
2025-04-09 19:52:51,521 - ERROR - Failed to update Flask after multiple attempts
2025-04-09 19:52:53,587 - WARNING - Attempt 1 failed to update Flask: 404 Client Error: NOT FOUND for url: http://localhost:5000/update
2025-04-09 19:52:57,661 - WARNING - Attempt 2 failed to update Flask: 404 Client Error: NOT FOUND for url: http://localhost:5000/update
2025-04-09 19:53:00,699 - INFO - <BrokerConnection client_id=kafka-python-2.1.2, node_id=bootstrap-0 host=localhost:9092 <connecting> [IPv6 ('::1', 9092, 0, 0)]>: connecting to localhost:9092 [('::1', 9092, 0, 0) IPv6]
2025-04-09 19:53:00,702 - INFO - Broker version identified as 2.6
2025-04-09 19:53:00,703 - INFO - <BrokerConnection client_id=kafka-python-2.1.2, node_id=bootstrap-0 host=localhost:9092 <checking_api_versions_recv> [IPv6 ('::1', 9092, 0, 0)]>: Connection complete.
2025-04-09 19:53:00,704 - INFO - Updating subscribed topics to: ('tweets',)
2025-04-09 19:53:00,704 - INFO - Consumer started successfully
2025-04-09 19:53:00,707 - INFO - <BrokerConnection client_id=kafka-python-2.1.2, node_id=0 host=LAPTOP-3AKB8UN6:9092 <connecting> [IPv6 ('fe80::5d24:cec2:79ae:1be9', 9092, 0, 16)]>: connecting to LAPTOP-3AKB8UN6:9092 [('fe80::5d24:cec2:79ae:1be9', 9092, 0, 16) IPv6]
2025-04-09 19:53:00,708 - INFO - <BrokerConnection client_id=kafka-python-2.1.2, node_id=0 host=LAPTOP-3AKB8UN6:9092 <checking_api_versions_send> [IPv6 ('fe80::5d24:cec2:79ae:1be9', 9092, 0, 16)]>: Connection complete.
2025-04-09 19:53:00,709 - INFO - <BrokerConnection client_id=kafka-python-2.1.2, node_id=bootstrap-0 host=localhost:9092 <connected> [IPv6 ('::1', 9092, 0, 0)]>: Closing connection. 
2025-04-09 19:53:00,814 - INFO - Group coordinator for sentiment-group is BrokerMetadata(nodeId='coordinator-0', host='LAPTOP-3AKB8UN6', port=9092, rack=None)
2025-04-09 19:53:00,814 - INFO - Discovered coordinator coordinator-0 for group sentiment-group
2025-04-09 19:53:00,815 - INFO - Starting new heartbeat thread
2025-04-09 19:53:00,816 - INFO - Revoking previously assigned partitions set() for group sentiment-group
2025-04-09 19:53:00,817 - INFO - <BrokerConnection client_id=kafka-python-2.1.2, node_id=coordinator-0 host=LAPTOP-3AKB8UN6:9092 <connecting> [IPv6 ('fe80::5d24:cec2:79ae:1be9', 9092, 0, 16)]>: connecting to LAPTOP-3AKB8UN6:9092 [('fe80::5d24:cec2:79ae:1be9', 9092, 0, 16) IPv6]
2025-04-09 19:53:00,818 - INFO - <BrokerConnection client_id=kafka-python-2.1.2, node_id=coordinator-0 host=LAPTOP-3AKB8UN6:9092 <checking_api_versions_send> [IPv6 ('fe80::5d24:cec2:79ae:1be9', 9092, 0, 16)]>: Connection complete.
2025-04-09 19:53:00,919 - INFO - (Re-)joining group sentiment-group
2025-04-09 19:53:00,931 - INFO - Elected group leader -- performing partition assignments using range
2025-04-09 19:53:00,941 - INFO - Successfully joined group sentiment-group with generation 3
2025-04-09 19:53:00,941 - INFO - Updated partition assignment: [TopicPartition(topic='tweets', partition=0)]
2025-04-09 19:53:00,942 - INFO - Setting newly assigned partitions {TopicPartition(topic='tweets', partition=0)} for group sentiment-group
2025-04-09 19:53:01,702 - WARNING - Attempt 3 failed to update Flask: 404 Client Error: NOT FOUND for url: http://localhost:5000/update
2025-04-09 19:53:01,703 - ERROR - Failed to update Flask after multiple attempts
2025-04-09 19:53:03,072 - WARNING - Attempt 1 failed to update Flask: 404 Client Error: NOT FOUND for url: http://localhost:5000/update
2025-04-09 19:53:03,763 - WARNING - Attempt 1 failed to update Flask: 404 Client Error: NOT FOUND for url: http://localhost:5000/update
2025-04-09 19:53:07,118 - WARNING - Attempt 2 failed to update Flask: 404 Client Error: NOT FOUND for url: http://localhost:5000/update
2025-04-09 19:53:07,808 - WARNING - Attempt 2 failed to update Flask: 404 Client Error: NOT FOUND for url: http://localhost:5000/update
2025-04-09 19:53:11,175 - WARNING - Attempt 3 failed to update Flask: 404 Client Error: NOT FOUND for url: http://localhost:5000/update
2025-04-09 19:53:11,176 - ERROR - Failed to update Flask after multiple attempts
2025-04-09 19:53:11,860 - WARNING - Attempt 3 failed to update Flask: 404 Client Error: NOT FOUND for url: http://localhost:5000/update
2025-04-09 19:53:11,860 - ERROR - Failed to update Flask after multiple attempts
2025-04-09 19:53:13,251 - WARNING - Attempt 1 failed to update Flask: 404 Client Error: NOT FOUND for url: http://localhost:5000/update
2025-04-09 19:53:13,920 - WARNING - Attempt 1 failed to update Flask: 404 Client Error: NOT FOUND for url: http://localhost:5000/update
2025-04-09 19:53:17,300 - WARNING - Attempt 2 failed to update Flask: 404 Client Error: NOT FOUND for url: http://localhost:5000/update
2025-04-09 19:53:17,950 - WARNING - Attempt 2 failed to update Flask: 404 Client Error: NOT FOUND for url: http://localhost:5000/update
2025-04-09 19:53:21,364 - WARNING - Attempt 3 failed to update Flask: 404 Client Error: NOT FOUND for url: http://localhost:5000/update
2025-04-09 19:53:21,364 - ERROR - Failed to update Flask after multiple attempts
2025-04-09 19:53:22,011 - WARNING - Attempt 3 failed to update Flask: 404 Client Error: NOT FOUND for url: http://localhost:5000/update
2025-04-09 19:53:22,011 - ERROR - Failed to update Flask after multiple attempts
2025-04-09 19:53:23,431 - WARNING - Attempt 1 failed to update Flask: 404 Client Error: NOT FOUND for url: http://localhost:5000/update
2025-04-09 19:53:24,057 - WARNING - Attempt 1 failed to update Flask: 404 Client Error: NOT FOUND for url: http://localhost:5000/update
2025-04-09 19:53:27,470 - WARNING - Attempt 2 failed to update Flask: 404 Client Error: NOT FOUND for url: http://localhost:5000/update
2025-04-09 19:53:28,111 - WARNING - Attempt 2 failed to update Flask: 404 Client Error: NOT FOUND for url: http://localhost:5000/update
2025-04-09 19:53:31,503 - WARNING - Attempt 3 failed to update Flask: 404 Client Error: NOT FOUND for url: http://localhost:5000/update
2025-04-09 19:53:31,504 - ERROR - Failed to update Flask after multiple attempts
2025-04-09 19:53:32,153 - WARNING - Attempt 3 failed to update Flask: 404 Client Error: NOT FOUND for url: http://localhost:5000/update
2025-04-09 19:53:32,154 - ERROR - Failed to update Flask after multiple attempts
2025-04-09 19:53:33,589 - WARNING - Attempt 1 failed to update Flask: 404 Client Error: NOT FOUND for url: http://localhost:5000/update
2025-04-09 19:53:34,204 - WARNING - Attempt 1 failed to update Flask: 404 Client Error: NOT FOUND for url: http://localhost:5000/update
2025-04-09 19:53:37,637 - WARNING - Attempt 2 failed to update Flask: 404 Client Error: NOT FOUND for url: http://localhost:5000/update
2025-04-09 19:53:38,252 - WARNING - Attempt 2 failed to update Flask: 404 Client Error: NOT FOUND for url: http://localhost:5000/update
2025-04-09 19:53:41,698 - WARNING - Attempt 3 failed to update Flask: 404 Client Error: NOT FOUND for url: http://localhost:5000/update
2025-04-09 19:53:41,699 - ERROR - Failed to update Flask after multiple attempts
2025-04-09 19:53:42,306 - WARNING - Attempt 3 failed to update Flask: 404 Client Error: NOT FOUND for url: http://localhost:5000/update
2025-04-09 19:53:42,307 - ERROR - Failed to update Flask after multiple attempts
2025-04-09 19:53:43,745 - WARNING - Attempt 1 failed to update Flask: 404 Client Error: NOT FOUND for url: http://localhost:5000/update
2025-04-09 19:53:44,366 - WARNING - Attempt 1 failed to update Flask: 404 Client Error: NOT FOUND for url: http://localhost:5000/update
2025-04-09 19:53:47,792 - WARNING - Attempt 2 failed to update Flask: 404 Client Error: NOT FOUND for url: http://localhost:5000/update
2025-04-09 19:53:48,400 - WARNING - Attempt 2 failed to update Flask: 404 Client Error: NOT FOUND for url: http://localhost:5000/update
2025-04-09 19:53:51,847 - WARNING - Attempt 3 failed to update Flask: 404 Client Error: NOT FOUND for url: http://localhost:5000/update
2025-04-09 19:53:51,848 - ERROR - Failed to update Flask after multiple attempts
2025-04-09 19:53:52,454 - WARNING - Attempt 3 failed to update Flask: 404 Client Error: NOT FOUND for url: http://localhost:5000/update
2025-04-09 19:53:52,455 - ERROR - Failed to update Flask after multiple attempts
2025-04-09 19:53:53,943 - WARNING - Attempt 1 failed to update Flask: 404 Client Error: NOT FOUND for url: http://localhost:5000/update
2025-04-09 19:53:54,532 - WARNING - Attempt 1 failed to update Flask: 404 Client Error: NOT FOUND for url: http://localhost:5000/update
2025-04-09 19:53:58,011 - WARNING - Attempt 2 failed to update Flask: 404 Client Error: NOT FOUND for url: http://localhost:5000/update
2025-04-09 19:53:58,587 - WARNING - Attempt 2 failed to update Flask: 404 Client Error: NOT FOUND for url: http://localhost:5000/update
2025-04-09 19:54:02,075 - WARNING - Attempt 3 failed to update Flask: 404 Client Error: NOT FOUND for url: http://localhost:5000/update
2025-04-09 19:54:02,075 - ERROR - Failed to update Flask after multiple attempts
2025-04-09 19:54:02,652 - WARNING - Attempt 3 failed to update Flask: 404 Client Error: NOT FOUND for url: http://localhost:5000/update
2025-04-09 19:54:02,653 - ERROR - Failed to update Flask after multiple attempts
2025-04-09 19:54:04,148 - WARNING - Attempt 1 failed to update Flask: 404 Client Error: NOT FOUND for url: http://localhost:5000/update
2025-04-09 19:54:04,720 - WARNING - Attempt 1 failed to update Flask: 404 Client Error: NOT FOUND for url: http://localhost:5000/update
2025-04-09 19:54:08,224 - WARNING - Attempt 2 failed to update Flask: 404 Client Error: NOT FOUND for url: http://localhost:5000/update
2025-04-09 19:54:08,783 - WARNING - Attempt 2 failed to update Flask: 404 Client Error: NOT FOUND for url: http://localhost:5000/update
2025-04-09 19:54:12,274 - WARNING - Attempt 3 failed to update Flask: 404 Client Error: NOT FOUND for url: http://localhost:5000/update
2025-04-09 19:54:12,274 - ERROR - Failed to update Flask after multiple attempts
2025-04-09 19:54:12,837 - WARNING - Attempt 3 failed to update Flask: 404 Client Error: NOT FOUND for url: http://localhost:5000/update
2025-04-09 19:54:12,838 - ERROR - Failed to update Flask after multiple attempts
2025-04-09 19:54:14,341 - WARNING - Attempt 1 failed to update Flask: 404 Client Error: NOT FOUND for url: http://localhost:5000/update
2025-04-09 19:54:14,903 - WARNING - Attempt 1 failed to update Flask: 404 Client Error: NOT FOUND for url: http://localhost:5000/update
2025-04-09 19:54:18,387 - WARNING - Attempt 2 failed to update Flask: 404 Client Error: NOT FOUND for url: http://localhost:5000/update
2025-04-09 19:54:18,947 - WARNING - Attempt 2 failed to update Flask: 404 Client Error: NOT FOUND for url: http://localhost:5000/update
2025-04-09 19:54:22,443 - WARNING - Attempt 3 failed to update Flask: 404 Client Error: NOT FOUND for url: http://localhost:5000/update
2025-04-09 19:54:22,444 - ERROR - Failed to update Flask after multiple attempts
2025-04-09 19:54:23,000 - WARNING - Attempt 3 failed to update Flask: 404 Client Error: NOT FOUND for url: http://localhost:5000/update
2025-04-09 19:54:23,001 - ERROR - Failed to update Flask after multiple attempts
2025-04-09 19:54:24,511 - WARNING - Attempt 1 failed to update Flask: 404 Client Error: NOT FOUND for url: http://localhost:5000/update
2025-04-09 19:54:25,040 - WARNING - Attempt 1 failed to update Flask: 404 Client Error: NOT FOUND for url: http://localhost:5000/update
2025-04-09 19:54:28,562 - WARNING - Attempt 2 failed to update Flask: 404 Client Error: NOT FOUND for url: http://localhost:5000/update
2025-04-09 19:54:29,078 - WARNING - Attempt 2 failed to update Flask: 404 Client Error: NOT FOUND for url: http://localhost:5000/update
2025-04-09 19:54:32,601 - WARNING - Attempt 3 failed to update Flask: 404 Client Error: NOT FOUND for url: http://localhost:5000/update
2025-04-09 19:54:32,602 - ERROR - Failed to update Flask after multiple attempts
2025-04-09 19:54:33,120 - WARNING - Attempt 3 failed to update Flask: 404 Client Error: NOT FOUND for url: http://localhost:5000/update
2025-04-09 19:54:33,121 - ERROR - Failed to update Flask after multiple attempts
2025-04-09 19:54:34,669 - WARNING - Attempt 1 failed to update Flask: 404 Client Error: NOT FOUND for url: http://localhost:5000/update
2025-04-09 19:54:35,183 - WARNING - Attempt 1 failed to update Flask: 404 Client Error: NOT FOUND for url: http://localhost:5000/update
2025-04-09 19:54:38,718 - WARNING - Attempt 2 failed to update Flask: 404 Client Error: NOT FOUND for url: http://localhost:5000/update
2025-04-09 19:54:39,234 - WARNING - Attempt 2 failed to update Flask: 404 Client Error: NOT FOUND for url: http://localhost:5000/update
2025-04-09 19:54:42,778 - WARNING - Attempt 3 failed to update Flask: 404 Client Error: NOT FOUND for url: http://localhost:5000/update
2025-04-09 19:54:42,779 - ERROR - Failed to update Flask after multiple attempts
2025-04-09 19:54:43,292 - WARNING - Attempt 3 failed to update Flask: 404 Client Error: NOT FOUND for url: http://localhost:5000/update
2025-04-09 19:54:43,293 - ERROR - Failed to update Flask after multiple attempts
2025-04-09 19:54:44,838 - WARNING - Attempt 1 failed to update Flask: 404 Client Error: NOT FOUND for url: http://localhost:5000/update
2025-04-09 19:54:45,353 - WARNING - Attempt 1 failed to update Flask: 404 Client Error: NOT FOUND for url: http://localhost:5000/update
2025-04-09 19:54:48,896 - WARNING - Attempt 2 failed to update Flask: 404 Client Error: NOT FOUND for url: http://localhost:5000/update
2025-04-09 19:54:49,394 - WARNING - Attempt 2 failed to update Flask: 404 Client Error: NOT FOUND for url: http://localhost:5000/update
2025-04-09 19:54:52,936 - WARNING - Attempt 3 failed to update Flask: 404 Client Error: NOT FOUND for url: http://localhost:5000/update
2025-04-09 19:54:52,937 - ERROR - Failed to update Flask after multiple attempts
2025-04-09 19:54:53,437 - WARNING - Attempt 3 failed to update Flask: 404 Client Error: NOT FOUND for url: http://localhost:5000/update
2025-04-09 19:54:53,437 - ERROR - Failed to update Flask after multiple attempts
2025-04-09 19:54:54,991 - WARNING - Attempt 1 failed to update Flask: 404 Client Error: NOT FOUND for url: http://localhost:5000/update
2025-04-09 19:54:55,489 - WARNING - Attempt 1 failed to update Flask: 404 Client Error: NOT FOUND for url: http://localhost:5000/update
2025-04-09 19:54:59,068 - WARNING - Attempt 2 failed to update Flask: 404 Client Error: NOT FOUND for url: http://localhost:5000/update
2025-04-09 19:54:59,552 - WARNING - Attempt 2 failed to update Flask: 404 Client Error: NOT FOUND for url: http://localhost:5000/update
2025-04-09 19:55:03,119 - WARNING - Attempt 3 failed to update Flask: 404 Client Error: NOT FOUND for url: http://localhost:5000/update
2025-04-09 19:55:03,119 - ERROR - Failed to update Flask after multiple attempts
2025-04-09 19:55:03,588 - WARNING - Attempt 3 failed to update Flask: 404 Client Error: NOT FOUND for url: http://localhost:5000/update
2025-04-09 19:55:03,588 - ERROR - Failed to update Flask after multiple attempts
2025-04-09 19:55:05,169 - WARNING - Attempt 1 failed to update Flask: 404 Client Error: NOT FOUND for url: http://localhost:5000/update
2025-04-09 19:55:05,664 - WARNING - Attempt 1 failed to update Flask: 404 Client Error: NOT FOUND for url: http://localhost:5000/update
2025-04-09 19:55:09,205 - WARNING - Attempt 2 failed to update Flask: 404 Client Error: NOT FOUND for url: http://localhost:5000/update
2025-04-09 19:55:09,692 - WARNING - Attempt 2 failed to update Flask: 404 Client Error: NOT FOUND for url: http://localhost:5000/update
2025-04-09 19:55:13,265 - WARNING - Attempt 3 failed to update Flask: 404 Client Error: NOT FOUND for url: http://localhost:5000/update
2025-04-09 19:55:13,266 - ERROR - Failed to update Flask after multiple attempts
2025-04-09 19:55:13,733 - WARNING - Attempt 3 failed to update Flask: 404 Client Error: NOT FOUND for url: http://localhost:5000/update
2025-04-09 19:55:13,733 - ERROR - Failed to update Flask after multiple attempts
2025-04-09 19:55:15,341 - WARNING - Attempt 1 failed to update Flask: 404 Client Error: NOT FOUND for url: http://localhost:5000/update
2025-04-09 19:55:15,809 - WARNING - Attempt 1 failed to update Flask: 404 Client Error: NOT FOUND for url: http://localhost:5000/update
2025-04-09 19:55:19,372 - WARNING - Attempt 2 failed to update Flask: 404 Client Error: NOT FOUND for url: http://localhost:5000/update
2025-04-09 19:55:19,855 - WARNING - Attempt 2 failed to update Flask: 404 Client Error: NOT FOUND for url: http://localhost:5000/update
2025-04-09 19:55:23,403 - WARNING - Attempt 3 failed to update Flask: 404 Client Error: NOT FOUND for url: http://localhost:5000/update
2025-04-09 19:55:23,404 - ERROR - Failed to update Flask after multiple attempts
2025-04-09 19:55:23,904 - WARNING - Attempt 3 failed to update Flask: 404 Client Error: NOT FOUND for url: http://localhost:5000/update
2025-04-09 19:55:23,905 - ERROR - Failed to update Flask after multiple attempts
2025-04-09 19:55:25,471 - WARNING - Attempt 1 failed to update Flask: 404 Client Error: NOT FOUND for url: http://localhost:5000/update
2025-04-09 19:55:25,986 - WARNING - Attempt 1 failed to update Flask: 404 Client Error: NOT FOUND for url: http://localhost:5000/update
2025-04-09 19:55:29,522 - WARNING - Attempt 2 failed to update Flask: 404 Client Error: NOT FOUND for url: http://localhost:5000/update
2025-04-09 19:55:30,033 - WARNING - Attempt 2 failed to update Flask: 404 Client Error: NOT FOUND for url: http://localhost:5000/update
2025-04-09 19:55:33,568 - WARNING - Attempt 3 failed to update Flask: 404 Client Error: NOT FOUND for url: http://localhost:5000/update
2025-04-09 19:55:33,569 - ERROR - Failed to update Flask after multiple attempts
2025-04-09 19:55:34,072 - WARNING - Attempt 3 failed to update Flask: 404 Client Error: NOT FOUND for url: http://localhost:5000/update
2025-04-09 19:55:34,073 - ERROR - Failed to update Flask after multiple attempts
2025-04-09 19:55:35,643 - WARNING - Attempt 1 failed to update Flask: 404 Client Error: NOT FOUND for url: http://localhost:5000/update
2025-04-09 19:55:36,153 - WARNING - Attempt 1 failed to update Flask: 404 Client Error: NOT FOUND for url: http://localhost:5000/update
2025-04-09 19:55:39,713 - WARNING - Attempt 2 failed to update Flask: 404 Client Error: NOT FOUND for url: http://localhost:5000/update
2025-04-09 19:55:40,197 - WARNING - Attempt 2 failed to update Flask: 404 Client Error: NOT FOUND for url: http://localhost:5000/update
2025-04-09 19:55:43,757 - WARNING - Attempt 3 failed to update Flask: 404 Client Error: NOT FOUND for url: http://localhost:5000/update
2025-04-09 19:55:43,758 - ERROR - Failed to update Flask after multiple attempts
2025-04-09 19:55:44,228 - WARNING - Attempt 3 failed to update Flask: 404 Client Error: NOT FOUND for url: http://localhost:5000/update
2025-04-09 19:55:44,228 - ERROR - Failed to update Flask after multiple attempts
2025-04-09 19:55:45,808 - WARNING - Attempt 1 failed to update Flask: 404 Client Error: NOT FOUND for url: http://localhost:5000/update
2025-04-09 19:55:46,278 - WARNING - Attempt 1 failed to update Flask: 404 Client Error: NOT FOUND for url: http://localhost:5000/update
2025-04-09 19:55:49,836 - WARNING - Attempt 2 failed to update Flask: 404 Client Error: NOT FOUND for url: http://localhost:5000/update
2025-04-09 19:55:50,344 - WARNING - Attempt 2 failed to update Flask: 404 Client Error: NOT FOUND for url: http://localhost:5000/update
2025-04-09 19:55:53,883 - WARNING - Attempt 3 failed to update Flask: 404 Client Error: NOT FOUND for url: http://localhost:5000/update
2025-04-09 19:55:53,884 - ERROR - Failed to update Flask after multiple attempts
2025-04-09 19:55:54,383 - WARNING - Attempt 3 failed to update Flask: 404 Client Error: NOT FOUND for url: http://localhost:5000/update
2025-04-09 19:55:54,384 - ERROR - Failed to update Flask after multiple attempts
2025-04-09 19:55:55,940 - WARNING - Attempt 1 failed to update Flask: 404 Client Error: NOT FOUND for url: http://localhost:5000/update
2025-04-09 19:55:56,438 - WARNING - Attempt 1 failed to update Flask: 404 Client Error: NOT FOUND for url: http://localhost:5000/update
2025-04-09 19:55:59,981 - WARNING - Attempt 2 failed to update Flask: 404 Client Error: NOT FOUND for url: http://localhost:5000/update
2025-04-09 19:56:00,453 - WARNING - Attempt 2 failed to update Flask: 404 Client Error: NOT FOUND for url: http://localhost:5000/update
2025-04-09 19:56:04,025 - WARNING - Attempt 3 failed to update Flask: 404 Client Error: NOT FOUND for url: http://localhost:5000/update
2025-04-09 19:56:04,026 - ERROR - Failed to update Flask after multiple attempts
2025-04-09 19:56:04,507 - WARNING - Attempt 3 failed to update Flask: 404 Client Error: NOT FOUND for url: http://localhost:5000/update
2025-04-09 19:56:04,508 - ERROR - Failed to update Flask after multiple attempts
2025-04-09 19:56:06,090 - WARNING - Attempt 1 failed to update Flask: 404 Client Error: NOT FOUND for url: http://localhost:5000/update
2025-04-09 19:56:06,570 - WARNING - Attempt 1 failed to update Flask: 404 Client Error: NOT FOUND for url: http://localhost:5000/update
2025-04-09 19:56:10,146 - WARNING - Attempt 2 failed to update Flask: 404 Client Error: NOT FOUND for url: http://localhost:5000/update
2025-04-09 19:56:10,654 - WARNING - Attempt 2 failed to update Flask: 404 Client Error: NOT FOUND for url: http://localhost:5000/update
2025-04-09 19:56:14,191 - WARNING - Attempt 3 failed to update Flask: 404 Client Error: NOT FOUND for url: http://localhost:5000/update
2025-04-09 19:56:14,191 - ERROR - Failed to update Flask after multiple attempts
2025-04-09 19:56:14,701 - WARNING - Attempt 3 failed to update Flask: 404 Client Error: NOT FOUND for url: http://localhost:5000/update
2025-04-09 19:56:14,702 - ERROR - Failed to update Flask after multiple attempts
2025-04-09 19:56:16,238 - WARNING - Attempt 1 failed to update Flask: 404 Client Error: NOT FOUND for url: http://localhost:5000/update
2025-04-09 19:56:16,768 - WARNING - Attempt 1 failed to update Flask: 404 Client Error: NOT FOUND for url: http://localhost:5000/update
2025-04-09 19:56:20,278 - WARNING - Attempt 2 failed to update Flask: 404 Client Error: NOT FOUND for url: http://localhost:5000/update
2025-04-09 19:56:20,811 - WARNING - Attempt 2 failed to update Flask: 404 Client Error: NOT FOUND for url: http://localhost:5000/update
2025-04-09 19:56:24,315 - WARNING - Attempt 3 failed to update Flask: 404 Client Error: NOT FOUND for url: http://localhost:5000/update
2025-04-09 19:56:24,315 - ERROR - Failed to update Flask after multiple attempts
2025-04-09 19:56:24,863 - WARNING - Attempt 3 failed to update Flask: 404 Client Error: NOT FOUND for url: http://localhost:5000/update
2025-04-09 19:56:24,863 - ERROR - Failed to update Flask after multiple attempts
2025-04-09 19:56:26,378 - WARNING - Attempt 1 failed to update Flask: 404 Client Error: NOT FOUND for url: http://localhost:5000/update
2025-04-09 19:56:26,919 - WARNING - Attempt 1 failed to update Flask: 404 Client Error: NOT FOUND for url: http://localhost:5000/update
2025-04-09 19:56:30,419 - WARNING - Attempt 2 failed to update Flask: 404 Client Error: NOT FOUND for url: http://localhost:5000/update
2025-04-09 19:56:30,967 - WARNING - Attempt 2 failed to update Flask: 404 Client Error: NOT FOUND for url: http://localhost:5000/update
2025-04-09 19:56:34,464 - WARNING - Attempt 3 failed to update Flask: 404 Client Error: NOT FOUND for url: http://localhost:5000/update
2025-04-09 19:56:34,465 - ERROR - Failed to update Flask after multiple attempts
2025-04-09 19:56:35,023 - WARNING - Attempt 3 failed to update Flask: 404 Client Error: NOT FOUND for url: http://localhost:5000/update
2025-04-09 19:56:35,024 - ERROR - Failed to update Flask after multiple attempts
2025-04-09 19:56:36,508 - WARNING - Attempt 1 failed to update Flask: 404 Client Error: NOT FOUND for url: http://localhost:5000/update
2025-04-09 19:56:37,058 - WARNING - Attempt 1 failed to update Flask: 404 Client Error: NOT FOUND for url: http://localhost:5000/update
2025-04-09 19:56:40,584 - WARNING - Attempt 2 failed to update Flask: 404 Client Error: NOT FOUND for url: http://localhost:5000/update
2025-04-09 19:56:41,109 - WARNING - Attempt 2 failed to update Flask: 404 Client Error: NOT FOUND for url: http://localhost:5000/update
2025-04-09 19:56:44,628 - WARNING - Attempt 3 failed to update Flask: 404 Client Error: NOT FOUND for url: http://localhost:5000/update
2025-04-09 19:56:44,628 - ERROR - Failed to update Flask after multiple attempts
2025-04-09 19:56:45,159 - WARNING - Attempt 3 failed to update Flask: 404 Client Error: NOT FOUND for url: http://localhost:5000/update
2025-04-09 19:56:45,159 - ERROR - Failed to update Flask after multiple attempts
2025-04-09 19:56:46,704 - WARNING - Attempt 1 failed to update Flask: 404 Client Error: NOT FOUND for url: http://localhost:5000/update
2025-04-09 19:56:47,218 - WARNING - Attempt 1 failed to update Flask: 404 Client Error: NOT FOUND for url: http://localhost:5000/update
2025-04-09 19:56:50,748 - WARNING - Attempt 2 failed to update Flask: 404 Client Error: NOT FOUND for url: http://localhost:5000/update
2025-04-09 19:56:51,257 - WARNING - Attempt 2 failed to update Flask: 404 Client Error: NOT FOUND for url: http://localhost:5000/update
2025-04-09 19:56:54,797 - WARNING - Attempt 3 failed to update Flask: 404 Client Error: NOT FOUND for url: http://localhost:5000/update
2025-04-09 19:56:54,797 - ERROR - Failed to update Flask after multiple attempts
2025-04-09 19:56:55,297 - WARNING - Attempt 3 failed to update Flask: 404 Client Error: NOT FOUND for url: http://localhost:5000/update
2025-04-09 19:56:55,298 - ERROR - Failed to update Flask after multiple attempts
2025-04-09 19:56:56,870 - WARNING - Attempt 1 failed to update Flask: 404 Client Error: NOT FOUND for url: http://localhost:5000/update
2025-04-09 19:56:57,360 - WARNING - Attempt 1 failed to update Flask: 404 Client Error: NOT FOUND for url: http://localhost:5000/update
2025-04-09 19:57:00,918 - WARNING - Attempt 2 failed to update Flask: 404 Client Error: NOT FOUND for url: http://localhost:5000/update
2025-04-09 19:57:01,418 - WARNING - Attempt 2 failed to update Flask: 404 Client Error: NOT FOUND for url: http://localhost:5000/update
2025-04-09 19:57:04,964 - WARNING - Attempt 3 failed to update Flask: 404 Client Error: NOT FOUND for url: http://localhost:5000/update
2025-04-09 19:57:04,965 - ERROR - Failed to update Flask after multiple attempts
2025-04-09 19:57:05,464 - WARNING - Attempt 3 failed to update Flask: 404 Client Error: NOT FOUND for url: http://localhost:5000/update
2025-04-09 19:57:05,465 - ERROR - Failed to update Flask after multiple attempts
2025-04-09 19:57:07,038 - WARNING - Attempt 1 failed to update Flask: 404 Client Error: NOT FOUND for url: http://localhost:5000/update
2025-04-09 19:57:07,523 - WARNING - Attempt 1 failed to update Flask: 404 Client Error: NOT FOUND for url: http://localhost:5000/update
2025-04-09 19:57:11,087 - WARNING - Attempt 2 failed to update Flask: 404 Client Error: NOT FOUND for url: http://localhost:5000/update
2025-04-09 19:57:11,567 - WARNING - Attempt 2 failed to update Flask: 404 Client Error: NOT FOUND for url: http://localhost:5000/update
2025-04-09 19:57:15,133 - WARNING - Attempt 3 failed to update Flask: 404 Client Error: NOT FOUND for url: http://localhost:5000/update
2025-04-09 19:57:15,133 - ERROR - Failed to update Flask after multiple attempts
2025-04-09 19:57:15,611 - WARNING - Attempt 3 failed to update Flask: 404 Client Error: NOT FOUND for url: http://localhost:5000/update
2025-04-09 19:57:15,612 - ERROR - Failed to update Flask after multiple attempts
2025-04-09 19:57:17,206 - WARNING - Attempt 1 failed to update Flask: 404 Client Error: NOT FOUND for url: http://localhost:5000/update
2025-04-09 19:57:17,670 - WARNING - Attempt 1 failed to update Flask: 404 Client Error: NOT FOUND for url: http://localhost:5000/update
2025-04-09 19:57:21,246 - WARNING - Attempt 2 failed to update Flask: 404 Client Error: NOT FOUND for url: http://localhost:5000/update
2025-04-09 19:57:21,709 - WARNING - Attempt 2 failed to update Flask: 404 Client Error: NOT FOUND for url: http://localhost:5000/update
2025-04-09 19:57:25,296 - WARNING - Attempt 3 failed to update Flask: 404 Client Error: NOT FOUND for url: http://localhost:5000/update
2025-04-09 19:57:25,297 - ERROR - Failed to update Flask after multiple attempts
2025-04-09 22:32:09,879 - INFO - <BrokerConnection client_id=kafka-python-2.1.2, node_id=bootstrap-0 host=localhost:9092 <connecting> [IPv6 ('::1', 9092, 0, 0)]>: connecting to localhost:9092 [('::1', 9092, 0, 0) IPv6]
2025-04-09 22:32:09,882 - INFO - Broker version identified as 2.6
2025-04-09 22:32:09,883 - INFO - <BrokerConnection client_id=kafka-python-2.1.2, node_id=bootstrap-0 host=localhost:9092 <checking_api_versions_recv> [IPv6 ('::1', 9092, 0, 0)]>: Connection complete.
2025-04-09 22:32:09,884 - INFO - Updating subscribed topics to: ('tweets',)
2025-04-09 22:32:09,884 - INFO - Consumer started successfully
2025-04-09 22:32:09,890 - INFO - <BrokerConnection client_id=kafka-python-2.1.2, node_id=0 host=LAPTOP-3AKB8UN6:9092 <connecting> [IPv6 ('fe80::5d24:cec2:79ae:1be9', 9092, 0, 16)]>: connecting to LAPTOP-3AKB8UN6:9092 [('fe80::5d24:cec2:79ae:1be9', 9092, 0, 16) IPv6]
2025-04-09 22:32:09,892 - INFO - <BrokerConnection client_id=kafka-python-2.1.2, node_id=0 host=LAPTOP-3AKB8UN6:9092 <checking_api_versions_send> [IPv6 ('fe80::5d24:cec2:79ae:1be9', 9092, 0, 16)]>: Connection complete.
2025-04-09 22:32:09,892 - INFO - <BrokerConnection client_id=kafka-python-2.1.2, node_id=bootstrap-0 host=localhost:9092 <connected> [IPv6 ('::1', 9092, 0, 0)]>: Closing connection. 
2025-04-09 22:32:10,003 - INFO - Group coordinator for sentiment-group is BrokerMetadata(nodeId='coordinator-0', host='LAPTOP-3AKB8UN6', port=9092, rack=None)
2025-04-09 22:32:10,004 - INFO - Discovered coordinator coordinator-0 for group sentiment-group
2025-04-09 22:32:10,004 - INFO - Starting new heartbeat thread
2025-04-09 22:32:10,006 - INFO - Revoking previously assigned partitions set() for group sentiment-group
2025-04-09 22:32:10,007 - INFO - <BrokerConnection client_id=kafka-python-2.1.2, node_id=coordinator-0 host=LAPTOP-3AKB8UN6:9092 <connecting> [IPv6 ('fe80::5d24:cec2:79ae:1be9', 9092, 0, 16)]>: connecting to LAPTOP-3AKB8UN6:9092 [('fe80::5d24:cec2:79ae:1be9', 9092, 0, 16) IPv6]
2025-04-09 22:32:10,009 - INFO - <BrokerConnection client_id=kafka-python-2.1.2, node_id=coordinator-0 host=LAPTOP-3AKB8UN6:9092 <checking_api_versions_send> [IPv6 ('fe80::5d24:cec2:79ae:1be9', 9092, 0, 16)]>: Connection complete.
2025-04-09 22:32:10,110 - INFO - (Re-)joining group sentiment-group
2025-04-09 22:32:10,135 - INFO - Elected group leader -- performing partition assignments using range
2025-04-09 22:32:10,149 - INFO - Successfully joined group sentiment-group with generation 5
2025-04-09 22:32:10,149 - INFO - Updated partition assignment: [TopicPartition(topic='tweets', partition=0)]
2025-04-09 22:32:10,150 - INFO - Setting newly assigned partitions {TopicPartition(topic='tweets', partition=0)} for group sentiment-group
2025-04-09 22:32:12,300 - WARNING - Attempt 1 failed to update Flask: 404 Client Error: NOT FOUND for url: http://localhost:5000/update
2025-04-09 22:32:16,340 - WARNING - Attempt 2 failed to update Flask: 404 Client Error: NOT FOUND for url: http://localhost:5000/update
2025-04-09 22:32:20,389 - WARNING - Attempt 3 failed to update Flask: 404 Client Error: NOT FOUND for url: http://localhost:5000/update
2025-04-09 22:32:20,390 - ERROR - Failed to update Flask after multiple attempts
2025-04-09 22:32:22,444 - WARNING - Attempt 1 failed to update Flask: 404 Client Error: NOT FOUND for url: http://localhost:5000/update
2025-04-09 22:32:26,474 - WARNING - Attempt 2 failed to update Flask: 404 Client Error: NOT FOUND for url: http://localhost:5000/update
2025-04-09 22:32:30,546 - WARNING - Attempt 3 failed to update Flask: 404 Client Error: NOT FOUND for url: http://localhost:5000/update
2025-04-09 22:32:30,547 - ERROR - Failed to update Flask after multiple attempts
2025-04-09 22:32:32,600 - WARNING - Attempt 1 failed to update Flask: 404 Client Error: NOT FOUND for url: http://localhost:5000/update
2025-04-09 22:32:36,645 - WARNING - Attempt 2 failed to update Flask: 404 Client Error: NOT FOUND for url: http://localhost:5000/update
2025-04-09 22:32:40,720 - WARNING - Attempt 3 failed to update Flask: 404 Client Error: NOT FOUND for url: http://localhost:5000/update
2025-04-09 22:32:40,720 - ERROR - Failed to update Flask after multiple attempts
2025-04-09 22:32:42,778 - WARNING - Attempt 1 failed to update Flask: 404 Client Error: NOT FOUND for url: http://localhost:5000/update
2025-04-09 22:32:46,821 - WARNING - Attempt 2 failed to update Flask: 404 Client Error: NOT FOUND for url: http://localhost:5000/update
2025-04-09 22:32:50,871 - WARNING - Attempt 3 failed to update Flask: 404 Client Error: NOT FOUND for url: http://localhost:5000/update
2025-04-09 22:32:50,871 - ERROR - Failed to update Flask after multiple attempts
2025-04-09 22:32:52,913 - WARNING - Attempt 1 failed to update Flask: 404 Client Error: NOT FOUND for url: http://localhost:5000/update
2025-04-09 22:32:56,959 - WARNING - Attempt 2 failed to update Flask: 404 Client Error: NOT FOUND for url: http://localhost:5000/update
2025-04-09 22:33:01,018 - WARNING - Attempt 3 failed to update Flask: 404 Client Error: NOT FOUND for url: http://localhost:5000/update
2025-04-09 22:33:01,019 - ERROR - Failed to update Flask after multiple attempts
2025-04-09 22:33:03,076 - WARNING - Attempt 1 failed to update Flask: 404 Client Error: NOT FOUND for url: http://localhost:5000/update
2025-04-09 22:33:07,122 - WARNING - Attempt 2 failed to update Flask: 404 Client Error: NOT FOUND for url: http://localhost:5000/update
2025-04-09 22:33:11,166 - WARNING - Attempt 3 failed to update Flask: 404 Client Error: NOT FOUND for url: http://localhost:5000/update
2025-04-09 22:33:11,167 - ERROR - Failed to update Flask after multiple attempts
2025-04-09 22:33:13,225 - WARNING - Attempt 1 failed to update Flask: 404 Client Error: NOT FOUND for url: http://localhost:5000/update
2025-04-09 22:33:17,295 - WARNING - Attempt 2 failed to update Flask: 404 Client Error: NOT FOUND for url: http://localhost:5000/update
2025-04-09 22:33:21,324 - WARNING - Attempt 3 failed to update Flask: 404 Client Error: NOT FOUND for url: http://localhost:5000/update
2025-04-09 22:33:21,325 - ERROR - Failed to update Flask after multiple attempts
2025-04-09 22:33:23,366 - WARNING - Attempt 1 failed to update Flask: 404 Client Error: NOT FOUND for url: http://localhost:5000/update
2025-04-09 22:33:27,419 - WARNING - Attempt 2 failed to update Flask: 404 Client Error: NOT FOUND for url: http://localhost:5000/update
2025-04-09 22:33:31,482 - WARNING - Attempt 3 failed to update Flask: 404 Client Error: NOT FOUND for url: http://localhost:5000/update
2025-04-09 22:33:31,482 - ERROR - Failed to update Flask after multiple attempts
2025-04-09 22:33:33,540 - WARNING - Attempt 1 failed to update Flask: 404 Client Error: NOT FOUND for url: http://localhost:5000/update
2025-04-09 22:33:37,578 - WARNING - Attempt 2 failed to update Flask: 404 Client Error: NOT FOUND for url: http://localhost:5000/update
2025-04-09 22:33:41,618 - WARNING - Attempt 3 failed to update Flask: 404 Client Error: NOT FOUND for url: http://localhost:5000/update
2025-04-09 22:33:41,619 - ERROR - Failed to update Flask after multiple attempts
2025-04-09 22:33:43,885 - WARNING - Attempt 1 failed to update Flask: 404 Client Error: NOT FOUND for url: http://localhost:5000/update
2025-04-09 22:33:47,934 - WARNING - Attempt 2 failed to update Flask: 404 Client Error: NOT FOUND for url: http://localhost:5000/update
2025-04-09 22:33:51,980 - WARNING - Attempt 3 failed to update Flask: 404 Client Error: NOT FOUND for url: http://localhost:5000/update
2025-04-09 22:33:51,980 - ERROR - Failed to update Flask after multiple attempts
2025-04-09 22:33:54,048 - WARNING - Attempt 1 failed to update Flask: 404 Client Error: NOT FOUND for url: http://localhost:5000/update
2025-04-09 22:33:58,102 - WARNING - Attempt 2 failed to update Flask: 404 Client Error: NOT FOUND for url: http://localhost:5000/update
2025-04-09 22:34:02,142 - WARNING - Attempt 3 failed to update Flask: 404 Client Error: NOT FOUND for url: http://localhost:5000/update
2025-04-09 22:34:02,142 - ERROR - Failed to update Flask after multiple attempts
2025-04-09 22:34:04,208 - WARNING - Attempt 1 failed to update Flask: 404 Client Error: NOT FOUND for url: http://localhost:5000/update
2025-04-09 22:34:08,260 - WARNING - Attempt 2 failed to update Flask: 404 Client Error: NOT FOUND for url: http://localhost:5000/update
2025-04-09 22:34:12,297 - WARNING - Attempt 3 failed to update Flask: 404 Client Error: NOT FOUND for url: http://localhost:5000/update
2025-04-09 22:34:12,297 - ERROR - Failed to update Flask after multiple attempts
2025-04-09 22:34:14,362 - WARNING - Attempt 1 failed to update Flask: 404 Client Error: NOT FOUND for url: http://localhost:5000/update
2025-04-09 22:34:18,418 - WARNING - Attempt 2 failed to update Flask: 404 Client Error: NOT FOUND for url: http://localhost:5000/update
2025-04-09 22:34:22,454 - WARNING - Attempt 3 failed to update Flask: 404 Client Error: NOT FOUND for url: http://localhost:5000/update
2025-04-09 22:34:22,455 - ERROR - Failed to update Flask after multiple attempts
2025-04-09 22:34:24,536 - WARNING - Attempt 1 failed to update Flask: 404 Client Error: NOT FOUND for url: http://localhost:5000/update
2025-04-09 22:34:28,590 - WARNING - Attempt 2 failed to update Flask: 404 Client Error: NOT FOUND for url: http://localhost:5000/update
2025-04-09 22:34:32,624 - WARNING - Attempt 3 failed to update Flask: 404 Client Error: NOT FOUND for url: http://localhost:5000/update
2025-04-09 22:34:32,625 - ERROR - Failed to update Flask after multiple attempts
2025-04-09 22:34:34,679 - WARNING - Attempt 1 failed to update Flask: 404 Client Error: NOT FOUND for url: http://localhost:5000/update
2025-04-09 22:34:38,732 - WARNING - Attempt 2 failed to update Flask: 404 Client Error: NOT FOUND for url: http://localhost:5000/update
2025-04-09 22:34:42,793 - WARNING - Attempt 3 failed to update Flask: 404 Client Error: NOT FOUND for url: http://localhost:5000/update
2025-04-09 22:34:42,793 - ERROR - Failed to update Flask after multiple attempts
2025-04-09 22:34:44,849 - WARNING - Attempt 1 failed to update Flask: 404 Client Error: NOT FOUND for url: http://localhost:5000/update
2025-04-09 22:34:48,889 - WARNING - Attempt 2 failed to update Flask: 404 Client Error: NOT FOUND for url: http://localhost:5000/update
2025-04-09 22:34:52,939 - WARNING - Attempt 3 failed to update Flask: 404 Client Error: NOT FOUND for url: http://localhost:5000/update
2025-04-09 22:34:52,940 - ERROR - Failed to update Flask after multiple attempts
2025-04-09 22:34:54,988 - WARNING - Attempt 1 failed to update Flask: 404 Client Error: NOT FOUND for url: http://localhost:5000/update
2025-04-09 22:34:59,034 - WARNING - Attempt 2 failed to update Flask: 404 Client Error: NOT FOUND for url: http://localhost:5000/update
2025-04-09 22:35:03,082 - WARNING - Attempt 3 failed to update Flask: 404 Client Error: NOT FOUND for url: http://localhost:5000/update
2025-04-09 22:35:03,082 - ERROR - Failed to update Flask after multiple attempts
2025-04-09 22:35:05,136 - WARNING - Attempt 1 failed to update Flask: 404 Client Error: NOT FOUND for url: http://localhost:5000/update
2025-04-09 22:35:09,184 - WARNING - Attempt 2 failed to update Flask: 404 Client Error: NOT FOUND for url: http://localhost:5000/update
2025-04-09 22:35:13,235 - WARNING - Attempt 3 failed to update Flask: 404 Client Error: NOT FOUND for url: http://localhost:5000/update
2025-04-09 22:35:13,235 - ERROR - Failed to update Flask after multiple attempts
2025-04-09 22:35:15,300 - WARNING - Attempt 1 failed to update Flask: 404 Client Error: NOT FOUND for url: http://localhost:5000/update
2025-04-09 22:35:19,363 - WARNING - Attempt 2 failed to update Flask: 404 Client Error: NOT FOUND for url: http://localhost:5000/update
2025-04-09 22:35:23,421 - WARNING - Attempt 3 failed to update Flask: 404 Client Error: NOT FOUND for url: http://localhost:5000/update
2025-04-09 22:35:23,421 - ERROR - Failed to update Flask after multiple attempts
2025-04-09 22:35:25,493 - WARNING - Attempt 1 failed to update Flask: 404 Client Error: NOT FOUND for url: http://localhost:5000/update
2025-04-09 22:35:29,532 - WARNING - Attempt 2 failed to update Flask: 404 Client Error: NOT FOUND for url: http://localhost:5000/update
2025-04-09 22:35:33,572 - WARNING - Attempt 3 failed to update Flask: 404 Client Error: NOT FOUND for url: http://localhost:5000/update
2025-04-09 22:35:33,573 - ERROR - Failed to update Flask after multiple attempts
2025-04-09 22:35:35,610 - WARNING - Attempt 1 failed to update Flask: 404 Client Error: NOT FOUND for url: http://localhost:5000/update
2025-04-09 22:35:39,657 - WARNING - Attempt 2 failed to update Flask: 404 Client Error: NOT FOUND for url: http://localhost:5000/update
2025-04-09 22:35:43,721 - WARNING - Attempt 3 failed to update Flask: 404 Client Error: NOT FOUND for url: http://localhost:5000/update
2025-04-09 22:35:43,722 - ERROR - Failed to update Flask after multiple attempts
2025-04-09 22:35:45,807 - WARNING - Attempt 1 failed to update Flask: 404 Client Error: NOT FOUND for url: http://localhost:5000/update
2025-04-09 22:35:49,855 - WARNING - Attempt 2 failed to update Flask: 404 Client Error: NOT FOUND for url: http://localhost:5000/update
2025-04-09 22:35:53,899 - WARNING - Attempt 3 failed to update Flask: 404 Client Error: NOT FOUND for url: http://localhost:5000/update
2025-04-09 22:35:53,900 - ERROR - Failed to update Flask after multiple attempts
2025-04-09 22:35:55,952 - WARNING - Attempt 1 failed to update Flask: 404 Client Error: NOT FOUND for url: http://localhost:5000/update
2025-04-09 22:35:59,990 - WARNING - Attempt 2 failed to update Flask: 404 Client Error: NOT FOUND for url: http://localhost:5000/update
2025-04-09 22:36:04,024 - WARNING - Attempt 3 failed to update Flask: 404 Client Error: NOT FOUND for url: http://localhost:5000/update
2025-04-09 22:36:04,025 - ERROR - Failed to update Flask after multiple attempts
2025-04-09 22:36:06,096 - WARNING - Attempt 1 failed to update Flask: 404 Client Error: NOT FOUND for url: http://localhost:5000/update
2025-04-09 22:36:10,133 - WARNING - Attempt 2 failed to update Flask: 404 Client Error: NOT FOUND for url: http://localhost:5000/update
2025-04-09 22:36:14,172 - WARNING - Attempt 3 failed to update Flask: 404 Client Error: NOT FOUND for url: http://localhost:5000/update
2025-04-09 22:36:14,172 - ERROR - Failed to update Flask after multiple attempts
2025-04-09 22:36:16,237 - WARNING - Attempt 1 failed to update Flask: 404 Client Error: NOT FOUND for url: http://localhost:5000/update
2025-04-09 22:36:20,265 - WARNING - Attempt 2 failed to update Flask: 404 Client Error: NOT FOUND for url: http://localhost:5000/update
2025-04-09 22:36:24,326 - WARNING - Attempt 3 failed to update Flask: 404 Client Error: NOT FOUND for url: http://localhost:5000/update
2025-04-09 22:36:24,327 - ERROR - Failed to update Flask after multiple attempts
2025-04-09 22:36:26,379 - WARNING - Attempt 1 failed to update Flask: 404 Client Error: NOT FOUND for url: http://localhost:5000/update
2025-04-09 22:36:30,426 - WARNING - Attempt 2 failed to update Flask: 404 Client Error: NOT FOUND for url: http://localhost:5000/update
2025-04-09 22:36:34,454 - WARNING - Attempt 3 failed to update Flask: 404 Client Error: NOT FOUND for url: http://localhost:5000/update
2025-04-09 22:36:34,455 - ERROR - Failed to update Flask after multiple attempts
2025-04-09 22:36:36,502 - WARNING - Attempt 1 failed to update Flask: 404 Client Error: NOT FOUND for url: http://localhost:5000/update
2025-04-09 22:36:40,550 - WARNING - Attempt 2 failed to update Flask: 404 Client Error: NOT FOUND for url: http://localhost:5000/update
2025-04-09 22:36:44,596 - WARNING - Attempt 3 failed to update Flask: 404 Client Error: NOT FOUND for url: http://localhost:5000/update
2025-04-09 22:36:44,597 - ERROR - Failed to update Flask after multiple attempts
2025-04-09 22:36:46,656 - WARNING - Attempt 1 failed to update Flask: 404 Client Error: NOT FOUND for url: http://localhost:5000/update
2025-04-09 22:36:50,689 - WARNING - Attempt 2 failed to update Flask: 404 Client Error: NOT FOUND for url: http://localhost:5000/update
2025-04-09 22:36:54,729 - WARNING - Attempt 3 failed to update Flask: 404 Client Error: NOT FOUND for url: http://localhost:5000/update
2025-04-09 22:36:54,729 - ERROR - Failed to update Flask after multiple attempts
2025-04-09 22:36:56,775 - WARNING - Attempt 1 failed to update Flask: 404 Client Error: NOT FOUND for url: http://localhost:5000/update
2025-04-09 22:37:00,826 - WARNING - Attempt 2 failed to update Flask: 404 Client Error: NOT FOUND for url: http://localhost:5000/update
2025-04-09 22:37:04,869 - WARNING - Attempt 3 failed to update Flask: 404 Client Error: NOT FOUND for url: http://localhost:5000/update
2025-04-09 22:37:04,869 - ERROR - Failed to update Flask after multiple attempts
2025-04-09 22:37:06,924 - WARNING - Attempt 1 failed to update Flask: 404 Client Error: NOT FOUND for url: http://localhost:5000/update
2025-04-09 22:37:10,247 - WARNING - Heartbeat poll expired, leaving group
2025-04-09 22:37:10,247 - INFO - Leaving consumer group (sentiment-group).
2025-04-09 22:37:10,304 - ERROR - Heartbeat thread for group sentiment-group failed due to unexpected error: cannot release un-acquired lock
2025-04-09 22:37:10,966 - WARNING - Attempt 2 failed to update Flask: 404 Client Error: NOT FOUND for url: http://localhost:5000/update
2025-04-09 22:37:15,034 - WARNING - Attempt 3 failed to update Flask: 404 Client Error: NOT FOUND for url: http://localhost:5000/update
2025-04-09 22:37:15,035 - ERROR - Failed to update Flask after multiple attempts
2025-04-09 22:37:17,089 - WARNING - Attempt 1 failed to update Flask: 404 Client Error: NOT FOUND for url: http://localhost:5000/update
2025-04-09 22:37:21,146 - WARNING - Attempt 2 failed to update Flask: 404 Client Error: NOT FOUND for url: http://localhost:5000/update
2025-04-09 22:37:25,199 - WARNING - Attempt 3 failed to update Flask: 404 Client Error: NOT FOUND for url: http://localhost:5000/update
2025-04-09 22:37:25,200 - ERROR - Failed to update Flask after multiple attempts
2025-04-09 22:37:27,263 - WARNING - Attempt 1 failed to update Flask: 404 Client Error: NOT FOUND for url: http://localhost:5000/update
2025-04-09 22:37:31,327 - WARNING - Attempt 2 failed to update Flask: 404 Client Error: NOT FOUND for url: http://localhost:5000/update
2025-04-09 22:37:35,393 - WARNING - Attempt 3 failed to update Flask: 404 Client Error: NOT FOUND for url: http://localhost:5000/update
2025-04-09 22:37:35,393 - ERROR - Failed to update Flask after multiple attempts
2025-04-09 22:37:37,459 - WARNING - Attempt 1 failed to update Flask: 404 Client Error: NOT FOUND for url: http://localhost:5000/update
2025-04-09 22:37:41,515 - WARNING - Attempt 2 failed to update Flask: 404 Client Error: NOT FOUND for url: http://localhost:5000/update
2025-04-09 22:37:45,558 - WARNING - Attempt 3 failed to update Flask: 404 Client Error: NOT FOUND for url: http://localhost:5000/update
2025-04-09 22:37:45,559 - ERROR - Failed to update Flask after multiple attempts
2025-04-09 22:37:47,609 - WARNING - Attempt 1 failed to update Flask: 404 Client Error: NOT FOUND for url: http://localhost:5000/update
2025-04-09 22:37:51,663 - WARNING - Attempt 2 failed to update Flask: 404 Client Error: NOT FOUND for url: http://localhost:5000/update
2025-04-09 22:37:55,703 - WARNING - Attempt 3 failed to update Flask: 404 Client Error: NOT FOUND for url: http://localhost:5000/update
2025-04-09 22:37:55,703 - ERROR - Failed to update Flask after multiple attempts
2025-04-09 22:37:57,743 - WARNING - Attempt 1 failed to update Flask: 404 Client Error: NOT FOUND for url: http://localhost:5000/update
2025-04-09 22:38:01,793 - WARNING - Attempt 2 failed to update Flask: 404 Client Error: NOT FOUND for url: http://localhost:5000/update
2025-04-09 22:38:05,853 - WARNING - Attempt 3 failed to update Flask: 404 Client Error: NOT FOUND for url: http://localhost:5000/update
2025-04-09 22:38:05,854 - ERROR - Failed to update Flask after multiple attempts
2025-04-09 22:38:07,921 - WARNING - Attempt 1 failed to update Flask: 404 Client Error: NOT FOUND for url: http://localhost:5000/update
2025-04-09 22:38:11,959 - WARNING - Attempt 2 failed to update Flask: 404 Client Error: NOT FOUND for url: http://localhost:5000/update
2025-04-09 22:38:16,009 - WARNING - Attempt 3 failed to update Flask: 404 Client Error: NOT FOUND for url: http://localhost:5000/update
2025-04-09 22:38:16,009 - ERROR - Failed to update Flask after multiple attempts
2025-04-09 22:38:18,076 - WARNING - Attempt 1 failed to update Flask: 404 Client Error: NOT FOUND for url: http://localhost:5000/update
2025-04-09 22:38:22,132 - WARNING - Attempt 2 failed to update Flask: 404 Client Error: NOT FOUND for url: http://localhost:5000/update
2025-04-09 22:38:26,176 - WARNING - Attempt 3 failed to update Flask: 404 Client Error: NOT FOUND for url: http://localhost:5000/update
2025-04-09 22:38:26,176 - ERROR - Failed to update Flask after multiple attempts
2025-04-09 22:38:28,240 - WARNING - Attempt 1 failed to update Flask: 404 Client Error: NOT FOUND for url: http://localhost:5000/update
2025-04-09 22:38:32,279 - WARNING - Attempt 2 failed to update Flask: 404 Client Error: NOT FOUND for url: http://localhost:5000/update
2025-04-09 22:38:36,326 - WARNING - Attempt 3 failed to update Flask: 404 Client Error: NOT FOUND for url: http://localhost:5000/update
2025-04-09 22:38:36,327 - ERROR - Failed to update Flask after multiple attempts
2025-04-09 22:38:38,383 - WARNING - Attempt 1 failed to update Flask: 404 Client Error: NOT FOUND for url: http://localhost:5000/update
2025-04-09 22:38:42,408 - WARNING - Attempt 2 failed to update Flask: 404 Client Error: NOT FOUND for url: http://localhost:5000/update
2025-04-09 22:38:46,467 - WARNING - Attempt 3 failed to update Flask: 404 Client Error: NOT FOUND for url: http://localhost:5000/update
2025-04-09 22:38:46,467 - ERROR - Failed to update Flask after multiple attempts
2025-04-09 22:38:48,523 - WARNING - Attempt 1 failed to update Flask: 404 Client Error: NOT FOUND for url: http://localhost:5000/update
2025-04-09 22:38:52,587 - WARNING - Attempt 2 failed to update Flask: 404 Client Error: NOT FOUND for url: http://localhost:5000/update
2025-04-09 22:38:56,611 - WARNING - Attempt 3 failed to update Flask: 404 Client Error: NOT FOUND for url: http://localhost:5000/update
2025-04-09 22:38:56,612 - ERROR - Failed to update Flask after multiple attempts
2025-04-09 22:38:58,676 - WARNING - Attempt 1 failed to update Flask: 404 Client Error: NOT FOUND for url: http://localhost:5000/update
2025-04-09 22:39:02,730 - WARNING - Attempt 2 failed to update Flask: 404 Client Error: NOT FOUND for url: http://localhost:5000/update
2025-04-09 22:39:06,788 - WARNING - Attempt 3 failed to update Flask: 404 Client Error: NOT FOUND for url: http://localhost:5000/update
2025-04-09 22:39:06,788 - ERROR - Failed to update Flask after multiple attempts
2025-04-09 22:39:08,857 - WARNING - Attempt 1 failed to update Flask: 404 Client Error: NOT FOUND for url: http://localhost:5000/update
2025-04-09 22:39:12,907 - WARNING - Attempt 2 failed to update Flask: 404 Client Error: NOT FOUND for url: http://localhost:5000/update
2025-04-09 22:39:16,950 - WARNING - Attempt 3 failed to update Flask: 404 Client Error: NOT FOUND for url: http://localhost:5000/update
2025-04-09 22:39:16,951 - ERROR - Failed to update Flask after multiple attempts
2025-04-09 22:39:19,027 - WARNING - Attempt 1 failed to update Flask: 404 Client Error: NOT FOUND for url: http://localhost:5000/update
2025-04-09 22:39:23,069 - WARNING - Attempt 2 failed to update Flask: 404 Client Error: NOT FOUND for url: http://localhost:5000/update
2025-04-09 22:39:27,128 - WARNING - Attempt 3 failed to update Flask: 404 Client Error: NOT FOUND for url: http://localhost:5000/update
2025-04-09 22:39:27,129 - ERROR - Failed to update Flask after multiple attempts
2025-04-09 22:39:29,195 - WARNING - Attempt 1 failed to update Flask: 404 Client Error: NOT FOUND for url: http://localhost:5000/update
2025-04-09 22:39:33,266 - WARNING - Attempt 2 failed to update Flask: 404 Client Error: NOT FOUND for url: http://localhost:5000/update
2025-04-09 22:39:37,295 - WARNING - Attempt 3 failed to update Flask: 404 Client Error: NOT FOUND for url: http://localhost:5000/update
2025-04-09 22:39:37,295 - ERROR - Failed to update Flask after multiple attempts
2025-04-09 22:39:39,367 - WARNING - Attempt 1 failed to update Flask: 404 Client Error: NOT FOUND for url: http://localhost:5000/update
2025-04-09 22:39:43,407 - WARNING - Attempt 2 failed to update Flask: 404 Client Error: NOT FOUND for url: http://localhost:5000/update
2025-04-09 22:39:47,444 - WARNING - Attempt 3 failed to update Flask: 404 Client Error: NOT FOUND for url: http://localhost:5000/update
2025-04-09 22:39:47,444 - ERROR - Failed to update Flask after multiple attempts
2025-04-09 22:39:49,513 - WARNING - Attempt 1 failed to update Flask: 404 Client Error: NOT FOUND for url: http://localhost:5000/update
2025-04-09 22:39:53,549 - WARNING - Attempt 2 failed to update Flask: 404 Client Error: NOT FOUND for url: http://localhost:5000/update
2025-04-09 22:39:57,586 - WARNING - Attempt 3 failed to update Flask: 404 Client Error: NOT FOUND for url: http://localhost:5000/update
2025-04-09 22:39:57,586 - ERROR - Failed to update Flask after multiple attempts
2025-04-09 22:39:59,658 - WARNING - Attempt 1 failed to update Flask: 404 Client Error: NOT FOUND for url: http://localhost:5000/update
2025-04-09 22:40:03,693 - WARNING - Attempt 2 failed to update Flask: 404 Client Error: NOT FOUND for url: http://localhost:5000/update
2025-04-09 22:40:07,740 - WARNING - Attempt 3 failed to update Flask: 404 Client Error: NOT FOUND for url: http://localhost:5000/update
2025-04-09 22:40:07,741 - ERROR - Failed to update Flask after multiple attempts
2025-04-09 22:40:09,797 - WARNING - Attempt 1 failed to update Flask: 404 Client Error: NOT FOUND for url: http://localhost:5000/update
2025-04-09 22:40:13,840 - WARNING - Attempt 2 failed to update Flask: 404 Client Error: NOT FOUND for url: http://localhost:5000/update
2025-04-09 22:40:17,886 - WARNING - Attempt 3 failed to update Flask: 404 Client Error: NOT FOUND for url: http://localhost:5000/update
2025-04-09 22:40:17,887 - ERROR - Failed to update Flask after multiple attempts
2025-04-09 22:40:19,953 - WARNING - Attempt 1 failed to update Flask: 404 Client Error: NOT FOUND for url: http://localhost:5000/update
2025-04-09 22:40:24,012 - WARNING - Attempt 2 failed to update Flask: 404 Client Error: NOT FOUND for url: http://localhost:5000/update
2025-04-09 22:40:28,074 - WARNING - Attempt 3 failed to update Flask: 404 Client Error: NOT FOUND for url: http://localhost:5000/update
2025-04-09 22:40:28,075 - ERROR - Failed to update Flask after multiple attempts
2025-04-09 22:40:30,128 - WARNING - Attempt 1 failed to update Flask: 404 Client Error: NOT FOUND for url: http://localhost:5000/update
2025-04-09 22:40:34,193 - WARNING - Attempt 2 failed to update Flask: 404 Client Error: NOT FOUND for url: http://localhost:5000/update
2025-04-09 22:40:38,233 - WARNING - Attempt 3 failed to update Flask: 404 Client Error: NOT FOUND for url: http://localhost:5000/update
2025-04-09 22:40:38,234 - ERROR - Failed to update Flask after multiple attempts
2025-04-09 22:40:40,280 - WARNING - Attempt 1 failed to update Flask: 404 Client Error: NOT FOUND for url: http://localhost:5000/update
2025-04-09 22:40:44,322 - WARNING - Attempt 2 failed to update Flask: 404 Client Error: NOT FOUND for url: http://localhost:5000/update
2025-04-09 22:40:48,357 - WARNING - Attempt 3 failed to update Flask: 404 Client Error: NOT FOUND for url: http://localhost:5000/update
2025-04-09 22:40:48,357 - ERROR - Failed to update Flask after multiple attempts
2025-04-09 22:40:50,428 - WARNING - Attempt 1 failed to update Flask: 404 Client Error: NOT FOUND for url: http://localhost:5000/update
2025-04-09 22:40:54,476 - WARNING - Attempt 2 failed to update Flask: 404 Client Error: NOT FOUND for url: http://localhost:5000/update
2025-04-09 22:40:58,522 - WARNING - Attempt 3 failed to update Flask: 404 Client Error: NOT FOUND for url: http://localhost:5000/update
2025-04-09 22:40:58,523 - ERROR - Failed to update Flask after multiple attempts
2025-04-09 22:41:00,586 - WARNING - Attempt 1 failed to update Flask: 404 Client Error: NOT FOUND for url: http://localhost:5000/update
2025-04-09 22:41:04,653 - WARNING - Attempt 2 failed to update Flask: 404 Client Error: NOT FOUND for url: http://localhost:5000/update
2025-04-09 22:41:08,704 - WARNING - Attempt 3 failed to update Flask: 404 Client Error: NOT FOUND for url: http://localhost:5000/update
2025-04-09 22:41:08,704 - ERROR - Failed to update Flask after multiple attempts
2025-04-09 22:41:10,780 - WARNING - Attempt 1 failed to update Flask: 404 Client Error: NOT FOUND for url: http://localhost:5000/update
2025-04-09 22:41:14,815 - WARNING - Attempt 2 failed to update Flask: 404 Client Error: NOT FOUND for url: http://localhost:5000/update
2025-04-09 22:41:18,866 - WARNING - Attempt 3 failed to update Flask: 404 Client Error: NOT FOUND for url: http://localhost:5000/update
2025-04-09 22:41:18,866 - ERROR - Failed to update Flask after multiple attempts
2025-04-09 22:41:20,931 - WARNING - Attempt 1 failed to update Flask: 404 Client Error: NOT FOUND for url: http://localhost:5000/update
2025-04-09 22:41:24,982 - WARNING - Attempt 2 failed to update Flask: 404 Client Error: NOT FOUND for url: http://localhost:5000/update
2025-04-09 22:41:29,030 - WARNING - Attempt 3 failed to update Flask: 404 Client Error: NOT FOUND for url: http://localhost:5000/update
2025-04-09 22:41:29,030 - ERROR - Failed to update Flask after multiple attempts
2025-04-09 22:41:31,103 - WARNING - Attempt 1 failed to update Flask: 404 Client Error: NOT FOUND for url: http://localhost:5000/update
2025-04-09 22:41:35,148 - WARNING - Attempt 2 failed to update Flask: 404 Client Error: NOT FOUND for url: http://localhost:5000/update
2025-04-09 22:41:39,200 - WARNING - Attempt 3 failed to update Flask: 404 Client Error: NOT FOUND for url: http://localhost:5000/update
2025-04-09 22:41:39,201 - ERROR - Failed to update Flask after multiple attempts
2025-04-09 22:41:41,252 - WARNING - Attempt 1 failed to update Flask: 404 Client Error: NOT FOUND for url: http://localhost:5000/update
2025-04-09 22:41:45,291 - WARNING - Attempt 2 failed to update Flask: 404 Client Error: NOT FOUND for url: http://localhost:5000/update
2025-04-09 22:41:49,337 - WARNING - Attempt 3 failed to update Flask: 404 Client Error: NOT FOUND for url: http://localhost:5000/update
2025-04-09 22:41:49,338 - ERROR - Failed to update Flask after multiple attempts
2025-04-09 22:41:51,404 - WARNING - Attempt 1 failed to update Flask: 404 Client Error: NOT FOUND for url: http://localhost:5000/update
2025-04-09 22:41:55,453 - WARNING - Attempt 2 failed to update Flask: 404 Client Error: NOT FOUND for url: http://localhost:5000/update
2025-04-09 22:41:59,495 - WARNING - Attempt 3 failed to update Flask: 404 Client Error: NOT FOUND for url: http://localhost:5000/update
2025-04-09 22:41:59,496 - ERROR - Failed to update Flask after multiple attempts
2025-04-09 22:42:01,557 - WARNING - Attempt 1 failed to update Flask: 404 Client Error: NOT FOUND for url: http://localhost:5000/update
2025-04-09 22:42:05,599 - WARNING - Attempt 2 failed to update Flask: 404 Client Error: NOT FOUND for url: http://localhost:5000/update
2025-04-09 22:42:09,652 - WARNING - Attempt 3 failed to update Flask: 404 Client Error: NOT FOUND for url: http://localhost:5000/update
2025-04-09 22:42:09,652 - ERROR - Failed to update Flask after multiple attempts
2025-04-09 22:42:11,697 - WARNING - Attempt 1 failed to update Flask: 404 Client Error: NOT FOUND for url: http://localhost:5000/update
2025-04-09 22:42:15,731 - WARNING - Attempt 2 failed to update Flask: 404 Client Error: NOT FOUND for url: http://localhost:5000/update
2025-04-09 22:42:19,800 - WARNING - Attempt 3 failed to update Flask: 404 Client Error: NOT FOUND for url: http://localhost:5000/update
2025-04-09 22:42:19,800 - ERROR - Failed to update Flask after multiple attempts
2025-04-09 22:42:21,858 - WARNING - Attempt 1 failed to update Flask: 404 Client Error: NOT FOUND for url: http://localhost:5000/update
2025-04-09 22:42:25,932 - WARNING - Attempt 2 failed to update Flask: 404 Client Error: NOT FOUND for url: http://localhost:5000/update
2025-04-09 22:42:29,981 - WARNING - Attempt 3 failed to update Flask: 404 Client Error: NOT FOUND for url: http://localhost:5000/update
2025-04-09 22:42:29,982 - ERROR - Failed to update Flask after multiple attempts
2025-04-09 22:42:32,043 - WARNING - Attempt 1 failed to update Flask: 404 Client Error: NOT FOUND for url: http://localhost:5000/update
2025-04-09 22:42:36,071 - WARNING - Attempt 2 failed to update Flask: 404 Client Error: NOT FOUND for url: http://localhost:5000/update
2025-04-09 22:42:40,129 - WARNING - Attempt 3 failed to update Flask: 404 Client Error: NOT FOUND for url: http://localhost:5000/update
2025-04-09 22:42:40,130 - ERROR - Failed to update Flask after multiple attempts
2025-04-09 22:42:42,195 - WARNING - Attempt 1 failed to update Flask: 404 Client Error: NOT FOUND for url: http://localhost:5000/update
2025-04-09 22:42:46,259 - WARNING - Attempt 2 failed to update Flask: 404 Client Error: NOT FOUND for url: http://localhost:5000/update
2025-04-09 22:42:50,320 - WARNING - Attempt 3 failed to update Flask: 404 Client Error: NOT FOUND for url: http://localhost:5000/update
2025-04-09 22:42:50,321 - ERROR - Failed to update Flask after multiple attempts
2025-04-09 22:42:52,387 - WARNING - Attempt 1 failed to update Flask: 404 Client Error: NOT FOUND for url: http://localhost:5000/update
2025-04-09 22:42:56,431 - WARNING - Attempt 2 failed to update Flask: 404 Client Error: NOT FOUND for url: http://localhost:5000/update
2025-04-09 22:43:00,485 - WARNING - Attempt 3 failed to update Flask: 404 Client Error: NOT FOUND for url: http://localhost:5000/update
2025-04-09 22:43:00,486 - ERROR - Failed to update Flask after multiple attempts
2025-04-09 22:43:02,542 - WARNING - Attempt 1 failed to update Flask: 404 Client Error: NOT FOUND for url: http://localhost:5000/update
2025-04-09 22:43:06,591 - WARNING - Attempt 2 failed to update Flask: 404 Client Error: NOT FOUND for url: http://localhost:5000/update
2025-04-09 22:43:10,619 - WARNING - Attempt 3 failed to update Flask: 404 Client Error: NOT FOUND for url: http://localhost:5000/update
2025-04-09 22:43:10,620 - ERROR - Failed to update Flask after multiple attempts
2025-04-09 22:43:12,688 - WARNING - Attempt 1 failed to update Flask: 404 Client Error: NOT FOUND for url: http://localhost:5000/update
2025-04-09 22:43:16,729 - WARNING - Attempt 2 failed to update Flask: 404 Client Error: NOT FOUND for url: http://localhost:5000/update
2025-04-09 22:43:20,779 - WARNING - Attempt 3 failed to update Flask: 404 Client Error: NOT FOUND for url: http://localhost:5000/update
2025-04-09 22:43:20,779 - ERROR - Failed to update Flask after multiple attempts
2025-04-09 22:43:22,837 - WARNING - Attempt 1 failed to update Flask: 404 Client Error: NOT FOUND for url: http://localhost:5000/update
2025-04-09 22:43:26,868 - WARNING - Attempt 2 failed to update Flask: 404 Client Error: NOT FOUND for url: http://localhost:5000/update
2025-04-09 22:43:30,931 - WARNING - Attempt 3 failed to update Flask: 404 Client Error: NOT FOUND for url: http://localhost:5000/update
2025-04-09 22:43:30,932 - ERROR - Failed to update Flask after multiple attempts
2025-04-09 22:43:32,987 - WARNING - Attempt 1 failed to update Flask: 404 Client Error: NOT FOUND for url: http://localhost:5000/update
2025-04-09 22:43:37,029 - WARNING - Attempt 2 failed to update Flask: 404 Client Error: NOT FOUND for url: http://localhost:5000/update
2025-04-09 22:43:41,070 - WARNING - Attempt 3 failed to update Flask: 404 Client Error: NOT FOUND for url: http://localhost:5000/update
2025-04-09 22:43:41,070 - ERROR - Failed to update Flask after multiple attempts
2025-04-09 22:43:43,130 - WARNING - Attempt 1 failed to update Flask: 404 Client Error: NOT FOUND for url: http://localhost:5000/update
2025-04-09 22:43:47,175 - WARNING - Attempt 2 failed to update Flask: 404 Client Error: NOT FOUND for url: http://localhost:5000/update
2025-04-09 22:43:51,198 - WARNING - Attempt 3 failed to update Flask: 404 Client Error: NOT FOUND for url: http://localhost:5000/update
2025-04-09 22:43:51,198 - ERROR - Failed to update Flask after multiple attempts
2025-04-09 22:43:53,262 - WARNING - Attempt 1 failed to update Flask: 404 Client Error: NOT FOUND for url: http://localhost:5000/update
2025-04-09 22:43:57,290 - WARNING - Attempt 2 failed to update Flask: 404 Client Error: NOT FOUND for url: http://localhost:5000/update
2025-04-09 22:44:01,339 - WARNING - Attempt 3 failed to update Flask: 404 Client Error: NOT FOUND for url: http://localhost:5000/update
2025-04-09 22:44:01,339 - ERROR - Failed to update Flask after multiple attempts
2025-04-09 22:44:03,400 - WARNING - Attempt 1 failed to update Flask: 404 Client Error: NOT FOUND for url: http://localhost:5000/update
2025-04-09 22:44:07,446 - WARNING - Attempt 2 failed to update Flask: 404 Client Error: NOT FOUND for url: http://localhost:5000/update
2025-04-09 22:44:11,495 - WARNING - Attempt 3 failed to update Flask: 404 Client Error: NOT FOUND for url: http://localhost:5000/update
2025-04-09 22:44:11,496 - ERROR - Failed to update Flask after multiple attempts
2025-04-09 22:44:13,561 - WARNING - Attempt 1 failed to update Flask: 404 Client Error: NOT FOUND for url: http://localhost:5000/update
2025-04-09 22:44:17,597 - WARNING - Attempt 2 failed to update Flask: 404 Client Error: NOT FOUND for url: http://localhost:5000/update
2025-04-09 22:44:21,653 - WARNING - Attempt 3 failed to update Flask: 404 Client Error: NOT FOUND for url: http://localhost:5000/update
2025-04-09 22:44:21,654 - ERROR - Failed to update Flask after multiple attempts
2025-04-09 22:44:23,706 - WARNING - Attempt 1 failed to update Flask: 404 Client Error: NOT FOUND for url: http://localhost:5000/update
2025-04-09 22:44:27,769 - WARNING - Attempt 2 failed to update Flask: 404 Client Error: NOT FOUND for url: http://localhost:5000/update
2025-04-09 22:44:31,819 - WARNING - Attempt 3 failed to update Flask: 404 Client Error: NOT FOUND for url: http://localhost:5000/update
2025-04-09 22:44:31,820 - ERROR - Failed to update Flask after multiple attempts
2025-04-09 22:44:33,888 - WARNING - Attempt 1 failed to update Flask: 404 Client Error: NOT FOUND for url: http://localhost:5000/update
2025-04-09 22:44:37,935 - WARNING - Attempt 2 failed to update Flask: 404 Client Error: NOT FOUND for url: http://localhost:5000/update
2025-04-09 22:44:41,986 - WARNING - Attempt 3 failed to update Flask: 404 Client Error: NOT FOUND for url: http://localhost:5000/update
2025-04-09 22:44:41,986 - ERROR - Failed to update Flask after multiple attempts
2025-04-09 22:44:44,046 - WARNING - Attempt 1 failed to update Flask: 404 Client Error: NOT FOUND for url: http://localhost:5000/update
2025-04-09 22:44:48,092 - WARNING - Attempt 2 failed to update Flask: 404 Client Error: NOT FOUND for url: http://localhost:5000/update
2025-04-09 22:44:52,140 - WARNING - Attempt 3 failed to update Flask: 404 Client Error: NOT FOUND for url: http://localhost:5000/update
2025-04-09 22:44:52,141 - ERROR - Failed to update Flask after multiple attempts
2025-04-09 22:44:54,196 - WARNING - Attempt 1 failed to update Flask: 404 Client Error: NOT FOUND for url: http://localhost:5000/update
2025-04-09 22:44:58,249 - WARNING - Attempt 2 failed to update Flask: 404 Client Error: NOT FOUND for url: http://localhost:5000/update
2025-04-09 22:45:02,308 - WARNING - Attempt 3 failed to update Flask: 404 Client Error: NOT FOUND for url: http://localhost:5000/update
2025-04-09 22:45:02,309 - ERROR - Failed to update Flask after multiple attempts
2025-04-09 22:45:04,369 - WARNING - Attempt 1 failed to update Flask: 404 Client Error: NOT FOUND for url: http://localhost:5000/update
2025-04-09 22:45:08,403 - WARNING - Attempt 2 failed to update Flask: 404 Client Error: NOT FOUND for url: http://localhost:5000/update
2025-04-09 22:45:12,430 - WARNING - Attempt 3 failed to update Flask: 404 Client Error: NOT FOUND for url: http://localhost:5000/update
2025-04-09 22:45:12,431 - ERROR - Failed to update Flask after multiple attempts
2025-04-09 22:45:14,488 - WARNING - Attempt 1 failed to update Flask: 404 Client Error: NOT FOUND for url: http://localhost:5000/update
2025-04-09 22:45:18,527 - WARNING - Attempt 2 failed to update Flask: 404 Client Error: NOT FOUND for url: http://localhost:5000/update
2025-04-09 22:45:22,580 - WARNING - Attempt 3 failed to update Flask: 404 Client Error: NOT FOUND for url: http://localhost:5000/update
2025-04-09 22:45:22,581 - ERROR - Failed to update Flask after multiple attempts
2025-04-09 22:45:24,631 - WARNING - Attempt 1 failed to update Flask: 404 Client Error: NOT FOUND for url: http://localhost:5000/update
2025-04-09 22:45:28,689 - WARNING - Attempt 2 failed to update Flask: 404 Client Error: NOT FOUND for url: http://localhost:5000/update
2025-04-09 22:45:32,744 - WARNING - Attempt 3 failed to update Flask: 404 Client Error: NOT FOUND for url: http://localhost:5000/update
2025-04-09 22:45:32,744 - ERROR - Failed to update Flask after multiple attempts
2025-04-09 22:45:34,805 - WARNING - Attempt 1 failed to update Flask: 404 Client Error: NOT FOUND for url: http://localhost:5000/update
2025-04-09 22:45:38,844 - WARNING - Attempt 2 failed to update Flask: 404 Client Error: NOT FOUND for url: http://localhost:5000/update
2025-04-09 22:45:42,887 - WARNING - Attempt 3 failed to update Flask: 404 Client Error: NOT FOUND for url: http://localhost:5000/update
2025-04-09 22:45:42,888 - ERROR - Failed to update Flask after multiple attempts
2025-04-09 22:45:44,958 - WARNING - Attempt 1 failed to update Flask: 404 Client Error: NOT FOUND for url: http://localhost:5000/update
2025-04-09 22:45:48,978 - WARNING - Attempt 2 failed to update Flask: 404 Client Error: NOT FOUND for url: http://localhost:5000/update
2025-04-09 22:45:53,032 - WARNING - Attempt 3 failed to update Flask: 404 Client Error: NOT FOUND for url: http://localhost:5000/update
2025-04-09 22:45:53,033 - ERROR - Failed to update Flask after multiple attempts
2025-04-09 22:45:55,084 - WARNING - Attempt 1 failed to update Flask: 404 Client Error: NOT FOUND for url: http://localhost:5000/update
2025-04-09 22:45:59,132 - WARNING - Attempt 2 failed to update Flask: 404 Client Error: NOT FOUND for url: http://localhost:5000/update
2025-04-09 22:46:03,181 - WARNING - Attempt 3 failed to update Flask: 404 Client Error: NOT FOUND for url: http://localhost:5000/update
2025-04-09 22:46:03,182 - ERROR - Failed to update Flask after multiple attempts
2025-04-09 22:46:05,237 - WARNING - Attempt 1 failed to update Flask: 404 Client Error: NOT FOUND for url: http://localhost:5000/update
2025-04-09 22:46:09,254 - WARNING - Attempt 2 failed to update Flask: 404 Client Error: NOT FOUND for url: http://localhost:5000/update
2025-04-09 22:46:13,317 - WARNING - Attempt 3 failed to update Flask: 404 Client Error: NOT FOUND for url: http://localhost:5000/update
2025-04-09 22:46:13,317 - ERROR - Failed to update Flask after multiple attempts
2025-04-09 22:46:15,372 - WARNING - Attempt 1 failed to update Flask: 404 Client Error: NOT FOUND for url: http://localhost:5000/update
2025-04-09 22:46:19,400 - WARNING - Attempt 2 failed to update Flask: 404 Client Error: NOT FOUND for url: http://localhost:5000/update
2025-04-09 22:46:23,465 - WARNING - Attempt 3 failed to update Flask: 404 Client Error: NOT FOUND for url: http://localhost:5000/update
2025-04-09 22:46:23,465 - ERROR - Failed to update Flask after multiple attempts
2025-04-09 22:46:25,534 - WARNING - Attempt 1 failed to update Flask: 404 Client Error: NOT FOUND for url: http://localhost:5000/update
2025-04-09 22:46:29,594 - WARNING - Attempt 2 failed to update Flask: 404 Client Error: NOT FOUND for url: http://localhost:5000/update
2025-04-09 22:46:33,631 - WARNING - Attempt 3 failed to update Flask: 404 Client Error: NOT FOUND for url: http://localhost:5000/update
2025-04-09 22:46:33,632 - ERROR - Failed to update Flask after multiple attempts
2025-04-09 22:46:35,715 - WARNING - Attempt 1 failed to update Flask: 404 Client Error: NOT FOUND for url: http://localhost:5000/update
2025-04-09 22:46:39,774 - WARNING - Attempt 2 failed to update Flask: 404 Client Error: NOT FOUND for url: http://localhost:5000/update
2025-04-09 22:46:43,833 - WARNING - Attempt 3 failed to update Flask: 404 Client Error: NOT FOUND for url: http://localhost:5000/update
2025-04-09 22:46:43,834 - ERROR - Failed to update Flask after multiple attempts
2025-04-09 22:46:45,901 - WARNING - Attempt 1 failed to update Flask: 404 Client Error: NOT FOUND for url: http://localhost:5000/update
2025-04-09 22:46:49,950 - WARNING - Attempt 2 failed to update Flask: 404 Client Error: NOT FOUND for url: http://localhost:5000/update
2025-04-09 22:46:54,006 - WARNING - Attempt 3 failed to update Flask: 404 Client Error: NOT FOUND for url: http://localhost:5000/update
2025-04-09 22:46:54,007 - ERROR - Failed to update Flask after multiple attempts
2025-04-09 22:46:56,067 - WARNING - Attempt 1 failed to update Flask: 404 Client Error: NOT FOUND for url: http://localhost:5000/update
2025-04-09 22:47:00,117 - WARNING - Attempt 2 failed to update Flask: 404 Client Error: NOT FOUND for url: http://localhost:5000/update
2025-04-09 22:47:04,166 - WARNING - Attempt 3 failed to update Flask: 404 Client Error: NOT FOUND for url: http://localhost:5000/update
2025-04-09 22:47:04,166 - ERROR - Failed to update Flask after multiple attempts
2025-04-09 22:47:06,234 - WARNING - Attempt 1 failed to update Flask: 404 Client Error: NOT FOUND for url: http://localhost:5000/update
2025-04-09 22:47:10,286 - WARNING - Attempt 2 failed to update Flask: 404 Client Error: NOT FOUND for url: http://localhost:5000/update
2025-04-09 22:47:14,343 - WARNING - Attempt 3 failed to update Flask: 404 Client Error: NOT FOUND for url: http://localhost:5000/update
2025-04-09 22:47:14,343 - ERROR - Failed to update Flask after multiple attempts
2025-04-09 22:47:16,383 - WARNING - Attempt 1 failed to update Flask: 404 Client Error: NOT FOUND for url: http://localhost:5000/update
2025-04-09 22:47:20,436 - WARNING - Attempt 2 failed to update Flask: 404 Client Error: NOT FOUND for url: http://localhost:5000/update
2025-04-09 22:47:24,485 - WARNING - Attempt 3 failed to update Flask: 404 Client Error: NOT FOUND for url: http://localhost:5000/update
2025-04-09 22:47:24,486 - ERROR - Failed to update Flask after multiple attempts
2025-04-09 22:47:26,554 - WARNING - Attempt 1 failed to update Flask: 404 Client Error: NOT FOUND for url: http://localhost:5000/update
2025-04-09 22:47:30,611 - WARNING - Attempt 2 failed to update Flask: 404 Client Error: NOT FOUND for url: http://localhost:5000/update
2025-04-09 22:47:34,660 - WARNING - Attempt 3 failed to update Flask: 404 Client Error: NOT FOUND for url: http://localhost:5000/update
2025-04-09 22:47:34,660 - ERROR - Failed to update Flask after multiple attempts
2025-04-09 22:47:36,725 - WARNING - Attempt 1 failed to update Flask: 404 Client Error: NOT FOUND for url: http://localhost:5000/update
2025-04-09 22:47:40,780 - WARNING - Attempt 2 failed to update Flask: 404 Client Error: NOT FOUND for url: http://localhost:5000/update
2025-04-09 22:47:44,844 - WARNING - Attempt 3 failed to update Flask: 404 Client Error: NOT FOUND for url: http://localhost:5000/update
2025-04-09 22:47:44,845 - ERROR - Failed to update Flask after multiple attempts
2025-04-09 22:47:46,912 - WARNING - Attempt 1 failed to update Flask: 404 Client Error: NOT FOUND for url: http://localhost:5000/update
2025-04-09 22:47:50,965 - WARNING - Attempt 2 failed to update Flask: 404 Client Error: NOT FOUND for url: http://localhost:5000/update
2025-04-09 22:47:55,020 - WARNING - Attempt 3 failed to update Flask: 404 Client Error: NOT FOUND for url: http://localhost:5000/update
2025-04-09 22:47:55,021 - ERROR - Failed to update Flask after multiple attempts
2025-04-09 22:47:57,074 - WARNING - Attempt 1 failed to update Flask: 404 Client Error: NOT FOUND for url: http://localhost:5000/update
2025-04-09 22:48:01,118 - WARNING - Attempt 2 failed to update Flask: 404 Client Error: NOT FOUND for url: http://localhost:5000/update
2025-04-09 22:48:05,170 - WARNING - Attempt 3 failed to update Flask: 404 Client Error: NOT FOUND for url: http://localhost:5000/update
2025-04-09 22:48:05,171 - ERROR - Failed to update Flask after multiple attempts
2025-04-09 22:48:07,222 - WARNING - Attempt 1 failed to update Flask: 404 Client Error: NOT FOUND for url: http://localhost:5000/update
2025-04-09 22:48:11,279 - WARNING - Attempt 2 failed to update Flask: 404 Client Error: NOT FOUND for url: http://localhost:5000/update
2025-04-09 22:48:15,320 - WARNING - Attempt 3 failed to update Flask: 404 Client Error: NOT FOUND for url: http://localhost:5000/update
2025-04-09 22:48:15,321 - ERROR - Failed to update Flask after multiple attempts
2025-04-09 22:48:17,378 - WARNING - Attempt 1 failed to update Flask: 404 Client Error: NOT FOUND for url: http://localhost:5000/update
2025-04-09 22:48:21,424 - WARNING - Attempt 2 failed to update Flask: 404 Client Error: NOT FOUND for url: http://localhost:5000/update
2025-04-09 22:48:25,462 - WARNING - Attempt 3 failed to update Flask: 404 Client Error: NOT FOUND for url: http://localhost:5000/update
2025-04-09 22:48:25,463 - ERROR - Failed to update Flask after multiple attempts
2025-04-09 22:48:27,530 - WARNING - Attempt 1 failed to update Flask: 404 Client Error: NOT FOUND for url: http://localhost:5000/update
2025-04-09 22:48:31,556 - WARNING - Attempt 2 failed to update Flask: 404 Client Error: NOT FOUND for url: http://localhost:5000/update
2025-04-09 22:48:35,599 - WARNING - Attempt 3 failed to update Flask: 404 Client Error: NOT FOUND for url: http://localhost:5000/update
2025-04-09 22:48:35,600 - ERROR - Failed to update Flask after multiple attempts
2025-04-09 22:48:37,654 - WARNING - Attempt 1 failed to update Flask: 404 Client Error: NOT FOUND for url: http://localhost:5000/update
2025-04-09 22:48:41,713 - WARNING - Attempt 2 failed to update Flask: 404 Client Error: NOT FOUND for url: http://localhost:5000/update
2025-04-09 22:48:45,767 - WARNING - Attempt 3 failed to update Flask: 404 Client Error: NOT FOUND for url: http://localhost:5000/update
2025-04-09 22:48:45,768 - ERROR - Failed to update Flask after multiple attempts
2025-04-09 22:48:47,839 - WARNING - Attempt 1 failed to update Flask: 404 Client Error: NOT FOUND for url: http://localhost:5000/update
2025-04-09 22:48:51,893 - WARNING - Attempt 2 failed to update Flask: 404 Client Error: NOT FOUND for url: http://localhost:5000/update
2025-04-09 22:48:55,954 - WARNING - Attempt 3 failed to update Flask: 404 Client Error: NOT FOUND for url: http://localhost:5000/update
2025-04-09 22:48:55,954 - ERROR - Failed to update Flask after multiple attempts
2025-04-09 22:48:58,005 - WARNING - Attempt 1 failed to update Flask: 404 Client Error: NOT FOUND for url: http://localhost:5000/update
2025-04-09 22:49:02,042 - WARNING - Attempt 2 failed to update Flask: 404 Client Error: NOT FOUND for url: http://localhost:5000/update
2025-04-09 22:49:06,099 - WARNING - Attempt 3 failed to update Flask: 404 Client Error: NOT FOUND for url: http://localhost:5000/update
2025-04-09 22:49:06,099 - ERROR - Failed to update Flask after multiple attempts
2025-04-09 22:49:08,154 - WARNING - Attempt 1 failed to update Flask: 404 Client Error: NOT FOUND for url: http://localhost:5000/update
2025-04-09 22:49:12,200 - WARNING - Attempt 2 failed to update Flask: 404 Client Error: NOT FOUND for url: http://localhost:5000/update
2025-04-09 22:49:16,246 - WARNING - Attempt 3 failed to update Flask: 404 Client Error: NOT FOUND for url: http://localhost:5000/update
2025-04-09 22:49:16,246 - ERROR - Failed to update Flask after multiple attempts
2025-04-09 22:49:18,310 - WARNING - Attempt 1 failed to update Flask: 404 Client Error: NOT FOUND for url: http://localhost:5000/update
2025-04-09 22:49:22,352 - WARNING - Attempt 2 failed to update Flask: 404 Client Error: NOT FOUND for url: http://localhost:5000/update
2025-04-09 22:49:26,399 - WARNING - Attempt 3 failed to update Flask: 404 Client Error: NOT FOUND for url: http://localhost:5000/update
2025-04-09 22:49:26,400 - ERROR - Failed to update Flask after multiple attempts
2025-04-09 22:49:28,474 - WARNING - Attempt 1 failed to update Flask: 404 Client Error: NOT FOUND for url: http://localhost:5000/update
2025-04-09 22:49:32,535 - WARNING - Attempt 2 failed to update Flask: 404 Client Error: NOT FOUND for url: http://localhost:5000/update
2025-04-09 22:49:36,580 - WARNING - Attempt 3 failed to update Flask: 404 Client Error: NOT FOUND for url: http://localhost:5000/update
2025-04-09 22:49:36,581 - ERROR - Failed to update Flask after multiple attempts
2025-04-09 22:49:38,638 - WARNING - Attempt 1 failed to update Flask: 404 Client Error: NOT FOUND for url: http://localhost:5000/update
2025-04-09 22:49:42,690 - WARNING - Attempt 2 failed to update Flask: 404 Client Error: NOT FOUND for url: http://localhost:5000/update
2025-04-09 22:49:46,751 - WARNING - Attempt 3 failed to update Flask: 404 Client Error: NOT FOUND for url: http://localhost:5000/update
2025-04-09 22:49:46,751 - ERROR - Failed to update Flask after multiple attempts
2025-04-09 22:49:48,820 - WARNING - Attempt 1 failed to update Flask: 404 Client Error: NOT FOUND for url: http://localhost:5000/update
2025-04-09 22:49:52,873 - WARNING - Attempt 2 failed to update Flask: 404 Client Error: NOT FOUND for url: http://localhost:5000/update
2025-04-09 22:49:56,925 - WARNING - Attempt 3 failed to update Flask: 404 Client Error: NOT FOUND for url: http://localhost:5000/update
2025-04-09 22:49:56,926 - ERROR - Failed to update Flask after multiple attempts
2025-04-09 22:49:58,985 - WARNING - Attempt 1 failed to update Flask: 404 Client Error: NOT FOUND for url: http://localhost:5000/update
2025-04-09 22:50:03,037 - WARNING - Attempt 2 failed to update Flask: 404 Client Error: NOT FOUND for url: http://localhost:5000/update
2025-04-09 22:50:07,083 - WARNING - Attempt 3 failed to update Flask: 404 Client Error: NOT FOUND for url: http://localhost:5000/update
2025-04-09 22:50:07,083 - ERROR - Failed to update Flask after multiple attempts
2025-04-09 22:50:09,135 - WARNING - Attempt 1 failed to update Flask: 404 Client Error: NOT FOUND for url: http://localhost:5000/update
2025-04-09 22:50:13,193 - WARNING - Attempt 2 failed to update Flask: 404 Client Error: NOT FOUND for url: http://localhost:5000/update
2025-04-09 22:50:17,228 - WARNING - Attempt 3 failed to update Flask: 404 Client Error: NOT FOUND for url: http://localhost:5000/update
2025-04-09 22:50:17,229 - ERROR - Failed to update Flask after multiple attempts
2025-04-09 22:50:19,289 - WARNING - Attempt 1 failed to update Flask: 404 Client Error: NOT FOUND for url: http://localhost:5000/update
2025-04-09 22:50:23,325 - WARNING - Attempt 2 failed to update Flask: 404 Client Error: NOT FOUND for url: http://localhost:5000/update
2025-04-09 22:50:27,374 - WARNING - Attempt 3 failed to update Flask: 404 Client Error: NOT FOUND for url: http://localhost:5000/update
2025-04-09 22:50:27,375 - ERROR - Failed to update Flask after multiple attempts
2025-04-09 22:50:29,435 - WARNING - Attempt 1 failed to update Flask: 404 Client Error: NOT FOUND for url: http://localhost:5000/update
2025-04-09 22:50:33,475 - WARNING - Attempt 2 failed to update Flask: 404 Client Error: NOT FOUND for url: http://localhost:5000/update
2025-04-09 22:50:37,515 - WARNING - Attempt 3 failed to update Flask: 404 Client Error: NOT FOUND for url: http://localhost:5000/update
2025-04-09 22:50:37,516 - ERROR - Failed to update Flask after multiple attempts
2025-04-09 22:50:39,560 - WARNING - Attempt 1 failed to update Flask: 404 Client Error: NOT FOUND for url: http://localhost:5000/update
2025-04-09 22:50:43,598 - WARNING - Attempt 2 failed to update Flask: 404 Client Error: NOT FOUND for url: http://localhost:5000/update
2025-04-09 22:50:47,643 - WARNING - Attempt 3 failed to update Flask: 404 Client Error: NOT FOUND for url: http://localhost:5000/update
2025-04-09 22:50:47,643 - ERROR - Failed to update Flask after multiple attempts
2025-04-09 22:50:49,680 - WARNING - Attempt 1 failed to update Flask: 404 Client Error: NOT FOUND for url: http://localhost:5000/update
2025-04-09 22:50:53,710 - WARNING - Attempt 2 failed to update Flask: 404 Client Error: NOT FOUND for url: http://localhost:5000/update
2025-04-09 22:50:57,748 - WARNING - Attempt 3 failed to update Flask: 404 Client Error: NOT FOUND for url: http://localhost:5000/update
2025-04-09 22:50:57,748 - ERROR - Failed to update Flask after multiple attempts
2025-04-09 22:50:59,781 - WARNING - Attempt 1 failed to update Flask: 404 Client Error: NOT FOUND for url: http://localhost:5000/update
2025-04-09 22:51:03,838 - WARNING - Attempt 2 failed to update Flask: 404 Client Error: NOT FOUND for url: http://localhost:5000/update
2025-04-09 22:51:07,888 - WARNING - Attempt 3 failed to update Flask: 404 Client Error: NOT FOUND for url: http://localhost:5000/update
2025-04-09 22:51:07,888 - ERROR - Failed to update Flask after multiple attempts
2025-04-09 22:51:09,951 - WARNING - Attempt 1 failed to update Flask: 404 Client Error: NOT FOUND for url: http://localhost:5000/update
2025-04-09 22:51:13,978 - WARNING - Attempt 2 failed to update Flask: 404 Client Error: NOT FOUND for url: http://localhost:5000/update
2025-04-09 22:51:18,026 - WARNING - Attempt 3 failed to update Flask: 404 Client Error: NOT FOUND for url: http://localhost:5000/update
2025-04-09 22:51:18,026 - ERROR - Failed to update Flask after multiple attempts
2025-04-09 22:51:20,074 - WARNING - Attempt 1 failed to update Flask: 404 Client Error: NOT FOUND for url: http://localhost:5000/update
2025-04-09 22:51:24,100 - WARNING - Attempt 2 failed to update Flask: 404 Client Error: NOT FOUND for url: http://localhost:5000/update
2025-04-09 22:51:28,159 - WARNING - Attempt 3 failed to update Flask: 404 Client Error: NOT FOUND for url: http://localhost:5000/update
2025-04-09 22:51:28,159 - ERROR - Failed to update Flask after multiple attempts
2025-04-09 22:51:30,224 - WARNING - Attempt 1 failed to update Flask: 404 Client Error: NOT FOUND for url: http://localhost:5000/update
2025-04-09 22:51:34,287 - WARNING - Attempt 2 failed to update Flask: 404 Client Error: NOT FOUND for url: http://localhost:5000/update
2025-04-09 22:51:38,335 - WARNING - Attempt 3 failed to update Flask: 404 Client Error: NOT FOUND for url: http://localhost:5000/update
2025-04-09 22:51:38,336 - ERROR - Failed to update Flask after multiple attempts
2025-04-09 22:51:40,406 - WARNING - Attempt 1 failed to update Flask: 404 Client Error: NOT FOUND for url: http://localhost:5000/update
2025-04-09 22:51:44,443 - WARNING - Attempt 2 failed to update Flask: 404 Client Error: NOT FOUND for url: http://localhost:5000/update
2025-04-09 22:51:48,510 - WARNING - Attempt 3 failed to update Flask: 404 Client Error: NOT FOUND for url: http://localhost:5000/update
2025-04-09 22:51:48,510 - ERROR - Failed to update Flask after multiple attempts
2025-04-09 22:51:50,577 - WARNING - Attempt 1 failed to update Flask: 404 Client Error: NOT FOUND for url: http://localhost:5000/update
2025-04-09 22:51:54,606 - WARNING - Attempt 2 failed to update Flask: 404 Client Error: NOT FOUND for url: http://localhost:5000/update
2025-04-09 22:51:58,666 - WARNING - Attempt 3 failed to update Flask: 404 Client Error: NOT FOUND for url: http://localhost:5000/update
2025-04-09 22:51:58,667 - ERROR - Failed to update Flask after multiple attempts
2025-04-09 22:52:00,707 - WARNING - Attempt 1 failed to update Flask: 404 Client Error: NOT FOUND for url: http://localhost:5000/update
2025-04-09 22:52:04,766 - WARNING - Attempt 2 failed to update Flask: 404 Client Error: NOT FOUND for url: http://localhost:5000/update
2025-04-09 22:52:08,818 - WARNING - Attempt 3 failed to update Flask: 404 Client Error: NOT FOUND for url: http://localhost:5000/update
2025-04-09 22:52:08,819 - ERROR - Failed to update Flask after multiple attempts
2025-04-09 22:52:10,880 - WARNING - Attempt 1 failed to update Flask: 404 Client Error: NOT FOUND for url: http://localhost:5000/update
2025-04-09 22:52:14,920 - WARNING - Attempt 2 failed to update Flask: 404 Client Error: NOT FOUND for url: http://localhost:5000/update
2025-04-09 22:52:18,957 - WARNING - Attempt 3 failed to update Flask: 404 Client Error: NOT FOUND for url: http://localhost:5000/update
2025-04-09 22:52:18,958 - ERROR - Failed to update Flask after multiple attempts
2025-04-09 22:52:21,022 - WARNING - Attempt 1 failed to update Flask: 404 Client Error: NOT FOUND for url: http://localhost:5000/update
2025-04-09 22:52:25,068 - WARNING - Attempt 2 failed to update Flask: 404 Client Error: NOT FOUND for url: http://localhost:5000/update
2025-04-09 22:52:29,104 - WARNING - Attempt 3 failed to update Flask: 404 Client Error: NOT FOUND for url: http://localhost:5000/update
2025-04-09 22:52:29,105 - ERROR - Failed to update Flask after multiple attempts
2025-04-09 22:52:31,155 - WARNING - Attempt 1 failed to update Flask: 404 Client Error: NOT FOUND for url: http://localhost:5000/update
2025-04-09 22:52:35,210 - WARNING - Attempt 2 failed to update Flask: 404 Client Error: NOT FOUND for url: http://localhost:5000/update
2025-04-09 22:52:39,254 - WARNING - Attempt 3 failed to update Flask: 404 Client Error: NOT FOUND for url: http://localhost:5000/update
2025-04-09 22:52:39,256 - ERROR - Failed to update Flask after multiple attempts
2025-04-09 22:52:41,341 - WARNING - Attempt 1 failed to update Flask: 404 Client Error: NOT FOUND for url: http://localhost:5000/update
2025-04-09 22:52:45,388 - WARNING - Attempt 2 failed to update Flask: 404 Client Error: NOT FOUND for url: http://localhost:5000/update
2025-04-09 22:52:50,184 - WARNING - Attempt 3 failed to update Flask: 404 Client Error: NOT FOUND for url: http://localhost:5000/update
2025-04-09 22:52:50,185 - ERROR - Failed to update Flask after multiple attempts
2025-04-09 22:52:52,266 - WARNING - Attempt 1 failed to update Flask: 404 Client Error: NOT FOUND for url: http://localhost:5000/update
2025-04-09 22:52:56,320 - WARNING - Attempt 2 failed to update Flask: 404 Client Error: NOT FOUND for url: http://localhost:5000/update
2025-04-09 22:53:00,378 - WARNING - Attempt 3 failed to update Flask: 404 Client Error: NOT FOUND for url: http://localhost:5000/update
2025-04-09 22:53:00,378 - ERROR - Failed to update Flask after multiple attempts
2025-04-09 22:53:02,421 - WARNING - Attempt 1 failed to update Flask: 404 Client Error: NOT FOUND for url: http://localhost:5000/update
2025-04-09 22:53:06,479 - WARNING - Attempt 2 failed to update Flask: 404 Client Error: NOT FOUND for url: http://localhost:5000/update
2025-04-09 22:53:10,540 - WARNING - Attempt 3 failed to update Flask: 404 Client Error: NOT FOUND for url: http://localhost:5000/update
2025-04-09 22:53:10,540 - ERROR - Failed to update Flask after multiple attempts
2025-04-09 22:53:12,618 - WARNING - Attempt 1 failed to update Flask: 404 Client Error: NOT FOUND for url: http://localhost:5000/update
2025-04-09 22:53:16,666 - WARNING - Attempt 2 failed to update Flask: 404 Client Error: NOT FOUND for url: http://localhost:5000/update
2025-04-09 22:53:20,700 - WARNING - Attempt 3 failed to update Flask: 404 Client Error: NOT FOUND for url: http://localhost:5000/update
2025-04-09 22:53:20,701 - ERROR - Failed to update Flask after multiple attempts
2025-04-09 22:53:22,772 - WARNING - Attempt 1 failed to update Flask: 404 Client Error: NOT FOUND for url: http://localhost:5000/update
2025-04-09 22:53:26,819 - WARNING - Attempt 2 failed to update Flask: 404 Client Error: NOT FOUND for url: http://localhost:5000/update
2025-04-12 10:02:02,163 - INFO - <BrokerConnection client_id=kafka-python-2.1.2, node_id=bootstrap-0 host=localhost:9092 <connecting> [IPv6 ('::1', 9092, 0, 0)]>: connecting to localhost:9092 [('::1', 9092, 0, 0) IPv6]
2025-04-12 10:02:02,167 - INFO - Broker version identified as 2.6
2025-04-12 10:02:02,168 - INFO - <BrokerConnection client_id=kafka-python-2.1.2, node_id=bootstrap-0 host=localhost:9092 <checking_api_versions_recv> [IPv6 ('::1', 9092, 0, 0)]>: Connection complete.
2025-04-12 10:02:02,169 - INFO - Updating subscribed topics to: ('tweets',)
2025-04-12 10:02:02,169 - INFO - Consumer started successfully
2025-04-12 10:02:02,173 - INFO - <BrokerConnection client_id=kafka-python-2.1.2, node_id=0 host=LAPTOP-3AKB8UN6:9092 <connecting> [IPv6 ('fe80::5d24:cec2:79ae:1be9', 9092, 0, 16)]>: connecting to LAPTOP-3AKB8UN6:9092 [('fe80::5d24:cec2:79ae:1be9', 9092, 0, 16) IPv6]
2025-04-12 10:02:02,174 - INFO - <BrokerConnection client_id=kafka-python-2.1.2, node_id=0 host=LAPTOP-3AKB8UN6:9092 <checking_api_versions_send> [IPv6 ('fe80::5d24:cec2:79ae:1be9', 9092, 0, 16)]>: Connection complete.
2025-04-12 10:02:02,175 - INFO - <BrokerConnection client_id=kafka-python-2.1.2, node_id=bootstrap-0 host=localhost:9092 <connected> [IPv6 ('::1', 9092, 0, 0)]>: Closing connection. 
2025-04-12 10:02:02,279 - INFO - Group coordinator for sentiment-group is BrokerMetadata(nodeId='coordinator-0', host='LAPTOP-3AKB8UN6', port=9092, rack=None)
2025-04-12 10:02:02,280 - INFO - Discovered coordinator coordinator-0 for group sentiment-group
2025-04-12 10:02:02,280 - INFO - Starting new heartbeat thread
2025-04-12 10:02:02,281 - INFO - Revoking previously assigned partitions set() for group sentiment-group
2025-04-12 10:02:02,282 - INFO - <BrokerConnection client_id=kafka-python-2.1.2, node_id=coordinator-0 host=LAPTOP-3AKB8UN6:9092 <connecting> [IPv6 ('fe80::5d24:cec2:79ae:1be9', 9092, 0, 16)]>: connecting to LAPTOP-3AKB8UN6:9092 [('fe80::5d24:cec2:79ae:1be9', 9092, 0, 16) IPv6]
2025-04-12 10:02:02,283 - INFO - <BrokerConnection client_id=kafka-python-2.1.2, node_id=coordinator-0 host=LAPTOP-3AKB8UN6:9092 <checking_api_versions_send> [IPv6 ('fe80::5d24:cec2:79ae:1be9', 9092, 0, 16)]>: Connection complete.
2025-04-12 10:02:02,384 - INFO - (Re-)joining group sentiment-group
2025-04-12 10:02:02,390 - INFO - Elected group leader -- performing partition assignments using range
2025-04-12 10:02:02,395 - INFO - Successfully joined group sentiment-group with generation 7
2025-04-12 10:02:02,395 - INFO - Updated partition assignment: [TopicPartition(topic='tweets', partition=0)]
2025-04-12 10:02:02,396 - INFO - Setting newly assigned partitions {TopicPartition(topic='tweets', partition=0)} for group sentiment-group
2025-04-12 10:02:06,567 - WARNING - Attempt 1 failed to update Flask: HTTPConnectionPool(host='localhost', port=5000): Max retries exceeded with url: /update (Caused by NewConnectionError('<urllib3.connection.HTTPConnection object at 0x0000025BD4951A90>: Failed to establish a new connection: [WinError 10061] No connection could be made because the target machine actively refused it'))
2025-04-12 10:02:12,649 - WARNING - Attempt 2 failed to update Flask: HTTPConnectionPool(host='localhost', port=5000): Max retries exceeded with url: /update (Caused by NewConnectionError('<urllib3.connection.HTTPConnection object at 0x0000025BD49D9590>: Failed to establish a new connection: [WinError 10061] No connection could be made because the target machine actively refused it'))
2025-04-12 10:02:18,715 - WARNING - Attempt 3 failed to update Flask: HTTPConnectionPool(host='localhost', port=5000): Max retries exceeded with url: /update (Caused by NewConnectionError('<urllib3.connection.HTTPConnection object at 0x0000025BD49D9D10>: Failed to establish a new connection: [WinError 10061] No connection could be made because the target machine actively refused it'))
2025-04-12 10:02:18,716 - ERROR - Failed to update Flask after multiple attempts
2025-04-12 10:02:22,847 - WARNING - Attempt 1 failed to update Flask: HTTPConnectionPool(host='localhost', port=5000): Max retries exceeded with url: /update (Caused by NewConnectionError('<urllib3.connection.HTTPConnection object at 0x0000025BD4912D70>: Failed to establish a new connection: [WinError 10061] No connection could be made because the target machine actively refused it'))
2025-04-12 10:02:28,940 - WARNING - Attempt 2 failed to update Flask: HTTPConnectionPool(host='localhost', port=5000): Max retries exceeded with url: /update (Caused by NewConnectionError('<urllib3.connection.HTTPConnection object at 0x0000025BD4912650>: Failed to establish a new connection: [WinError 10061] No connection could be made because the target machine actively refused it'))
2025-04-12 10:02:35,051 - WARNING - Attempt 3 failed to update Flask: HTTPConnectionPool(host='localhost', port=5000): Max retries exceeded with url: /update (Caused by NewConnectionError('<urllib3.connection.HTTPConnection object at 0x0000025BD4A50EF0>: Failed to establish a new connection: [WinError 10061] No connection could be made because the target machine actively refused it'))
2025-04-12 10:02:35,052 - ERROR - Failed to update Flask after multiple attempts
2025-04-12 10:02:39,149 - WARNING - Attempt 1 failed to update Flask: HTTPConnectionPool(host='localhost', port=5000): Max retries exceeded with url: /update (Caused by NewConnectionError('<urllib3.connection.HTTPConnection object at 0x0000025BD49C8380>: Failed to establish a new connection: [WinError 10061] No connection could be made because the target machine actively refused it'))
2025-04-12 10:02:45,240 - WARNING - Attempt 2 failed to update Flask: HTTPConnectionPool(host='localhost', port=5000): Max retries exceeded with url: /update (Caused by NewConnectionError('<urllib3.connection.HTTPConnection object at 0x0000025BD49C8C00>: Failed to establish a new connection: [WinError 10061] No connection could be made because the target machine actively refused it'))
2025-04-12 10:02:51,349 - WARNING - Attempt 3 failed to update Flask: HTTPConnectionPool(host='localhost', port=5000): Max retries exceeded with url: /update (Caused by NewConnectionError('<urllib3.connection.HTTPConnection object at 0x0000025BD49C8E20>: Failed to establish a new connection: [WinError 10061] No connection could be made because the target machine actively refused it'))
2025-04-12 10:02:51,350 - ERROR - Failed to update Flask after multiple attempts
2025-04-12 10:02:55,480 - WARNING - Attempt 1 failed to update Flask: HTTPConnectionPool(host='localhost', port=5000): Max retries exceeded with url: /update (Caused by NewConnectionError('<urllib3.connection.HTTPConnection object at 0x0000025BD49C9040>: Failed to establish a new connection: [WinError 10061] No connection could be made because the target machine actively refused it'))
2025-04-12 10:03:01,566 - WARNING - Attempt 2 failed to update Flask: HTTPConnectionPool(host='localhost', port=5000): Max retries exceeded with url: /update (Caused by NewConnectionError('<urllib3.connection.HTTPConnection object at 0x0000025BD49C9370>: Failed to establish a new connection: [WinError 10061] No connection could be made because the target machine actively refused it'))
2025-04-12 10:03:07,683 - WARNING - Attempt 3 failed to update Flask: HTTPConnectionPool(host='localhost', port=5000): Max retries exceeded with url: /update (Caused by NewConnectionError('<urllib3.connection.HTTPConnection object at 0x0000025BD49C9590>: Failed to establish a new connection: [WinError 10061] No connection could be made because the target machine actively refused it'))
2025-04-12 10:03:07,683 - ERROR - Failed to update Flask after multiple attempts
2025-04-12 10:03:11,760 - WARNING - Attempt 1 failed to update Flask: HTTPConnectionPool(host='localhost', port=5000): Max retries exceeded with url: /update (Caused by NewConnectionError('<urllib3.connection.HTTPConnection object at 0x0000025BD49C97B0>: Failed to establish a new connection: [WinError 10061] No connection could be made because the target machine actively refused it'))
2025-04-12 10:03:17,815 - WARNING - Attempt 2 failed to update Flask: HTTPConnectionPool(host='localhost', port=5000): Max retries exceeded with url: /update (Caused by NewConnectionError('<urllib3.connection.HTTPConnection object at 0x0000025BD49C9AE0>: Failed to establish a new connection: [WinError 10061] No connection could be made because the target machine actively refused it'))
2025-04-12 10:03:23,876 - WARNING - Attempt 3 failed to update Flask: HTTPConnectionPool(host='localhost', port=5000): Max retries exceeded with url: /update (Caused by NewConnectionError('<urllib3.connection.HTTPConnection object at 0x0000025BD49C9D00>: Failed to establish a new connection: [WinError 10061] No connection could be made because the target machine actively refused it'))
2025-04-12 10:03:23,877 - ERROR - Failed to update Flask after multiple attempts
2025-04-12 10:03:27,939 - WARNING - Attempt 1 failed to update Flask: HTTPConnectionPool(host='localhost', port=5000): Max retries exceeded with url: /update (Caused by NewConnectionError('<urllib3.connection.HTTPConnection object at 0x0000025BD49C9F20>: Failed to establish a new connection: [WinError 10061] No connection could be made because the target machine actively refused it'))
2025-04-12 10:03:34,002 - WARNING - Attempt 2 failed to update Flask: HTTPConnectionPool(host='localhost', port=5000): Max retries exceeded with url: /update (Caused by NewConnectionError('<urllib3.connection.HTTPConnection object at 0x0000025BD48E3DF0>: Failed to establish a new connection: [WinError 10061] No connection could be made because the target machine actively refused it'))
2025-04-12 10:03:40,065 - WARNING - Attempt 3 failed to update Flask: HTTPConnectionPool(host='localhost', port=5000): Max retries exceeded with url: /update (Caused by NewConnectionError('<urllib3.connection.HTTPConnection object at 0x0000025BD48E39B0>: Failed to establish a new connection: [WinError 10061] No connection could be made because the target machine actively refused it'))
2025-04-12 10:03:40,065 - ERROR - Failed to update Flask after multiple attempts
2025-04-12 10:03:44,162 - WARNING - Attempt 1 failed to update Flask: HTTPConnectionPool(host='localhost', port=5000): Max retries exceeded with url: /update (Caused by NewConnectionError('<urllib3.connection.HTTPConnection object at 0x0000025BD48E3CE0>: Failed to establish a new connection: [WinError 10061] No connection could be made because the target machine actively refused it'))
2025-04-12 10:03:50,219 - WARNING - Attempt 2 failed to update Flask: 404 Client Error: NOT FOUND for url: http://localhost:5000/update
2025-04-12 10:03:54,266 - WARNING - Attempt 3 failed to update Flask: 404 Client Error: NOT FOUND for url: http://localhost:5000/update
2025-04-12 10:03:54,266 - ERROR - Failed to update Flask after multiple attempts
2025-04-12 10:03:56,322 - WARNING - Attempt 1 failed to update Flask: 404 Client Error: NOT FOUND for url: http://localhost:5000/update
2025-04-12 10:04:00,365 - WARNING - Attempt 2 failed to update Flask: 404 Client Error: NOT FOUND for url: http://localhost:5000/update
2025-04-12 10:04:04,402 - WARNING - Attempt 3 failed to update Flask: 404 Client Error: NOT FOUND for url: http://localhost:5000/update
2025-04-12 10:04:04,403 - ERROR - Failed to update Flask after multiple attempts
2025-04-12 10:04:06,450 - WARNING - Attempt 1 failed to update Flask: 404 Client Error: NOT FOUND for url: http://localhost:5000/update
2025-04-12 10:04:10,476 - WARNING - Attempt 2 failed to update Flask: 404 Client Error: NOT FOUND for url: http://localhost:5000/update
2025-04-12 10:04:14,549 - WARNING - Attempt 3 failed to update Flask: 404 Client Error: NOT FOUND for url: http://localhost:5000/update
2025-04-12 10:04:14,550 - ERROR - Failed to update Flask after multiple attempts
2025-04-12 10:04:16,621 - WARNING - Attempt 1 failed to update Flask: 404 Client Error: NOT FOUND for url: http://localhost:5000/update
2025-04-12 10:04:20,675 - WARNING - Attempt 2 failed to update Flask: 404 Client Error: NOT FOUND for url: http://localhost:5000/update
2025-04-12 10:04:24,743 - WARNING - Attempt 3 failed to update Flask: 404 Client Error: NOT FOUND for url: http://localhost:5000/update
2025-04-12 10:04:24,743 - ERROR - Failed to update Flask after multiple attempts
2025-04-12 10:04:26,788 - WARNING - Attempt 1 failed to update Flask: 404 Client Error: NOT FOUND for url: http://localhost:5000/update
2025-04-12 10:04:30,850 - WARNING - Attempt 2 failed to update Flask: 404 Client Error: NOT FOUND for url: http://localhost:5000/update
2025-04-12 10:04:34,918 - WARNING - Attempt 3 failed to update Flask: 404 Client Error: NOT FOUND for url: http://localhost:5000/update
2025-04-12 10:04:34,919 - ERROR - Failed to update Flask after multiple attempts
2025-04-12 10:04:36,972 - WARNING - Attempt 1 failed to update Flask: 404 Client Error: NOT FOUND for url: http://localhost:5000/update
2025-04-12 10:04:41,046 - WARNING - Attempt 2 failed to update Flask: 404 Client Error: NOT FOUND for url: http://localhost:5000/update
2025-04-12 10:04:45,100 - WARNING - Attempt 3 failed to update Flask: 404 Client Error: NOT FOUND for url: http://localhost:5000/update
2025-04-12 10:04:45,100 - ERROR - Failed to update Flask after multiple attempts
2025-04-12 10:04:47,154 - WARNING - Attempt 1 failed to update Flask: 404 Client Error: NOT FOUND for url: http://localhost:5000/update
2025-04-12 10:04:51,200 - WARNING - Attempt 2 failed to update Flask: 404 Client Error: NOT FOUND for url: http://localhost:5000/update
2025-04-12 10:04:55,257 - WARNING - Attempt 3 failed to update Flask: 404 Client Error: NOT FOUND for url: http://localhost:5000/update
2025-04-12 10:04:55,258 - ERROR - Failed to update Flask after multiple attempts
2025-04-12 10:04:57,327 - WARNING - Attempt 1 failed to update Flask: 404 Client Error: NOT FOUND for url: http://localhost:5000/update
2025-04-12 10:05:01,376 - WARNING - Attempt 2 failed to update Flask: 404 Client Error: NOT FOUND for url: http://localhost:5000/update
2025-04-12 10:05:05,417 - WARNING - Attempt 3 failed to update Flask: 404 Client Error: NOT FOUND for url: http://localhost:5000/update
2025-04-12 10:05:05,417 - ERROR - Failed to update Flask after multiple attempts
2025-04-12 10:05:07,477 - WARNING - Attempt 1 failed to update Flask: 404 Client Error: NOT FOUND for url: http://localhost:5000/update
2025-04-12 10:05:11,540 - WARNING - Attempt 2 failed to update Flask: 404 Client Error: NOT FOUND for url: http://localhost:5000/update
2025-04-12 10:05:15,586 - WARNING - Attempt 3 failed to update Flask: 404 Client Error: NOT FOUND for url: http://localhost:5000/update
2025-04-12 10:05:15,586 - ERROR - Failed to update Flask after multiple attempts
2025-04-12 10:05:17,639 - WARNING - Attempt 1 failed to update Flask: 404 Client Error: NOT FOUND for url: http://localhost:5000/update
2025-04-12 10:05:21,680 - WARNING - Attempt 2 failed to update Flask: 404 Client Error: NOT FOUND for url: http://localhost:5000/update
2025-04-12 10:05:25,723 - WARNING - Attempt 3 failed to update Flask: 404 Client Error: NOT FOUND for url: http://localhost:5000/update
2025-04-12 10:05:25,724 - ERROR - Failed to update Flask after multiple attempts
2025-04-12 10:05:27,789 - WARNING - Attempt 1 failed to update Flask: 404 Client Error: NOT FOUND for url: http://localhost:5000/update
2025-04-12 10:05:31,834 - WARNING - Attempt 2 failed to update Flask: 404 Client Error: NOT FOUND for url: http://localhost:5000/update
2025-04-12 10:05:35,887 - WARNING - Attempt 3 failed to update Flask: 404 Client Error: NOT FOUND for url: http://localhost:5000/update
2025-04-12 10:05:35,888 - ERROR - Failed to update Flask after multiple attempts
2025-04-12 10:05:37,954 - WARNING - Attempt 1 failed to update Flask: 404 Client Error: NOT FOUND for url: http://localhost:5000/update
2025-04-12 10:05:42,011 - WARNING - Attempt 2 failed to update Flask: 404 Client Error: NOT FOUND for url: http://localhost:5000/update
2025-04-12 10:05:46,068 - WARNING - Attempt 3 failed to update Flask: 404 Client Error: NOT FOUND for url: http://localhost:5000/update
2025-04-12 10:05:46,068 - ERROR - Failed to update Flask after multiple attempts
2025-04-12 10:05:48,127 - WARNING - Attempt 1 failed to update Flask: 404 Client Error: NOT FOUND for url: http://localhost:5000/update
2025-04-12 10:05:52,162 - WARNING - Attempt 2 failed to update Flask: 404 Client Error: NOT FOUND for url: http://localhost:5000/update
2025-04-12 10:05:56,194 - WARNING - Attempt 3 failed to update Flask: 404 Client Error: NOT FOUND for url: http://localhost:5000/update
2025-04-12 10:05:56,195 - ERROR - Failed to update Flask after multiple attempts
2025-04-12 10:05:58,251 - WARNING - Attempt 1 failed to update Flask: 404 Client Error: NOT FOUND for url: http://localhost:5000/update
2025-04-12 10:06:02,330 - WARNING - Attempt 2 failed to update Flask: 404 Client Error: NOT FOUND for url: http://localhost:5000/update
2025-04-12 10:06:06,376 - WARNING - Attempt 3 failed to update Flask: 404 Client Error: NOT FOUND for url: http://localhost:5000/update
2025-04-12 10:06:06,377 - ERROR - Failed to update Flask after multiple attempts
2025-04-12 10:06:08,439 - WARNING - Attempt 1 failed to update Flask: 404 Client Error: NOT FOUND for url: http://localhost:5000/update
2025-04-12 10:06:12,487 - WARNING - Attempt 2 failed to update Flask: 404 Client Error: NOT FOUND for url: http://localhost:5000/update
2025-04-12 10:06:16,528 - WARNING - Attempt 3 failed to update Flask: 404 Client Error: NOT FOUND for url: http://localhost:5000/update
2025-04-12 10:06:16,529 - ERROR - Failed to update Flask after multiple attempts
2025-04-12 10:06:18,595 - WARNING - Attempt 1 failed to update Flask: 404 Client Error: NOT FOUND for url: http://localhost:5000/update
2025-04-12 10:06:22,638 - WARNING - Attempt 2 failed to update Flask: 404 Client Error: NOT FOUND for url: http://localhost:5000/update
2025-04-12 10:06:26,682 - WARNING - Attempt 3 failed to update Flask: 404 Client Error: NOT FOUND for url: http://localhost:5000/update
2025-04-12 10:06:26,682 - ERROR - Failed to update Flask after multiple attempts
2025-04-12 10:06:28,744 - WARNING - Attempt 1 failed to update Flask: 404 Client Error: NOT FOUND for url: http://localhost:5000/update
2025-04-12 10:06:32,794 - WARNING - Attempt 2 failed to update Flask: 404 Client Error: NOT FOUND for url: http://localhost:5000/update
2025-04-12 10:06:36,841 - WARNING - Attempt 3 failed to update Flask: 404 Client Error: NOT FOUND for url: http://localhost:5000/update
2025-04-12 10:06:36,842 - ERROR - Failed to update Flask after multiple attempts
2025-04-12 10:06:38,904 - WARNING - Attempt 1 failed to update Flask: 404 Client Error: NOT FOUND for url: http://localhost:5000/update
2025-04-12 10:06:42,941 - WARNING - Attempt 2 failed to update Flask: 404 Client Error: NOT FOUND for url: http://localhost:5000/update
2025-04-12 10:06:46,988 - WARNING - Attempt 3 failed to update Flask: 404 Client Error: NOT FOUND for url: http://localhost:5000/update
2025-04-12 10:06:46,989 - ERROR - Failed to update Flask after multiple attempts
2025-04-12 10:06:49,043 - WARNING - Attempt 1 failed to update Flask: 404 Client Error: NOT FOUND for url: http://localhost:5000/update
2025-04-12 10:06:53,087 - WARNING - Attempt 2 failed to update Flask: 404 Client Error: NOT FOUND for url: http://localhost:5000/update
2025-04-12 10:06:57,141 - WARNING - Attempt 3 failed to update Flask: 404 Client Error: NOT FOUND for url: http://localhost:5000/update
2025-04-12 10:06:57,142 - ERROR - Failed to update Flask after multiple attempts
2025-04-12 10:06:59,200 - WARNING - Attempt 1 failed to update Flask: 404 Client Error: NOT FOUND for url: http://localhost:5000/update
2025-04-12 10:07:02,455 - WARNING - Heartbeat poll expired, leaving group
2025-04-12 10:07:02,457 - INFO - Leaving consumer group (sentiment-group).
2025-04-12 10:07:02,528 - ERROR - Heartbeat thread for group sentiment-group failed due to unexpected error: cannot release un-acquired lock
2025-04-12 10:07:03,241 - WARNING - Attempt 2 failed to update Flask: 404 Client Error: NOT FOUND for url: http://localhost:5000/update
2025-04-12 10:07:07,283 - WARNING - Attempt 3 failed to update Flask: 404 Client Error: NOT FOUND for url: http://localhost:5000/update
2025-04-12 10:07:07,283 - ERROR - Failed to update Flask after multiple attempts
2025-04-12 10:07:09,322 - WARNING - Attempt 1 failed to update Flask: 404 Client Error: NOT FOUND for url: http://localhost:5000/update
2025-04-12 10:07:13,379 - WARNING - Attempt 2 failed to update Flask: 404 Client Error: NOT FOUND for url: http://localhost:5000/update
2025-04-12 10:07:17,444 - WARNING - Attempt 3 failed to update Flask: 404 Client Error: NOT FOUND for url: http://localhost:5000/update
2025-04-12 10:07:17,445 - ERROR - Failed to update Flask after multiple attempts
2025-04-12 10:07:19,510 - WARNING - Attempt 1 failed to update Flask: 404 Client Error: NOT FOUND for url: http://localhost:5000/update
2025-04-12 10:07:23,574 - WARNING - Attempt 2 failed to update Flask: 404 Client Error: NOT FOUND for url: http://localhost:5000/update
2025-04-12 10:07:27,629 - WARNING - Attempt 3 failed to update Flask: 404 Client Error: NOT FOUND for url: http://localhost:5000/update
2025-04-12 10:07:27,630 - ERROR - Failed to update Flask after multiple attempts
2025-04-12 10:07:29,670 - WARNING - Attempt 1 failed to update Flask: 404 Client Error: NOT FOUND for url: http://localhost:5000/update
2025-04-12 10:07:33,712 - WARNING - Attempt 2 failed to update Flask: 404 Client Error: NOT FOUND for url: http://localhost:5000/update
2025-04-12 10:07:37,751 - WARNING - Attempt 3 failed to update Flask: 404 Client Error: NOT FOUND for url: http://localhost:5000/update
2025-04-12 10:07:37,752 - ERROR - Failed to update Flask after multiple attempts
2025-04-12 10:07:39,802 - WARNING - Attempt 1 failed to update Flask: 404 Client Error: NOT FOUND for url: http://localhost:5000/update
2025-04-12 10:07:43,865 - WARNING - Attempt 2 failed to update Flask: 404 Client Error: NOT FOUND for url: http://localhost:5000/update
2025-04-12 10:07:47,921 - WARNING - Attempt 3 failed to update Flask: 404 Client Error: NOT FOUND for url: http://localhost:5000/update
2025-04-12 10:07:47,922 - ERROR - Failed to update Flask after multiple attempts
2025-04-12 10:07:50,004 - WARNING - Attempt 1 failed to update Flask: 404 Client Error: NOT FOUND for url: http://localhost:5000/update
2025-04-12 10:07:54,061 - WARNING - Attempt 2 failed to update Flask: 404 Client Error: NOT FOUND for url: http://localhost:5000/update
2025-04-12 10:07:58,111 - WARNING - Attempt 3 failed to update Flask: 404 Client Error: NOT FOUND for url: http://localhost:5000/update
2025-04-12 10:07:58,112 - ERROR - Failed to update Flask after multiple attempts
2025-04-12 10:08:00,169 - WARNING - Attempt 1 failed to update Flask: 404 Client Error: NOT FOUND for url: http://localhost:5000/update
2025-04-12 10:08:04,209 - WARNING - Attempt 2 failed to update Flask: 404 Client Error: NOT FOUND for url: http://localhost:5000/update
2025-04-12 10:08:08,255 - WARNING - Attempt 3 failed to update Flask: 404 Client Error: NOT FOUND for url: http://localhost:5000/update
2025-04-12 10:08:08,256 - ERROR - Failed to update Flask after multiple attempts
2025-04-12 10:08:10,308 - WARNING - Attempt 1 failed to update Flask: 404 Client Error: NOT FOUND for url: http://localhost:5000/update
2025-04-12 10:08:14,377 - WARNING - Attempt 2 failed to update Flask: 404 Client Error: NOT FOUND for url: http://localhost:5000/update
2025-04-12 10:08:18,437 - WARNING - Attempt 3 failed to update Flask: 404 Client Error: NOT FOUND for url: http://localhost:5000/update
2025-04-12 10:08:18,437 - ERROR - Failed to update Flask after multiple attempts
2025-04-12 10:08:20,492 - WARNING - Attempt 1 failed to update Flask: 404 Client Error: NOT FOUND for url: http://localhost:5000/update
2025-04-12 10:08:24,522 - WARNING - Attempt 2 failed to update Flask: 404 Client Error: NOT FOUND for url: http://localhost:5000/update
2025-04-12 10:08:28,556 - WARNING - Attempt 3 failed to update Flask: 404 Client Error: NOT FOUND for url: http://localhost:5000/update
2025-04-12 10:08:28,556 - ERROR - Failed to update Flask after multiple attempts
2025-04-12 10:08:30,632 - WARNING - Attempt 1 failed to update Flask: 404 Client Error: NOT FOUND for url: http://localhost:5000/update
2025-04-12 10:08:34,658 - WARNING - Attempt 2 failed to update Flask: 404 Client Error: NOT FOUND for url: http://localhost:5000/update
2025-04-12 10:08:38,704 - WARNING - Attempt 3 failed to update Flask: 404 Client Error: NOT FOUND for url: http://localhost:5000/update
2025-04-12 10:08:38,705 - ERROR - Failed to update Flask after multiple attempts
2025-04-12 10:08:40,752 - WARNING - Attempt 1 failed to update Flask: 404 Client Error: NOT FOUND for url: http://localhost:5000/update
2025-04-12 10:08:44,802 - WARNING - Attempt 2 failed to update Flask: 404 Client Error: NOT FOUND for url: http://localhost:5000/update
2025-04-12 10:08:48,858 - WARNING - Attempt 3 failed to update Flask: 404 Client Error: NOT FOUND for url: http://localhost:5000/update
2025-04-12 10:08:48,859 - ERROR - Failed to update Flask after multiple attempts
2025-04-12 10:08:50,899 - WARNING - Attempt 1 failed to update Flask: 404 Client Error: NOT FOUND for url: http://localhost:5000/update
2025-04-12 10:08:54,960 - WARNING - Attempt 2 failed to update Flask: 404 Client Error: NOT FOUND for url: http://localhost:5000/update
2025-04-12 10:08:59,014 - WARNING - Attempt 3 failed to update Flask: 404 Client Error: NOT FOUND for url: http://localhost:5000/update
2025-04-12 10:08:59,014 - ERROR - Failed to update Flask after multiple attempts
2025-04-12 10:09:01,063 - WARNING - Attempt 1 failed to update Flask: 404 Client Error: NOT FOUND for url: http://localhost:5000/update
2025-04-12 10:09:05,108 - WARNING - Attempt 2 failed to update Flask: 404 Client Error: NOT FOUND for url: http://localhost:5000/update
2025-04-12 10:09:09,171 - WARNING - Attempt 3 failed to update Flask: 404 Client Error: NOT FOUND for url: http://localhost:5000/update
2025-04-12 10:09:09,171 - ERROR - Failed to update Flask after multiple attempts
2025-04-12 10:09:11,230 - WARNING - Attempt 1 failed to update Flask: 404 Client Error: NOT FOUND for url: http://localhost:5000/update
2025-04-12 10:09:15,266 - WARNING - Attempt 2 failed to update Flask: 404 Client Error: NOT FOUND for url: http://localhost:5000/update
2025-04-12 10:09:19,315 - WARNING - Attempt 3 failed to update Flask: 404 Client Error: NOT FOUND for url: http://localhost:5000/update
2025-04-12 10:09:19,315 - ERROR - Failed to update Flask after multiple attempts
2025-04-12 10:09:21,376 - WARNING - Attempt 1 failed to update Flask: 404 Client Error: NOT FOUND for url: http://localhost:5000/update
2025-04-12 10:09:25,445 - WARNING - Attempt 2 failed to update Flask: 404 Client Error: NOT FOUND for url: http://localhost:5000/update
2025-04-12 10:09:29,502 - WARNING - Attempt 3 failed to update Flask: 404 Client Error: NOT FOUND for url: http://localhost:5000/update
2025-04-12 10:09:29,502 - ERROR - Failed to update Flask after multiple attempts
2025-04-12 10:09:31,534 - WARNING - Attempt 1 failed to update Flask: 404 Client Error: NOT FOUND for url: http://localhost:5000/update
2025-04-12 10:09:35,567 - WARNING - Attempt 2 failed to update Flask: 404 Client Error: NOT FOUND for url: http://localhost:5000/update
2025-04-12 10:09:39,619 - WARNING - Attempt 3 failed to update Flask: 404 Client Error: NOT FOUND for url: http://localhost:5000/update
2025-04-12 10:09:39,625 - ERROR - Failed to update Flask after multiple attempts
2025-04-12 10:09:41,683 - WARNING - Attempt 1 failed to update Flask: 404 Client Error: NOT FOUND for url: http://localhost:5000/update
2025-04-12 10:09:45,727 - WARNING - Attempt 2 failed to update Flask: 404 Client Error: NOT FOUND for url: http://localhost:5000/update
2025-04-12 10:09:49,783 - WARNING - Attempt 3 failed to update Flask: 404 Client Error: NOT FOUND for url: http://localhost:5000/update
2025-04-12 10:09:49,783 - ERROR - Failed to update Flask after multiple attempts
2025-04-12 10:09:51,848 - WARNING - Attempt 1 failed to update Flask: 404 Client Error: NOT FOUND for url: http://localhost:5000/update
2025-04-12 10:09:55,891 - WARNING - Attempt 2 failed to update Flask: 404 Client Error: NOT FOUND for url: http://localhost:5000/update
2025-04-12 10:09:59,943 - WARNING - Attempt 3 failed to update Flask: 404 Client Error: NOT FOUND for url: http://localhost:5000/update
2025-04-12 10:09:59,944 - ERROR - Failed to update Flask after multiple attempts
2025-04-12 10:10:02,012 - WARNING - Attempt 1 failed to update Flask: 404 Client Error: NOT FOUND for url: http://localhost:5000/update
2025-04-12 10:10:06,049 - WARNING - Attempt 2 failed to update Flask: 404 Client Error: NOT FOUND for url: http://localhost:5000/update
2025-04-12 10:10:10,109 - WARNING - Attempt 3 failed to update Flask: 404 Client Error: NOT FOUND for url: http://localhost:5000/update
2025-04-12 10:10:10,110 - ERROR - Failed to update Flask after multiple attempts
2025-04-12 10:10:12,165 - WARNING - Attempt 1 failed to update Flask: 404 Client Error: NOT FOUND for url: http://localhost:5000/update
2025-04-12 10:10:16,200 - WARNING - Attempt 2 failed to update Flask: 404 Client Error: NOT FOUND for url: http://localhost:5000/update
2025-04-12 10:10:20,251 - WARNING - Attempt 3 failed to update Flask: 404 Client Error: NOT FOUND for url: http://localhost:5000/update
2025-04-12 10:10:20,251 - ERROR - Failed to update Flask after multiple attempts
2025-04-12 10:10:22,323 - WARNING - Attempt 1 failed to update Flask: 404 Client Error: NOT FOUND for url: http://localhost:5000/update
2025-04-12 10:10:26,396 - WARNING - Attempt 2 failed to update Flask: 404 Client Error: NOT FOUND for url: http://localhost:5000/update
2025-04-12 10:10:30,458 - WARNING - Attempt 3 failed to update Flask: 404 Client Error: NOT FOUND for url: http://localhost:5000/update
2025-04-12 10:10:30,458 - ERROR - Failed to update Flask after multiple attempts
2025-04-12 10:10:32,528 - WARNING - Attempt 1 failed to update Flask: 404 Client Error: NOT FOUND for url: http://localhost:5000/update
2025-04-12 10:10:36,570 - WARNING - Attempt 2 failed to update Flask: 404 Client Error: NOT FOUND for url: http://localhost:5000/update
2025-04-12 10:10:40,604 - WARNING - Attempt 3 failed to update Flask: 404 Client Error: NOT FOUND for url: http://localhost:5000/update
2025-04-12 10:10:40,605 - ERROR - Failed to update Flask after multiple attempts
2025-04-12 10:10:42,665 - WARNING - Attempt 1 failed to update Flask: 404 Client Error: NOT FOUND for url: http://localhost:5000/update
2025-04-12 10:10:46,715 - WARNING - Attempt 2 failed to update Flask: 404 Client Error: NOT FOUND for url: http://localhost:5000/update
2025-04-12 10:10:50,773 - WARNING - Attempt 3 failed to update Flask: 404 Client Error: NOT FOUND for url: http://localhost:5000/update
2025-04-12 10:10:50,773 - ERROR - Failed to update Flask after multiple attempts
2025-04-12 10:10:52,839 - WARNING - Attempt 1 failed to update Flask: 404 Client Error: NOT FOUND for url: http://localhost:5000/update
2025-04-12 10:10:56,883 - WARNING - Attempt 2 failed to update Flask: 404 Client Error: NOT FOUND for url: http://localhost:5000/update
2025-04-12 10:11:00,915 - WARNING - Attempt 3 failed to update Flask: 404 Client Error: NOT FOUND for url: http://localhost:5000/update
2025-04-12 10:11:00,916 - ERROR - Failed to update Flask after multiple attempts
2025-04-12 10:11:02,985 - WARNING - Attempt 1 failed to update Flask: 404 Client Error: NOT FOUND for url: http://localhost:5000/update
2025-04-12 10:11:07,036 - WARNING - Attempt 2 failed to update Flask: 404 Client Error: NOT FOUND for url: http://localhost:5000/update
2025-04-12 10:11:11,087 - WARNING - Attempt 3 failed to update Flask: 404 Client Error: NOT FOUND for url: http://localhost:5000/update
2025-04-12 10:11:11,088 - ERROR - Failed to update Flask after multiple attempts
2025-04-12 10:11:13,156 - WARNING - Attempt 1 failed to update Flask: 404 Client Error: NOT FOUND for url: http://localhost:5000/update
2025-04-12 10:11:17,241 - WARNING - Attempt 2 failed to update Flask: 404 Client Error: NOT FOUND for url: http://localhost:5000/update
2025-04-12 10:11:21,290 - WARNING - Attempt 3 failed to update Flask: 404 Client Error: NOT FOUND for url: http://localhost:5000/update
2025-04-12 10:11:21,290 - ERROR - Failed to update Flask after multiple attempts
2025-04-12 10:11:23,361 - WARNING - Attempt 1 failed to update Flask: 404 Client Error: NOT FOUND for url: http://localhost:5000/update
2025-04-12 10:11:27,409 - WARNING - Attempt 2 failed to update Flask: 404 Client Error: NOT FOUND for url: http://localhost:5000/update
2025-04-12 10:11:31,459 - WARNING - Attempt 3 failed to update Flask: 404 Client Error: NOT FOUND for url: http://localhost:5000/update
2025-04-12 10:11:31,459 - ERROR - Failed to update Flask after multiple attempts
2025-04-12 10:11:33,533 - WARNING - Attempt 1 failed to update Flask: 404 Client Error: NOT FOUND for url: http://localhost:5000/update
2025-04-12 10:11:37,561 - WARNING - Attempt 2 failed to update Flask: 404 Client Error: NOT FOUND for url: http://localhost:5000/update
2025-04-12 10:11:41,609 - WARNING - Attempt 3 failed to update Flask: 404 Client Error: NOT FOUND for url: http://localhost:5000/update
2025-04-12 10:11:41,609 - ERROR - Failed to update Flask after multiple attempts
2025-04-12 10:11:43,660 - WARNING - Attempt 1 failed to update Flask: 404 Client Error: NOT FOUND for url: http://localhost:5000/update
2025-04-12 10:11:47,685 - WARNING - Attempt 2 failed to update Flask: 404 Client Error: NOT FOUND for url: http://localhost:5000/update
2025-04-12 10:11:51,742 - WARNING - Attempt 3 failed to update Flask: 404 Client Error: NOT FOUND for url: http://localhost:5000/update
2025-04-12 10:11:51,743 - ERROR - Failed to update Flask after multiple attempts
2025-04-12 10:11:53,815 - WARNING - Attempt 1 failed to update Flask: 404 Client Error: NOT FOUND for url: http://localhost:5000/update
2025-04-12 10:11:57,850 - WARNING - Attempt 2 failed to update Flask: 404 Client Error: NOT FOUND for url: http://localhost:5000/update
2025-04-12 10:12:01,914 - WARNING - Attempt 3 failed to update Flask: 404 Client Error: NOT FOUND for url: http://localhost:5000/update
2025-04-12 10:12:01,914 - ERROR - Failed to update Flask after multiple attempts
2025-04-12 10:12:03,979 - WARNING - Attempt 1 failed to update Flask: 404 Client Error: NOT FOUND for url: http://localhost:5000/update
2025-04-12 10:12:08,025 - WARNING - Attempt 2 failed to update Flask: 404 Client Error: NOT FOUND for url: http://localhost:5000/update
2025-04-12 10:12:12,081 - WARNING - Attempt 3 failed to update Flask: 404 Client Error: NOT FOUND for url: http://localhost:5000/update
2025-04-12 10:12:12,082 - ERROR - Failed to update Flask after multiple attempts
2025-04-12 10:12:14,154 - WARNING - Attempt 1 failed to update Flask: 404 Client Error: NOT FOUND for url: http://localhost:5000/update
2025-04-12 10:12:18,185 - WARNING - Attempt 2 failed to update Flask: 404 Client Error: NOT FOUND for url: http://localhost:5000/update
2025-04-12 10:12:22,229 - WARNING - Attempt 3 failed to update Flask: 404 Client Error: NOT FOUND for url: http://localhost:5000/update
2025-04-12 10:12:22,230 - ERROR - Failed to update Flask after multiple attempts
2025-04-12 10:12:24,287 - WARNING - Attempt 1 failed to update Flask: 404 Client Error: NOT FOUND for url: http://localhost:5000/update
2025-04-12 10:12:28,342 - WARNING - Attempt 2 failed to update Flask: 404 Client Error: NOT FOUND for url: http://localhost:5000/update
2025-04-12 10:12:32,392 - WARNING - Attempt 3 failed to update Flask: 404 Client Error: NOT FOUND for url: http://localhost:5000/update
2025-04-12 10:12:32,392 - ERROR - Failed to update Flask after multiple attempts
2025-04-12 10:12:34,454 - WARNING - Attempt 1 failed to update Flask: 404 Client Error: NOT FOUND for url: http://localhost:5000/update
2025-04-12 10:12:38,486 - WARNING - Attempt 2 failed to update Flask: 404 Client Error: NOT FOUND for url: http://localhost:5000/update
2025-04-12 10:12:42,535 - WARNING - Attempt 3 failed to update Flask: 404 Client Error: NOT FOUND for url: http://localhost:5000/update
2025-04-12 10:12:42,535 - ERROR - Failed to update Flask after multiple attempts
2025-04-12 10:12:44,589 - WARNING - Attempt 1 failed to update Flask: 404 Client Error: NOT FOUND for url: http://localhost:5000/update
2025-04-12 10:12:48,643 - WARNING - Attempt 2 failed to update Flask: 404 Client Error: NOT FOUND for url: http://localhost:5000/update
2025-04-12 10:12:52,690 - WARNING - Attempt 3 failed to update Flask: 404 Client Error: NOT FOUND for url: http://localhost:5000/update
2025-04-12 10:12:52,690 - ERROR - Failed to update Flask after multiple attempts
2025-04-12 10:12:54,748 - WARNING - Attempt 1 failed to update Flask: 404 Client Error: NOT FOUND for url: http://localhost:5000/update
2025-04-12 10:12:58,814 - WARNING - Attempt 2 failed to update Flask: 404 Client Error: NOT FOUND for url: http://localhost:5000/update
2025-04-12 10:13:02,869 - WARNING - Attempt 3 failed to update Flask: 404 Client Error: NOT FOUND for url: http://localhost:5000/update
2025-04-12 10:13:02,870 - ERROR - Failed to update Flask after multiple attempts
2025-04-12 10:13:04,940 - WARNING - Attempt 1 failed to update Flask: 404 Client Error: NOT FOUND for url: http://localhost:5000/update
2025-04-12 10:13:08,984 - WARNING - Attempt 2 failed to update Flask: 404 Client Error: NOT FOUND for url: http://localhost:5000/update
2025-04-12 10:13:13,015 - WARNING - Attempt 3 failed to update Flask: 404 Client Error: NOT FOUND for url: http://localhost:5000/update
2025-04-12 10:13:13,015 - ERROR - Failed to update Flask after multiple attempts
2025-04-12 10:13:15,057 - WARNING - Attempt 1 failed to update Flask: 404 Client Error: NOT FOUND for url: http://localhost:5000/update
2025-04-12 10:13:19,113 - WARNING - Attempt 2 failed to update Flask: 404 Client Error: NOT FOUND for url: http://localhost:5000/update
2025-04-12 10:13:23,162 - WARNING - Attempt 3 failed to update Flask: 404 Client Error: NOT FOUND for url: http://localhost:5000/update
2025-04-12 10:13:23,163 - ERROR - Failed to update Flask after multiple attempts
2025-04-12 10:13:25,225 - WARNING - Attempt 1 failed to update Flask: 404 Client Error: NOT FOUND for url: http://localhost:5000/update
2025-04-12 10:13:29,297 - WARNING - Attempt 2 failed to update Flask: 404 Client Error: NOT FOUND for url: http://localhost:5000/update
2025-04-12 10:13:33,356 - WARNING - Attempt 3 failed to update Flask: 404 Client Error: NOT FOUND for url: http://localhost:5000/update
2025-04-12 10:13:33,356 - ERROR - Failed to update Flask after multiple attempts
2025-04-12 10:13:35,411 - WARNING - Attempt 1 failed to update Flask: 404 Client Error: NOT FOUND for url: http://localhost:5000/update
2025-04-12 10:13:39,447 - WARNING - Attempt 2 failed to update Flask: 404 Client Error: NOT FOUND for url: http://localhost:5000/update
2025-04-12 10:13:43,501 - WARNING - Attempt 3 failed to update Flask: 404 Client Error: NOT FOUND for url: http://localhost:5000/update
2025-04-12 10:13:43,502 - ERROR - Failed to update Flask after multiple attempts
2025-04-12 10:13:45,589 - WARNING - Attempt 1 failed to update Flask: 404 Client Error: NOT FOUND for url: http://localhost:5000/update
2025-04-12 10:13:49,632 - WARNING - Attempt 2 failed to update Flask: 404 Client Error: NOT FOUND for url: http://localhost:5000/update
2025-04-12 10:13:53,675 - WARNING - Attempt 3 failed to update Flask: 404 Client Error: NOT FOUND for url: http://localhost:5000/update
2025-04-12 10:13:53,676 - ERROR - Failed to update Flask after multiple attempts
2025-04-12 10:13:55,742 - WARNING - Attempt 1 failed to update Flask: 404 Client Error: NOT FOUND for url: http://localhost:5000/update
2025-04-12 10:13:59,779 - WARNING - Attempt 2 failed to update Flask: 404 Client Error: NOT FOUND for url: http://localhost:5000/update
2025-04-12 10:14:03,816 - WARNING - Attempt 3 failed to update Flask: 404 Client Error: NOT FOUND for url: http://localhost:5000/update
2025-04-12 10:14:03,817 - ERROR - Failed to update Flask after multiple attempts
2025-04-12 10:14:05,891 - WARNING - Attempt 1 failed to update Flask: 404 Client Error: NOT FOUND for url: http://localhost:5000/update
2025-04-12 10:14:09,948 - WARNING - Attempt 2 failed to update Flask: 404 Client Error: NOT FOUND for url: http://localhost:5000/update
2025-04-12 10:14:13,990 - WARNING - Attempt 3 failed to update Flask: 404 Client Error: NOT FOUND for url: http://localhost:5000/update
2025-04-12 10:14:13,991 - ERROR - Failed to update Flask after multiple attempts
2025-04-12 10:14:16,058 - WARNING - Attempt 1 failed to update Flask: 404 Client Error: NOT FOUND for url: http://localhost:5000/update
2025-04-12 10:14:20,121 - WARNING - Attempt 2 failed to update Flask: 404 Client Error: NOT FOUND for url: http://localhost:5000/update
2025-04-12 10:14:24,173 - WARNING - Attempt 3 failed to update Flask: 404 Client Error: NOT FOUND for url: http://localhost:5000/update
2025-04-12 10:14:24,174 - ERROR - Failed to update Flask after multiple attempts
2025-04-12 10:14:26,231 - WARNING - Attempt 1 failed to update Flask: 404 Client Error: NOT FOUND for url: http://localhost:5000/update
2025-04-12 10:14:30,275 - WARNING - Attempt 2 failed to update Flask: 404 Client Error: NOT FOUND for url: http://localhost:5000/update
2025-04-12 10:14:34,340 - WARNING - Attempt 3 failed to update Flask: 404 Client Error: NOT FOUND for url: http://localhost:5000/update
2025-04-12 10:14:34,341 - ERROR - Failed to update Flask after multiple attempts
2025-04-12 10:14:36,409 - WARNING - Attempt 1 failed to update Flask: 404 Client Error: NOT FOUND for url: http://localhost:5000/update
2025-04-12 10:14:40,449 - WARNING - Attempt 2 failed to update Flask: 404 Client Error: NOT FOUND for url: http://localhost:5000/update
2025-04-12 10:14:44,504 - WARNING - Attempt 3 failed to update Flask: 404 Client Error: NOT FOUND for url: http://localhost:5000/update
2025-04-12 10:14:44,507 - ERROR - Failed to update Flask after multiple attempts
2025-04-12 10:14:46,570 - WARNING - Attempt 1 failed to update Flask: 404 Client Error: NOT FOUND for url: http://localhost:5000/update
2025-04-12 10:14:50,625 - WARNING - Attempt 2 failed to update Flask: 404 Client Error: NOT FOUND for url: http://localhost:5000/update
2025-04-12 10:14:54,661 - WARNING - Attempt 3 failed to update Flask: 404 Client Error: NOT FOUND for url: http://localhost:5000/update
2025-04-12 10:14:54,662 - ERROR - Failed to update Flask after multiple attempts
2025-04-12 10:14:56,731 - WARNING - Attempt 1 failed to update Flask: 404 Client Error: NOT FOUND for url: http://localhost:5000/update
2025-04-12 10:15:00,794 - WARNING - Attempt 2 failed to update Flask: 404 Client Error: NOT FOUND for url: http://localhost:5000/update
2025-04-12 10:15:04,847 - WARNING - Attempt 3 failed to update Flask: 404 Client Error: NOT FOUND for url: http://localhost:5000/update
2025-04-12 10:15:04,848 - ERROR - Failed to update Flask after multiple attempts
2025-04-12 10:15:06,898 - WARNING - Attempt 1 failed to update Flask: 404 Client Error: NOT FOUND for url: http://localhost:5000/update
2025-04-12 10:15:10,941 - WARNING - Attempt 2 failed to update Flask: 404 Client Error: NOT FOUND for url: http://localhost:5000/update
2025-04-12 10:15:14,997 - WARNING - Attempt 3 failed to update Flask: 404 Client Error: NOT FOUND for url: http://localhost:5000/update
2025-04-12 10:15:14,998 - ERROR - Failed to update Flask after multiple attempts
2025-04-12 10:15:17,046 - WARNING - Attempt 1 failed to update Flask: 404 Client Error: NOT FOUND for url: http://localhost:5000/update
2025-04-12 10:15:21,089 - WARNING - Attempt 2 failed to update Flask: 404 Client Error: NOT FOUND for url: http://localhost:5000/update
2025-04-12 10:15:25,145 - WARNING - Attempt 3 failed to update Flask: 404 Client Error: NOT FOUND for url: http://localhost:5000/update
2025-04-12 10:15:25,145 - ERROR - Failed to update Flask after multiple attempts
2025-04-12 10:15:27,262 - WARNING - Attempt 1 failed to update Flask: 404 Client Error: NOT FOUND for url: http://localhost:5000/update
2025-04-12 10:15:31,310 - WARNING - Attempt 2 failed to update Flask: 404 Client Error: NOT FOUND for url: http://localhost:5000/update
2025-04-12 10:15:35,363 - WARNING - Attempt 3 failed to update Flask: 404 Client Error: NOT FOUND for url: http://localhost:5000/update
2025-04-12 10:15:35,363 - ERROR - Failed to update Flask after multiple attempts
2025-04-12 10:15:37,421 - WARNING - Attempt 1 failed to update Flask: 404 Client Error: NOT FOUND for url: http://localhost:5000/update
2025-04-12 10:15:41,473 - WARNING - Attempt 2 failed to update Flask: 404 Client Error: NOT FOUND for url: http://localhost:5000/update
2025-04-12 10:15:45,524 - WARNING - Attempt 3 failed to update Flask: 404 Client Error: NOT FOUND for url: http://localhost:5000/update
2025-04-12 10:15:45,524 - ERROR - Failed to update Flask after multiple attempts
2025-04-12 10:15:47,565 - WARNING - Attempt 1 failed to update Flask: 404 Client Error: NOT FOUND for url: http://localhost:5000/update
2025-04-12 10:15:51,591 - WARNING - Attempt 2 failed to update Flask: 404 Client Error: NOT FOUND for url: http://localhost:5000/update
2025-04-12 10:15:55,635 - WARNING - Attempt 3 failed to update Flask: 404 Client Error: NOT FOUND for url: http://localhost:5000/update
2025-04-12 10:15:55,636 - ERROR - Failed to update Flask after multiple attempts
2025-04-12 10:15:57,705 - WARNING - Attempt 1 failed to update Flask: 404 Client Error: NOT FOUND for url: http://localhost:5000/update
2025-04-12 10:16:01,748 - WARNING - Attempt 2 failed to update Flask: 404 Client Error: NOT FOUND for url: http://localhost:5000/update
2025-04-12 10:16:05,802 - WARNING - Attempt 3 failed to update Flask: 404 Client Error: NOT FOUND for url: http://localhost:5000/update
2025-04-12 10:16:05,803 - ERROR - Failed to update Flask after multiple attempts
2025-04-12 10:16:07,871 - WARNING - Attempt 1 failed to update Flask: 404 Client Error: NOT FOUND for url: http://localhost:5000/update
2025-04-12 10:16:11,909 - WARNING - Attempt 2 failed to update Flask: 404 Client Error: NOT FOUND for url: http://localhost:5000/update
2025-04-12 10:16:15,942 - WARNING - Attempt 3 failed to update Flask: 404 Client Error: NOT FOUND for url: http://localhost:5000/update
2025-04-12 10:16:15,943 - ERROR - Failed to update Flask after multiple attempts
2025-04-12 10:16:18,002 - WARNING - Attempt 1 failed to update Flask: 404 Client Error: NOT FOUND for url: http://localhost:5000/update
2025-04-12 10:16:22,057 - WARNING - Attempt 2 failed to update Flask: 404 Client Error: NOT FOUND for url: http://localhost:5000/update
2025-04-12 10:16:26,100 - WARNING - Attempt 3 failed to update Flask: 404 Client Error: NOT FOUND for url: http://localhost:5000/update
2025-04-12 10:16:26,101 - ERROR - Failed to update Flask after multiple attempts
2025-04-12 10:16:28,153 - WARNING - Attempt 1 failed to update Flask: 404 Client Error: NOT FOUND for url: http://localhost:5000/update
2025-04-12 10:16:32,208 - WARNING - Attempt 2 failed to update Flask: 404 Client Error: NOT FOUND for url: http://localhost:5000/update
2025-04-12 10:16:36,250 - WARNING - Attempt 3 failed to update Flask: 404 Client Error: NOT FOUND for url: http://localhost:5000/update
2025-04-12 10:16:36,251 - ERROR - Failed to update Flask after multiple attempts
2025-04-12 10:16:38,333 - WARNING - Attempt 1 failed to update Flask: 404 Client Error: NOT FOUND for url: http://localhost:5000/update
2025-04-12 10:16:42,381 - WARNING - Attempt 2 failed to update Flask: 404 Client Error: NOT FOUND for url: http://localhost:5000/update
2025-04-12 10:20:57,324 - INFO - <BrokerConnection client_id=kafka-python-2.1.2, node_id=bootstrap-0 host=localhost:9092 <connecting> [IPv6 ('::1', 9092, 0, 0)]>: connecting to localhost:9092 [('::1', 9092, 0, 0) IPv6]
2025-04-12 10:20:57,328 - INFO - Broker version identified as 2.6
2025-04-12 10:20:57,329 - INFO - <BrokerConnection client_id=kafka-python-2.1.2, node_id=bootstrap-0 host=localhost:9092 <checking_api_versions_recv> [IPv6 ('::1', 9092, 0, 0)]>: Connection complete.
2025-04-12 10:20:57,330 - INFO - Updating subscribed topics to: ('tweets',)
2025-04-12 10:20:57,331 - INFO - Consumer started successfully
2025-04-12 10:20:57,335 - INFO - <BrokerConnection client_id=kafka-python-2.1.2, node_id=0 host=LAPTOP-3AKB8UN6:9092 <connecting> [IPv6 ('fe80::5d24:cec2:79ae:1be9', 9092, 0, 16)]>: connecting to LAPTOP-3AKB8UN6:9092 [('fe80::5d24:cec2:79ae:1be9', 9092, 0, 16) IPv6]
2025-04-12 10:20:57,337 - INFO - <BrokerConnection client_id=kafka-python-2.1.2, node_id=0 host=LAPTOP-3AKB8UN6:9092 <checking_api_versions_send> [IPv6 ('fe80::5d24:cec2:79ae:1be9', 9092, 0, 16)]>: Connection complete.
2025-04-12 10:20:57,337 - INFO - <BrokerConnection client_id=kafka-python-2.1.2, node_id=bootstrap-0 host=localhost:9092 <connected> [IPv6 ('::1', 9092, 0, 0)]>: Closing connection. 
2025-04-12 10:20:57,444 - INFO - Group coordinator for sentiment-group is BrokerMetadata(nodeId='coordinator-0', host='LAPTOP-3AKB8UN6', port=9092, rack=None)
2025-04-12 10:20:57,444 - INFO - Discovered coordinator coordinator-0 for group sentiment-group
2025-04-12 10:20:57,444 - INFO - Starting new heartbeat thread
2025-04-12 10:20:57,446 - INFO - Revoking previously assigned partitions set() for group sentiment-group
2025-04-12 10:20:57,447 - INFO - <BrokerConnection client_id=kafka-python-2.1.2, node_id=coordinator-0 host=LAPTOP-3AKB8UN6:9092 <connecting> [IPv6 ('fe80::5d24:cec2:79ae:1be9', 9092, 0, 16)]>: connecting to LAPTOP-3AKB8UN6:9092 [('fe80::5d24:cec2:79ae:1be9', 9092, 0, 16) IPv6]
2025-04-12 10:20:57,448 - INFO - <BrokerConnection client_id=kafka-python-2.1.2, node_id=coordinator-0 host=LAPTOP-3AKB8UN6:9092 <checking_api_versions_send> [IPv6 ('fe80::5d24:cec2:79ae:1be9', 9092, 0, 16)]>: Connection complete.
2025-04-12 10:20:57,549 - INFO - (Re-)joining group sentiment-group
2025-04-12 10:20:57,563 - INFO - Elected group leader -- performing partition assignments using range
2025-04-12 10:20:57,572 - INFO - Successfully joined group sentiment-group with generation 9
2025-04-12 10:20:57,573 - INFO - Updated partition assignment: [TopicPartition(topic='tweets', partition=0)]
2025-04-12 10:20:57,574 - INFO - Setting newly assigned partitions {TopicPartition(topic='tweets', partition=0)} for group sentiment-group
2025-04-12 10:21:01,756 - WARNING - Attempt 1 failed to update Flask: HTTPConnectionPool(host='localhost', port=5000): Max retries exceeded with url: /update (Caused by NewConnectionError('<urllib3.connection.HTTPConnection object at 0x000001F2B1C71A90>: Failed to establish a new connection: [WinError 10061] No connection could be made because the target machine actively refused it'))
2025-04-12 10:21:07,841 - WARNING - Attempt 2 failed to update Flask: HTTPConnectionPool(host='localhost', port=5000): Max retries exceeded with url: /update (Caused by NewConnectionError('<urllib3.connection.HTTPConnection object at 0x000001F2B1CF9450>: Failed to establish a new connection: [WinError 10061] No connection could be made because the target machine actively refused it'))
2025-04-12 10:21:11,881 - WARNING - Attempt 3 failed to update Flask: 404 Client Error: NOT FOUND for url: http://localhost:5000/update
2025-04-12 10:21:11,881 - ERROR - Failed to update Flask after multiple attempts
2025-04-12 10:21:13,954 - WARNING - Attempt 1 failed to update Flask: 404 Client Error: NOT FOUND for url: http://localhost:5000/update
2025-04-12 10:21:17,980 - WARNING - Attempt 2 failed to update Flask: 404 Client Error: NOT FOUND for url: http://localhost:5000/update
2025-04-12 10:21:22,037 - WARNING - Attempt 3 failed to update Flask: 404 Client Error: NOT FOUND for url: http://localhost:5000/update
2025-04-12 10:21:22,037 - ERROR - Failed to update Flask after multiple attempts
2025-04-12 10:21:24,136 - WARNING - Attempt 1 failed to update Flask: 404 Client Error: NOT FOUND for url: http://localhost:5000/update
2025-04-12 10:21:28,210 - WARNING - Attempt 2 failed to update Flask: 404 Client Error: NOT FOUND for url: http://localhost:5000/update
2025-04-12 10:21:32,258 - WARNING - Attempt 3 failed to update Flask: 404 Client Error: NOT FOUND for url: http://localhost:5000/update
2025-04-12 10:21:32,259 - ERROR - Failed to update Flask after multiple attempts
2025-04-12 10:21:34,322 - WARNING - Attempt 1 failed to update Flask: 404 Client Error: NOT FOUND for url: http://localhost:5000/update
2025-04-12 10:21:38,371 - WARNING - Attempt 2 failed to update Flask: 404 Client Error: NOT FOUND for url: http://localhost:5000/update
2025-04-12 10:21:42,423 - WARNING - Attempt 3 failed to update Flask: 404 Client Error: NOT FOUND for url: http://localhost:5000/update
2025-04-12 10:21:42,423 - ERROR - Failed to update Flask after multiple attempts
2025-04-12 10:21:44,494 - WARNING - Attempt 1 failed to update Flask: 404 Client Error: NOT FOUND for url: http://localhost:5000/update
2025-04-12 10:21:48,542 - WARNING - Attempt 2 failed to update Flask: 404 Client Error: NOT FOUND for url: http://localhost:5000/update
2025-04-12 10:21:52,600 - WARNING - Attempt 3 failed to update Flask: 404 Client Error: NOT FOUND for url: http://localhost:5000/update
2025-04-12 10:21:52,601 - ERROR - Failed to update Flask after multiple attempts
2025-04-12 10:21:54,658 - WARNING - Attempt 1 failed to update Flask: 404 Client Error: NOT FOUND for url: http://localhost:5000/update
2025-04-12 10:21:58,699 - WARNING - Attempt 2 failed to update Flask: 404 Client Error: NOT FOUND for url: http://localhost:5000/update
2025-04-12 10:22:02,756 - WARNING - Attempt 3 failed to update Flask: 404 Client Error: NOT FOUND for url: http://localhost:5000/update
2025-04-12 10:22:02,756 - ERROR - Failed to update Flask after multiple attempts
2025-04-12 10:22:04,827 - WARNING - Attempt 1 failed to update Flask: 404 Client Error: NOT FOUND for url: http://localhost:5000/update
2025-04-12 10:22:08,883 - WARNING - Attempt 2 failed to update Flask: 404 Client Error: NOT FOUND for url: http://localhost:5000/update
2025-04-12 10:22:12,930 - WARNING - Attempt 3 failed to update Flask: 404 Client Error: NOT FOUND for url: http://localhost:5000/update
2025-04-12 10:22:12,931 - ERROR - Failed to update Flask after multiple attempts
2025-04-12 10:22:15,009 - WARNING - Attempt 1 failed to update Flask: 404 Client Error: NOT FOUND for url: http://localhost:5000/update
2025-04-12 10:22:19,062 - WARNING - Attempt 2 failed to update Flask: 404 Client Error: NOT FOUND for url: http://localhost:5000/update
2025-04-12 10:22:23,120 - WARNING - Attempt 3 failed to update Flask: 404 Client Error: NOT FOUND for url: http://localhost:5000/update
2025-04-12 10:22:23,121 - ERROR - Failed to update Flask after multiple attempts
2025-04-12 10:22:25,187 - WARNING - Attempt 1 failed to update Flask: 404 Client Error: NOT FOUND for url: http://localhost:5000/update
2025-04-12 10:22:29,240 - WARNING - Attempt 2 failed to update Flask: 404 Client Error: NOT FOUND for url: http://localhost:5000/update
2025-04-12 10:22:33,288 - WARNING - Attempt 3 failed to update Flask: 404 Client Error: NOT FOUND for url: http://localhost:5000/update
2025-04-12 10:22:33,289 - ERROR - Failed to update Flask after multiple attempts
2025-04-12 10:22:35,342 - WARNING - Attempt 1 failed to update Flask: 404 Client Error: NOT FOUND for url: http://localhost:5000/update
2025-04-12 10:22:39,400 - WARNING - Attempt 2 failed to update Flask: 404 Client Error: NOT FOUND for url: http://localhost:5000/update
2025-04-12 10:22:43,449 - WARNING - Attempt 3 failed to update Flask: 404 Client Error: NOT FOUND for url: http://localhost:5000/update
2025-04-12 10:22:43,450 - ERROR - Failed to update Flask after multiple attempts
2025-04-12 10:22:45,520 - WARNING - Attempt 1 failed to update Flask: 404 Client Error: NOT FOUND for url: http://localhost:5000/update
2025-04-12 10:22:49,557 - WARNING - Attempt 2 failed to update Flask: 404 Client Error: NOT FOUND for url: http://localhost:5000/update
2025-04-12 10:22:53,603 - WARNING - Attempt 3 failed to update Flask: 404 Client Error: NOT FOUND for url: http://localhost:5000/update
2025-04-12 10:22:53,604 - ERROR - Failed to update Flask after multiple attempts
2025-04-12 10:22:55,668 - WARNING - Attempt 1 failed to update Flask: 404 Client Error: NOT FOUND for url: http://localhost:5000/update
2025-04-12 10:22:59,723 - WARNING - Attempt 2 failed to update Flask: 404 Client Error: NOT FOUND for url: http://localhost:5000/update
2025-04-12 10:23:03,762 - WARNING - Attempt 3 failed to update Flask: 404 Client Error: NOT FOUND for url: http://localhost:5000/update
2025-04-12 10:23:03,762 - ERROR - Failed to update Flask after multiple attempts
2025-04-12 10:23:05,802 - WARNING - Attempt 1 failed to update Flask: 404 Client Error: NOT FOUND for url: http://localhost:5000/update
2025-04-12 10:23:09,836 - WARNING - Attempt 2 failed to update Flask: 404 Client Error: NOT FOUND for url: http://localhost:5000/update
2025-04-12 10:23:13,883 - WARNING - Attempt 3 failed to update Flask: 404 Client Error: NOT FOUND for url: http://localhost:5000/update
2025-04-12 10:23:13,884 - ERROR - Failed to update Flask after multiple attempts
2025-04-12 10:23:15,938 - WARNING - Attempt 1 failed to update Flask: 404 Client Error: NOT FOUND for url: http://localhost:5000/update
2025-04-12 10:23:19,988 - WARNING - Attempt 2 failed to update Flask: 404 Client Error: NOT FOUND for url: http://localhost:5000/update
2025-04-12 10:23:24,046 - WARNING - Attempt 3 failed to update Flask: 404 Client Error: NOT FOUND for url: http://localhost:5000/update
2025-04-12 10:23:24,047 - ERROR - Failed to update Flask after multiple attempts
2025-04-12 10:23:26,110 - WARNING - Attempt 1 failed to update Flask: 404 Client Error: NOT FOUND for url: http://localhost:5000/update
2025-04-12 10:23:30,151 - WARNING - Attempt 2 failed to update Flask: 404 Client Error: NOT FOUND for url: http://localhost:5000/update
2025-04-12 10:23:34,214 - WARNING - Attempt 3 failed to update Flask: 404 Client Error: NOT FOUND for url: http://localhost:5000/update
2025-04-12 10:23:34,215 - ERROR - Failed to update Flask after multiple attempts
2025-04-12 10:23:36,273 - WARNING - Attempt 1 failed to update Flask: 404 Client Error: NOT FOUND for url: http://localhost:5000/update
2025-04-12 10:23:40,334 - WARNING - Attempt 2 failed to update Flask: 404 Client Error: NOT FOUND for url: http://localhost:5000/update
2025-04-12 10:23:44,376 - WARNING - Attempt 3 failed to update Flask: 404 Client Error: NOT FOUND for url: http://localhost:5000/update
2025-04-12 10:23:44,377 - ERROR - Failed to update Flask after multiple attempts
2025-04-12 10:23:46,451 - WARNING - Attempt 1 failed to update Flask: 404 Client Error: NOT FOUND for url: http://localhost:5000/update
2025-04-12 10:23:50,510 - WARNING - Attempt 2 failed to update Flask: 404 Client Error: NOT FOUND for url: http://localhost:5000/update
2025-04-12 10:23:54,564 - WARNING - Attempt 3 failed to update Flask: 404 Client Error: NOT FOUND for url: http://localhost:5000/update
2025-04-12 10:23:54,565 - ERROR - Failed to update Flask after multiple attempts
2025-04-12 10:23:56,644 - WARNING - Attempt 1 failed to update Flask: 404 Client Error: NOT FOUND for url: http://localhost:5000/update
2025-04-12 10:24:00,697 - WARNING - Attempt 2 failed to update Flask: 404 Client Error: NOT FOUND for url: http://localhost:5000/update
2025-04-12 10:24:04,772 - WARNING - Attempt 3 failed to update Flask: 404 Client Error: NOT FOUND for url: http://localhost:5000/update
2025-04-12 10:24:04,773 - ERROR - Failed to update Flask after multiple attempts
2025-04-12 10:24:06,845 - WARNING - Attempt 1 failed to update Flask: 404 Client Error: NOT FOUND for url: http://localhost:5000/update
2025-04-12 10:24:10,898 - WARNING - Attempt 2 failed to update Flask: 404 Client Error: NOT FOUND for url: http://localhost:5000/update
2025-04-12 10:24:14,949 - WARNING - Attempt 3 failed to update Flask: 404 Client Error: NOT FOUND for url: http://localhost:5000/update
2025-04-12 10:24:14,949 - ERROR - Failed to update Flask after multiple attempts
2025-04-12 10:24:17,008 - WARNING - Attempt 1 failed to update Flask: 404 Client Error: NOT FOUND for url: http://localhost:5000/update
2025-04-12 10:24:21,055 - WARNING - Attempt 2 failed to update Flask: 404 Client Error: NOT FOUND for url: http://localhost:5000/update
2025-04-12 10:24:25,103 - WARNING - Attempt 3 failed to update Flask: 404 Client Error: NOT FOUND for url: http://localhost:5000/update
2025-04-12 10:24:25,104 - ERROR - Failed to update Flask after multiple attempts
2025-04-12 10:24:27,158 - WARNING - Attempt 1 failed to update Flask: 404 Client Error: NOT FOUND for url: http://localhost:5000/update
2025-04-12 10:24:31,214 - WARNING - Attempt 2 failed to update Flask: 404 Client Error: NOT FOUND for url: http://localhost:5000/update
2025-04-12 10:24:35,273 - WARNING - Attempt 3 failed to update Flask: 404 Client Error: NOT FOUND for url: http://localhost:5000/update
2025-04-12 10:24:35,274 - ERROR - Failed to update Flask after multiple attempts
2025-04-12 10:24:37,313 - WARNING - Attempt 1 failed to update Flask: 404 Client Error: NOT FOUND for url: http://localhost:5000/update
2025-04-12 10:24:41,372 - WARNING - Attempt 2 failed to update Flask: 404 Client Error: NOT FOUND for url: http://localhost:5000/update
2025-04-12 10:24:45,416 - WARNING - Attempt 3 failed to update Flask: 404 Client Error: NOT FOUND for url: http://localhost:5000/update
2025-04-12 10:24:45,416 - ERROR - Failed to update Flask after multiple attempts
2025-04-12 10:24:47,482 - WARNING - Attempt 1 failed to update Flask: 404 Client Error: NOT FOUND for url: http://localhost:5000/update
2025-04-12 10:24:51,522 - WARNING - Attempt 2 failed to update Flask: 404 Client Error: NOT FOUND for url: http://localhost:5000/update
2025-04-12 10:24:55,564 - WARNING - Attempt 3 failed to update Flask: 404 Client Error: NOT FOUND for url: http://localhost:5000/update
2025-04-12 10:24:55,564 - ERROR - Failed to update Flask after multiple attempts
2025-04-12 10:24:57,626 - WARNING - Attempt 1 failed to update Flask: 404 Client Error: NOT FOUND for url: http://localhost:5000/update
2025-04-12 10:25:01,701 - WARNING - Attempt 2 failed to update Flask: 404 Client Error: NOT FOUND for url: http://localhost:5000/update
2025-04-12 10:25:05,766 - WARNING - Attempt 3 failed to update Flask: 404 Client Error: NOT FOUND for url: http://localhost:5000/update
2025-04-12 10:25:05,767 - ERROR - Failed to update Flask after multiple attempts
2025-04-12 10:25:07,827 - WARNING - Attempt 1 failed to update Flask: 404 Client Error: NOT FOUND for url: http://localhost:5000/update
2025-04-12 10:25:11,868 - WARNING - Attempt 2 failed to update Flask: 404 Client Error: NOT FOUND for url: http://localhost:5000/update
2025-04-12 10:25:15,914 - WARNING - Attempt 3 failed to update Flask: 404 Client Error: NOT FOUND for url: http://localhost:5000/update
2025-04-12 10:25:15,915 - ERROR - Failed to update Flask after multiple attempts
2025-04-12 10:25:17,973 - WARNING - Attempt 1 failed to update Flask: 404 Client Error: NOT FOUND for url: http://localhost:5000/update
2025-04-12 10:25:22,017 - WARNING - Attempt 2 failed to update Flask: 404 Client Error: NOT FOUND for url: http://localhost:5000/update
2025-04-12 10:25:26,041 - WARNING - Attempt 3 failed to update Flask: 404 Client Error: NOT FOUND for url: http://localhost:5000/update
2025-04-12 10:25:26,042 - ERROR - Failed to update Flask after multiple attempts
2025-04-12 10:25:28,110 - WARNING - Attempt 1 failed to update Flask: 404 Client Error: NOT FOUND for url: http://localhost:5000/update
2025-04-12 10:25:32,165 - WARNING - Attempt 2 failed to update Flask: 404 Client Error: NOT FOUND for url: http://localhost:5000/update
2025-04-12 10:25:36,204 - WARNING - Attempt 3 failed to update Flask: 404 Client Error: NOT FOUND for url: http://localhost:5000/update
2025-04-12 10:25:36,206 - ERROR - Failed to update Flask after multiple attempts
2025-04-12 10:25:38,287 - WARNING - Attempt 1 failed to update Flask: 404 Client Error: NOT FOUND for url: http://localhost:5000/update
2025-04-12 10:25:42,334 - WARNING - Attempt 2 failed to update Flask: 404 Client Error: NOT FOUND for url: http://localhost:5000/update
2025-04-12 10:25:46,386 - WARNING - Attempt 3 failed to update Flask: 404 Client Error: NOT FOUND for url: http://localhost:5000/update
2025-04-12 10:25:46,387 - ERROR - Failed to update Flask after multiple attempts
2025-04-12 10:25:48,431 - WARNING - Attempt 1 failed to update Flask: 404 Client Error: NOT FOUND for url: http://localhost:5000/update
2025-04-12 10:25:52,480 - WARNING - Attempt 2 failed to update Flask: 404 Client Error: NOT FOUND for url: http://localhost:5000/update
2025-04-12 10:25:56,523 - WARNING - Attempt 3 failed to update Flask: 404 Client Error: NOT FOUND for url: http://localhost:5000/update
2025-04-12 10:25:56,523 - ERROR - Failed to update Flask after multiple attempts
2025-04-12 10:25:57,609 - WARNING - Heartbeat poll expired, leaving group
2025-04-12 10:25:57,610 - INFO - Leaving consumer group (sentiment-group).
2025-04-12 10:25:57,620 - ERROR - Heartbeat thread for group sentiment-group failed due to unexpected error: cannot release un-acquired lock
2025-04-12 10:25:58,584 - WARNING - Attempt 1 failed to update Flask: 404 Client Error: NOT FOUND for url: http://localhost:5000/update
2025-04-12 10:26:02,632 - WARNING - Attempt 2 failed to update Flask: 404 Client Error: NOT FOUND for url: http://localhost:5000/update
2025-04-12 10:26:06,681 - WARNING - Attempt 3 failed to update Flask: 404 Client Error: NOT FOUND for url: http://localhost:5000/update
2025-04-12 10:26:06,682 - ERROR - Failed to update Flask after multiple attempts
2025-04-12 10:26:08,744 - WARNING - Attempt 1 failed to update Flask: 404 Client Error: NOT FOUND for url: http://localhost:5000/update
2025-04-12 10:26:12,789 - WARNING - Attempt 2 failed to update Flask: 404 Client Error: NOT FOUND for url: http://localhost:5000/update
2025-04-12 10:26:16,825 - WARNING - Attempt 3 failed to update Flask: 404 Client Error: NOT FOUND for url: http://localhost:5000/update
2025-04-12 10:26:16,825 - ERROR - Failed to update Flask after multiple attempts
2025-04-12 10:26:18,878 - WARNING - Attempt 1 failed to update Flask: 404 Client Error: NOT FOUND for url: http://localhost:5000/update
2025-04-12 10:26:22,895 - WARNING - Attempt 2 failed to update Flask: 404 Client Error: NOT FOUND for url: http://localhost:5000/update
2025-04-12 10:26:26,936 - WARNING - Attempt 3 failed to update Flask: 404 Client Error: NOT FOUND for url: http://localhost:5000/update
2025-04-12 10:26:26,937 - ERROR - Failed to update Flask after multiple attempts
2025-04-12 10:26:28,957 - WARNING - Attempt 1 failed to update Flask: 404 Client Error: NOT FOUND for url: http://localhost:5000/update
2025-04-12 10:26:33,006 - WARNING - Attempt 2 failed to update Flask: 404 Client Error: NOT FOUND for url: http://localhost:5000/update
2025-04-12 10:26:37,051 - WARNING - Attempt 3 failed to update Flask: 404 Client Error: NOT FOUND for url: http://localhost:5000/update
2025-04-12 10:26:37,051 - ERROR - Failed to update Flask after multiple attempts
2025-04-12 10:26:39,118 - WARNING - Attempt 1 failed to update Flask: 404 Client Error: NOT FOUND for url: http://localhost:5000/update
2025-04-12 10:26:43,160 - WARNING - Attempt 2 failed to update Flask: 404 Client Error: NOT FOUND for url: http://localhost:5000/update
2025-04-12 10:26:47,216 - WARNING - Attempt 3 failed to update Flask: 404 Client Error: NOT FOUND for url: http://localhost:5000/update
2025-04-12 10:26:47,217 - ERROR - Failed to update Flask after multiple attempts
2025-04-12 10:26:49,271 - WARNING - Attempt 1 failed to update Flask: 404 Client Error: NOT FOUND for url: http://localhost:5000/update
2025-04-12 10:26:53,306 - WARNING - Attempt 2 failed to update Flask: 404 Client Error: NOT FOUND for url: http://localhost:5000/update
2025-04-12 10:26:57,345 - WARNING - Attempt 3 failed to update Flask: 404 Client Error: NOT FOUND for url: http://localhost:5000/update
2025-04-12 10:26:57,345 - ERROR - Failed to update Flask after multiple attempts
2025-04-12 10:26:59,414 - WARNING - Attempt 1 failed to update Flask: 404 Client Error: NOT FOUND for url: http://localhost:5000/update
2025-04-12 10:27:03,487 - WARNING - Attempt 2 failed to update Flask: 404 Client Error: NOT FOUND for url: http://localhost:5000/update
2025-04-12 10:27:07,540 - WARNING - Attempt 3 failed to update Flask: 404 Client Error: NOT FOUND for url: http://localhost:5000/update
2025-04-12 10:27:07,540 - ERROR - Failed to update Flask after multiple attempts
2025-04-12 10:27:09,605 - WARNING - Attempt 1 failed to update Flask: 404 Client Error: NOT FOUND for url: http://localhost:5000/update
2025-04-12 10:27:13,637 - WARNING - Attempt 2 failed to update Flask: 404 Client Error: NOT FOUND for url: http://localhost:5000/update
2025-04-12 10:27:17,675 - WARNING - Attempt 3 failed to update Flask: 404 Client Error: NOT FOUND for url: http://localhost:5000/update
2025-04-12 10:27:17,676 - ERROR - Failed to update Flask after multiple attempts
2025-04-12 10:27:19,747 - WARNING - Attempt 1 failed to update Flask: 404 Client Error: NOT FOUND for url: http://localhost:5000/update
2025-04-12 10:27:23,789 - WARNING - Attempt 2 failed to update Flask: 404 Client Error: NOT FOUND for url: http://localhost:5000/update
2025-04-12 10:27:27,844 - WARNING - Attempt 3 failed to update Flask: 404 Client Error: NOT FOUND for url: http://localhost:5000/update
2025-04-12 10:27:27,844 - ERROR - Failed to update Flask after multiple attempts
2025-04-12 10:27:29,899 - WARNING - Attempt 1 failed to update Flask: 404 Client Error: NOT FOUND for url: http://localhost:5000/update
2025-04-12 10:27:33,945 - WARNING - Attempt 2 failed to update Flask: 404 Client Error: NOT FOUND for url: http://localhost:5000/update
2025-04-12 10:27:37,984 - WARNING - Attempt 3 failed to update Flask: 404 Client Error: NOT FOUND for url: http://localhost:5000/update
2025-04-12 10:27:37,985 - ERROR - Failed to update Flask after multiple attempts
2025-04-12 10:27:40,029 - WARNING - Attempt 1 failed to update Flask: 404 Client Error: NOT FOUND for url: http://localhost:5000/update
2025-04-12 10:27:44,106 - WARNING - Attempt 2 failed to update Flask: 404 Client Error: NOT FOUND for url: http://localhost:5000/update
2025-04-12 10:27:48,183 - WARNING - Attempt 3 failed to update Flask: 404 Client Error: NOT FOUND for url: http://localhost:5000/update
2025-04-12 10:27:48,184 - ERROR - Failed to update Flask after multiple attempts
2025-04-12 10:27:50,256 - WARNING - Attempt 1 failed to update Flask: 404 Client Error: NOT FOUND for url: http://localhost:5000/update
2025-04-12 10:27:54,308 - WARNING - Attempt 2 failed to update Flask: 404 Client Error: NOT FOUND for url: http://localhost:5000/update
2025-04-12 10:27:58,364 - WARNING - Attempt 3 failed to update Flask: 404 Client Error: NOT FOUND for url: http://localhost:5000/update
2025-04-12 10:27:58,364 - ERROR - Failed to update Flask after multiple attempts
2025-04-12 10:28:00,435 - WARNING - Attempt 1 failed to update Flask: 404 Client Error: NOT FOUND for url: http://localhost:5000/update
2025-04-12 10:28:04,491 - WARNING - Attempt 2 failed to update Flask: 404 Client Error: NOT FOUND for url: http://localhost:5000/update
2025-04-12 10:28:08,544 - WARNING - Attempt 3 failed to update Flask: 404 Client Error: NOT FOUND for url: http://localhost:5000/update
2025-04-12 10:28:08,544 - ERROR - Failed to update Flask after multiple attempts
2025-04-12 10:28:10,605 - WARNING - Attempt 1 failed to update Flask: 404 Client Error: NOT FOUND for url: http://localhost:5000/update
2025-04-12 10:28:14,675 - WARNING - Attempt 2 failed to update Flask: 404 Client Error: NOT FOUND for url: http://localhost:5000/update
2025-04-12 10:28:18,729 - WARNING - Attempt 3 failed to update Flask: 404 Client Error: NOT FOUND for url: http://localhost:5000/update
2025-04-12 10:28:18,730 - ERROR - Failed to update Flask after multiple attempts
2025-04-12 10:28:20,783 - WARNING - Attempt 1 failed to update Flask: 404 Client Error: NOT FOUND for url: http://localhost:5000/update
2025-04-12 10:28:24,831 - WARNING - Attempt 2 failed to update Flask: 404 Client Error: NOT FOUND for url: http://localhost:5000/update
2025-04-12 10:28:28,885 - WARNING - Attempt 3 failed to update Flask: 404 Client Error: NOT FOUND for url: http://localhost:5000/update
2025-04-12 10:28:28,885 - ERROR - Failed to update Flask after multiple attempts
2025-04-12 10:28:30,943 - WARNING - Attempt 1 failed to update Flask: 404 Client Error: NOT FOUND for url: http://localhost:5000/update
2025-04-12 10:28:34,995 - WARNING - Attempt 2 failed to update Flask: 404 Client Error: NOT FOUND for url: http://localhost:5000/update
2025-04-12 10:28:39,047 - WARNING - Attempt 3 failed to update Flask: 404 Client Error: NOT FOUND for url: http://localhost:5000/update
2025-04-12 10:28:39,048 - ERROR - Failed to update Flask after multiple attempts
2025-04-12 10:28:41,089 - WARNING - Attempt 1 failed to update Flask: 404 Client Error: NOT FOUND for url: http://localhost:5000/update
2025-04-12 10:28:45,117 - WARNING - Attempt 2 failed to update Flask: 404 Client Error: NOT FOUND for url: http://localhost:5000/update
2025-04-12 10:28:49,164 - WARNING - Attempt 3 failed to update Flask: 404 Client Error: NOT FOUND for url: http://localhost:5000/update
2025-04-12 10:28:49,165 - ERROR - Failed to update Flask after multiple attempts
2025-04-12 10:28:51,229 - WARNING - Attempt 1 failed to update Flask: 404 Client Error: NOT FOUND for url: http://localhost:5000/update
2025-04-12 10:28:55,287 - WARNING - Attempt 2 failed to update Flask: 404 Client Error: NOT FOUND for url: http://localhost:5000/update
2025-04-12 10:28:59,333 - WARNING - Attempt 3 failed to update Flask: 404 Client Error: NOT FOUND for url: http://localhost:5000/update
2025-04-12 10:28:59,334 - ERROR - Failed to update Flask after multiple attempts
2025-04-12 10:29:01,390 - WARNING - Attempt 1 failed to update Flask: 404 Client Error: NOT FOUND for url: http://localhost:5000/update
2025-04-12 10:29:05,458 - WARNING - Attempt 2 failed to update Flask: 404 Client Error: NOT FOUND for url: http://localhost:5000/update
2025-04-12 10:29:09,516 - WARNING - Attempt 3 failed to update Flask: 404 Client Error: NOT FOUND for url: http://localhost:5000/update
2025-04-12 10:29:09,516 - ERROR - Failed to update Flask after multiple attempts
2025-04-12 10:29:11,570 - WARNING - Attempt 1 failed to update Flask: 404 Client Error: NOT FOUND for url: http://localhost:5000/update
2025-04-12 10:29:15,611 - WARNING - Attempt 2 failed to update Flask: 404 Client Error: NOT FOUND for url: http://localhost:5000/update
2025-04-12 10:29:19,666 - WARNING - Attempt 3 failed to update Flask: 404 Client Error: NOT FOUND for url: http://localhost:5000/update
2025-04-12 10:29:19,667 - ERROR - Failed to update Flask after multiple attempts
2025-04-12 10:29:21,707 - WARNING - Attempt 1 failed to update Flask: 404 Client Error: NOT FOUND for url: http://localhost:5000/update
2025-04-12 10:29:25,767 - WARNING - Attempt 2 failed to update Flask: 404 Client Error: NOT FOUND for url: http://localhost:5000/update
2025-04-12 10:29:29,837 - WARNING - Attempt 3 failed to update Flask: 404 Client Error: NOT FOUND for url: http://localhost:5000/update
2025-04-12 10:29:29,838 - ERROR - Failed to update Flask after multiple attempts
2025-04-12 10:29:31,881 - WARNING - Attempt 1 failed to update Flask: 404 Client Error: NOT FOUND for url: http://localhost:5000/update
2025-04-12 10:29:35,931 - WARNING - Attempt 2 failed to update Flask: 404 Client Error: NOT FOUND for url: http://localhost:5000/update
2025-04-12 10:29:39,977 - WARNING - Attempt 3 failed to update Flask: 404 Client Error: NOT FOUND for url: http://localhost:5000/update
2025-04-12 10:29:39,977 - ERROR - Failed to update Flask after multiple attempts
2025-04-12 10:29:42,045 - WARNING - Attempt 1 failed to update Flask: 404 Client Error: NOT FOUND for url: http://localhost:5000/update
2025-04-12 10:29:46,071 - WARNING - Attempt 2 failed to update Flask: 404 Client Error: NOT FOUND for url: http://localhost:5000/update
2025-04-12 10:29:50,100 - WARNING - Attempt 3 failed to update Flask: 404 Client Error: NOT FOUND for url: http://localhost:5000/update
2025-04-12 10:29:50,109 - ERROR - Failed to update Flask after multiple attempts
2025-04-12 10:29:52,197 - WARNING - Attempt 1 failed to update Flask: 404 Client Error: NOT FOUND for url: http://localhost:5000/update
2025-04-12 10:29:56,265 - WARNING - Attempt 2 failed to update Flask: 404 Client Error: NOT FOUND for url: http://localhost:5000/update
2025-04-12 10:30:00,326 - WARNING - Attempt 3 failed to update Flask: 404 Client Error: NOT FOUND for url: http://localhost:5000/update
2025-04-12 10:30:00,327 - ERROR - Failed to update Flask after multiple attempts
2025-04-12 10:30:02,385 - WARNING - Attempt 1 failed to update Flask: 404 Client Error: NOT FOUND for url: http://localhost:5000/update
2025-04-12 10:30:06,444 - WARNING - Attempt 2 failed to update Flask: 404 Client Error: NOT FOUND for url: http://localhost:5000/update
2025-04-12 10:30:10,555 - WARNING - Attempt 3 failed to update Flask: 404 Client Error: NOT FOUND for url: http://localhost:5000/update
2025-04-12 10:30:10,556 - ERROR - Failed to update Flask after multiple attempts
2025-04-12 10:30:12,629 - WARNING - Attempt 1 failed to update Flask: 404 Client Error: NOT FOUND for url: http://localhost:5000/update
2025-04-12 10:30:16,680 - WARNING - Attempt 2 failed to update Flask: 404 Client Error: NOT FOUND for url: http://localhost:5000/update
2025-04-12 10:30:20,721 - WARNING - Attempt 3 failed to update Flask: 404 Client Error: NOT FOUND for url: http://localhost:5000/update
2025-04-12 10:30:20,722 - ERROR - Failed to update Flask after multiple attempts
2025-04-12 10:30:22,784 - WARNING - Attempt 1 failed to update Flask: 404 Client Error: NOT FOUND for url: http://localhost:5000/update
2025-04-12 10:30:26,831 - WARNING - Attempt 2 failed to update Flask: 404 Client Error: NOT FOUND for url: http://localhost:5000/update
2025-04-12 10:30:30,883 - WARNING - Attempt 3 failed to update Flask: 404 Client Error: NOT FOUND for url: http://localhost:5000/update
2025-04-12 10:30:30,884 - ERROR - Failed to update Flask after multiple attempts
2025-04-12 10:30:32,954 - WARNING - Attempt 1 failed to update Flask: 404 Client Error: NOT FOUND for url: http://localhost:5000/update
2025-04-12 10:30:36,994 - WARNING - Attempt 2 failed to update Flask: 404 Client Error: NOT FOUND for url: http://localhost:5000/update
2025-04-12 10:30:41,037 - WARNING - Attempt 3 failed to update Flask: 404 Client Error: NOT FOUND for url: http://localhost:5000/update
2025-04-12 10:30:41,038 - ERROR - Failed to update Flask after multiple attempts
2025-04-12 10:30:43,066 - WARNING - Attempt 1 failed to update Flask: 404 Client Error: NOT FOUND for url: http://localhost:5000/update
2025-04-12 10:30:47,129 - WARNING - Attempt 2 failed to update Flask: 404 Client Error: NOT FOUND for url: http://localhost:5000/update
2025-04-12 10:30:51,185 - WARNING - Attempt 3 failed to update Flask: 404 Client Error: NOT FOUND for url: http://localhost:5000/update
2025-04-12 10:30:51,187 - ERROR - Failed to update Flask after multiple attempts
2025-04-12 10:30:53,246 - WARNING - Attempt 1 failed to update Flask: 404 Client Error: NOT FOUND for url: http://localhost:5000/update
2025-04-12 10:30:57,299 - WARNING - Attempt 2 failed to update Flask: 404 Client Error: NOT FOUND for url: http://localhost:5000/update
2025-04-12 10:31:01,362 - WARNING - Attempt 3 failed to update Flask: 404 Client Error: NOT FOUND for url: http://localhost:5000/update
2025-04-12 10:31:01,363 - ERROR - Failed to update Flask after multiple attempts
2025-04-12 10:31:03,430 - WARNING - Attempt 1 failed to update Flask: 404 Client Error: NOT FOUND for url: http://localhost:5000/update
2025-04-12 10:31:07,494 - WARNING - Attempt 2 failed to update Flask: 404 Client Error: NOT FOUND for url: http://localhost:5000/update
2025-04-12 10:31:11,546 - WARNING - Attempt 3 failed to update Flask: 404 Client Error: NOT FOUND for url: http://localhost:5000/update
2025-04-12 10:31:11,546 - ERROR - Failed to update Flask after multiple attempts
2025-04-12 10:31:13,597 - WARNING - Attempt 1 failed to update Flask: 404 Client Error: NOT FOUND for url: http://localhost:5000/update
2025-04-12 10:31:17,670 - WARNING - Attempt 2 failed to update Flask: 404 Client Error: NOT FOUND for url: http://localhost:5000/update
2025-04-12 10:31:21,714 - WARNING - Attempt 3 failed to update Flask: 404 Client Error: NOT FOUND for url: http://localhost:5000/update
2025-04-12 10:31:21,715 - ERROR - Failed to update Flask after multiple attempts
2025-04-12 10:31:23,759 - WARNING - Attempt 1 failed to update Flask: 404 Client Error: NOT FOUND for url: http://localhost:5000/update
2025-04-12 10:31:27,792 - WARNING - Attempt 2 failed to update Flask: 404 Client Error: NOT FOUND for url: http://localhost:5000/update
2025-04-12 10:31:31,842 - WARNING - Attempt 3 failed to update Flask: 404 Client Error: NOT FOUND for url: http://localhost:5000/update
2025-04-12 10:31:31,842 - ERROR - Failed to update Flask after multiple attempts
2025-04-12 10:31:33,897 - WARNING - Attempt 1 failed to update Flask: 404 Client Error: NOT FOUND for url: http://localhost:5000/update
2025-04-12 10:31:37,936 - WARNING - Attempt 2 failed to update Flask: 404 Client Error: NOT FOUND for url: http://localhost:5000/update
2025-04-12 10:31:41,982 - WARNING - Attempt 3 failed to update Flask: 404 Client Error: NOT FOUND for url: http://localhost:5000/update
2025-04-12 10:31:41,983 - ERROR - Failed to update Flask after multiple attempts
2025-04-12 10:31:44,018 - WARNING - Attempt 1 failed to update Flask: 404 Client Error: NOT FOUND for url: http://localhost:5000/update
2025-04-12 10:31:48,099 - WARNING - Attempt 2 failed to update Flask: 404 Client Error: NOT FOUND for url: http://localhost:5000/update
2025-04-12 10:31:52,119 - WARNING - Attempt 3 failed to update Flask: 404 Client Error: NOT FOUND for url: http://localhost:5000/update
2025-04-12 10:31:52,120 - ERROR - Failed to update Flask after multiple attempts
2025-04-12 10:31:54,158 - WARNING - Attempt 1 failed to update Flask: 404 Client Error: NOT FOUND for url: http://localhost:5000/update
2025-04-12 10:31:58,221 - WARNING - Attempt 2 failed to update Flask: 404 Client Error: NOT FOUND for url: http://localhost:5000/update
2025-04-12 10:32:02,252 - WARNING - Attempt 3 failed to update Flask: 404 Client Error: NOT FOUND for url: http://localhost:5000/update
2025-04-12 10:32:02,252 - ERROR - Failed to update Flask after multiple attempts
2025-04-12 10:32:04,304 - WARNING - Attempt 1 failed to update Flask: 404 Client Error: NOT FOUND for url: http://localhost:5000/update
2025-04-12 10:32:08,350 - WARNING - Attempt 2 failed to update Flask: 404 Client Error: NOT FOUND for url: http://localhost:5000/update
2025-04-12 10:32:12,399 - WARNING - Attempt 3 failed to update Flask: 404 Client Error: NOT FOUND for url: http://localhost:5000/update
2025-04-12 10:32:12,400 - ERROR - Failed to update Flask after multiple attempts
2025-04-12 10:32:14,436 - WARNING - Attempt 1 failed to update Flask: 404 Client Error: NOT FOUND for url: http://localhost:5000/update
2025-04-12 10:32:18,477 - WARNING - Attempt 2 failed to update Flask: 404 Client Error: NOT FOUND for url: http://localhost:5000/update
2025-04-12 10:32:22,501 - WARNING - Attempt 3 failed to update Flask: 404 Client Error: NOT FOUND for url: http://localhost:5000/update
2025-04-12 10:32:22,504 - ERROR - Failed to update Flask after multiple attempts
2025-04-12 10:32:24,574 - WARNING - Attempt 1 failed to update Flask: 404 Client Error: NOT FOUND for url: http://localhost:5000/update
2025-04-12 10:32:28,638 - WARNING - Attempt 2 failed to update Flask: 404 Client Error: NOT FOUND for url: http://localhost:5000/update
2025-04-12 10:32:32,686 - WARNING - Attempt 3 failed to update Flask: 404 Client Error: NOT FOUND for url: http://localhost:5000/update
2025-04-12 10:32:32,687 - ERROR - Failed to update Flask after multiple attempts
2025-04-12 10:32:34,738 - WARNING - Attempt 1 failed to update Flask: 404 Client Error: NOT FOUND for url: http://localhost:5000/update
2025-04-12 10:32:38,772 - WARNING - Attempt 2 failed to update Flask: 404 Client Error: NOT FOUND for url: http://localhost:5000/update
2025-04-12 10:32:42,814 - WARNING - Attempt 3 failed to update Flask: 404 Client Error: NOT FOUND for url: http://localhost:5000/update
2025-04-12 10:32:42,815 - ERROR - Failed to update Flask after multiple attempts
2025-04-12 10:32:44,855 - WARNING - Attempt 1 failed to update Flask: 404 Client Error: NOT FOUND for url: http://localhost:5000/update
2025-04-12 10:32:48,910 - WARNING - Attempt 2 failed to update Flask: 404 Client Error: NOT FOUND for url: http://localhost:5000/update
2025-04-12 10:32:52,970 - WARNING - Attempt 3 failed to update Flask: 404 Client Error: NOT FOUND for url: http://localhost:5000/update
2025-04-12 10:32:52,970 - ERROR - Failed to update Flask after multiple attempts
2025-04-12 10:32:55,032 - WARNING - Attempt 1 failed to update Flask: 404 Client Error: NOT FOUND for url: http://localhost:5000/update
2025-04-12 10:32:59,085 - WARNING - Attempt 2 failed to update Flask: 404 Client Error: NOT FOUND for url: http://localhost:5000/update
2025-04-12 10:33:03,129 - WARNING - Attempt 3 failed to update Flask: 404 Client Error: NOT FOUND for url: http://localhost:5000/update
2025-04-12 10:33:03,129 - ERROR - Failed to update Flask after multiple attempts
2025-04-12 10:33:05,163 - WARNING - Attempt 1 failed to update Flask: 404 Client Error: NOT FOUND for url: http://localhost:5000/update
2025-04-12 10:33:09,218 - WARNING - Attempt 2 failed to update Flask: 404 Client Error: NOT FOUND for url: http://localhost:5000/update
2025-04-12 10:33:13,257 - WARNING - Attempt 3 failed to update Flask: 404 Client Error: NOT FOUND for url: http://localhost:5000/update
2025-04-12 10:33:13,258 - ERROR - Failed to update Flask after multiple attempts
2025-04-12 10:33:15,334 - WARNING - Attempt 1 failed to update Flask: 404 Client Error: NOT FOUND for url: http://localhost:5000/update
2025-04-12 10:33:19,378 - WARNING - Attempt 2 failed to update Flask: 404 Client Error: NOT FOUND for url: http://localhost:5000/update
2025-04-12 10:33:23,446 - WARNING - Attempt 3 failed to update Flask: 404 Client Error: NOT FOUND for url: http://localhost:5000/update
2025-04-12 10:33:23,446 - ERROR - Failed to update Flask after multiple attempts
2025-04-12 10:33:25,508 - WARNING - Attempt 1 failed to update Flask: 404 Client Error: NOT FOUND for url: http://localhost:5000/update
2025-04-12 10:33:29,556 - WARNING - Attempt 2 failed to update Flask: 404 Client Error: NOT FOUND for url: http://localhost:5000/update
2025-04-12 10:33:33,592 - WARNING - Attempt 3 failed to update Flask: 404 Client Error: NOT FOUND for url: http://localhost:5000/update
2025-04-12 10:33:33,593 - ERROR - Failed to update Flask after multiple attempts
2025-04-12 10:33:35,647 - WARNING - Attempt 1 failed to update Flask: 404 Client Error: NOT FOUND for url: http://localhost:5000/update
2025-04-12 10:33:39,673 - WARNING - Attempt 2 failed to update Flask: 404 Client Error: NOT FOUND for url: http://localhost:5000/update
2025-04-12 10:33:43,746 - WARNING - Attempt 3 failed to update Flask: 404 Client Error: NOT FOUND for url: http://localhost:5000/update
2025-04-12 10:33:43,746 - ERROR - Failed to update Flask after multiple attempts
2025-04-12 10:33:45,813 - WARNING - Attempt 1 failed to update Flask: 404 Client Error: NOT FOUND for url: http://localhost:5000/update
2025-04-12 10:33:49,855 - WARNING - Attempt 2 failed to update Flask: 404 Client Error: NOT FOUND for url: http://localhost:5000/update
2025-04-12 10:33:53,885 - WARNING - Attempt 3 failed to update Flask: 404 Client Error: NOT FOUND for url: http://localhost:5000/update
2025-04-12 10:33:53,885 - ERROR - Failed to update Flask after multiple attempts
2025-04-12 10:33:55,922 - WARNING - Attempt 1 failed to update Flask: 404 Client Error: NOT FOUND for url: http://localhost:5000/update
2025-04-12 10:33:59,967 - WARNING - Attempt 2 failed to update Flask: 404 Client Error: NOT FOUND for url: http://localhost:5000/update
2025-04-12 10:34:04,006 - WARNING - Attempt 3 failed to update Flask: 404 Client Error: NOT FOUND for url: http://localhost:5000/update
2025-04-12 10:34:04,006 - ERROR - Failed to update Flask after multiple attempts
2025-04-12 10:34:06,073 - WARNING - Attempt 1 failed to update Flask: 404 Client Error: NOT FOUND for url: http://localhost:5000/update
2025-04-12 10:34:10,114 - WARNING - Attempt 2 failed to update Flask: 404 Client Error: NOT FOUND for url: http://localhost:5000/update
2025-04-12 10:34:14,187 - WARNING - Attempt 3 failed to update Flask: 404 Client Error: NOT FOUND for url: http://localhost:5000/update
2025-04-12 10:34:14,188 - ERROR - Failed to update Flask after multiple attempts
2025-04-12 10:34:16,248 - WARNING - Attempt 1 failed to update Flask: 404 Client Error: NOT FOUND for url: http://localhost:5000/update
2025-04-12 10:34:20,291 - WARNING - Attempt 2 failed to update Flask: 404 Client Error: NOT FOUND for url: http://localhost:5000/update
2025-04-12 10:34:24,356 - WARNING - Attempt 3 failed to update Flask: 404 Client Error: NOT FOUND for url: http://localhost:5000/update
2025-04-12 10:34:24,357 - ERROR - Failed to update Flask after multiple attempts
2025-04-12 10:34:26,420 - WARNING - Attempt 1 failed to update Flask: 404 Client Error: NOT FOUND for url: http://localhost:5000/update
2025-04-12 10:34:30,484 - WARNING - Attempt 2 failed to update Flask: 404 Client Error: NOT FOUND for url: http://localhost:5000/update
2025-04-12 10:34:34,546 - WARNING - Attempt 3 failed to update Flask: 404 Client Error: NOT FOUND for url: http://localhost:5000/update
2025-04-12 10:34:34,547 - ERROR - Failed to update Flask after multiple attempts
2025-04-12 10:34:36,614 - WARNING - Attempt 1 failed to update Flask: 404 Client Error: NOT FOUND for url: http://localhost:5000/update
2025-04-12 10:34:40,659 - WARNING - Attempt 2 failed to update Flask: 404 Client Error: NOT FOUND for url: http://localhost:5000/update
2025-04-12 10:34:44,712 - WARNING - Attempt 3 failed to update Flask: 404 Client Error: NOT FOUND for url: http://localhost:5000/update
2025-04-12 10:34:44,713 - ERROR - Failed to update Flask after multiple attempts
2025-04-12 10:34:46,777 - WARNING - Attempt 1 failed to update Flask: 404 Client Error: NOT FOUND for url: http://localhost:5000/update
2025-04-12 10:34:50,839 - WARNING - Attempt 2 failed to update Flask: 404 Client Error: NOT FOUND for url: http://localhost:5000/update
2025-04-12 10:34:54,895 - WARNING - Attempt 3 failed to update Flask: 404 Client Error: NOT FOUND for url: http://localhost:5000/update
2025-04-12 10:34:54,896 - ERROR - Failed to update Flask after multiple attempts
2025-04-12 10:34:56,945 - WARNING - Attempt 1 failed to update Flask: 404 Client Error: NOT FOUND for url: http://localhost:5000/update
2025-04-12 10:35:00,986 - WARNING - Attempt 2 failed to update Flask: 404 Client Error: NOT FOUND for url: http://localhost:5000/update
2025-04-12 10:35:05,018 - WARNING - Attempt 3 failed to update Flask: 404 Client Error: NOT FOUND for url: http://localhost:5000/update
2025-04-12 10:35:05,019 - ERROR - Failed to update Flask after multiple attempts
2025-04-12 10:35:07,088 - WARNING - Attempt 1 failed to update Flask: 404 Client Error: NOT FOUND for url: http://localhost:5000/update
2025-04-12 10:35:11,124 - WARNING - Attempt 2 failed to update Flask: 404 Client Error: NOT FOUND for url: http://localhost:5000/update
2025-04-12 10:35:15,160 - WARNING - Attempt 3 failed to update Flask: 404 Client Error: NOT FOUND for url: http://localhost:5000/update
2025-04-12 10:35:15,161 - ERROR - Failed to update Flask after multiple attempts
2025-04-12 10:35:17,215 - WARNING - Attempt 1 failed to update Flask: 404 Client Error: NOT FOUND for url: http://localhost:5000/update
2025-04-12 10:35:21,258 - WARNING - Attempt 2 failed to update Flask: 404 Client Error: NOT FOUND for url: http://localhost:5000/update
2025-04-12 10:35:25,298 - WARNING - Attempt 3 failed to update Flask: 404 Client Error: NOT FOUND for url: http://localhost:5000/update
2025-04-12 10:35:25,299 - ERROR - Failed to update Flask after multiple attempts
2025-04-12 10:35:27,341 - WARNING - Attempt 1 failed to update Flask: 404 Client Error: NOT FOUND for url: http://localhost:5000/update
2025-04-12 10:35:31,380 - WARNING - Attempt 2 failed to update Flask: 404 Client Error: NOT FOUND for url: http://localhost:5000/update
2025-04-12 10:35:35,436 - WARNING - Attempt 3 failed to update Flask: 404 Client Error: NOT FOUND for url: http://localhost:5000/update
2025-04-12 10:35:35,437 - ERROR - Failed to update Flask after multiple attempts
2025-04-12 10:35:37,493 - WARNING - Attempt 1 failed to update Flask: 404 Client Error: NOT FOUND for url: http://localhost:5000/update
2025-04-12 10:35:41,530 - WARNING - Attempt 2 failed to update Flask: 404 Client Error: NOT FOUND for url: http://localhost:5000/update
2025-04-12 10:35:45,569 - WARNING - Attempt 3 failed to update Flask: 404 Client Error: NOT FOUND for url: http://localhost:5000/update
2025-04-12 10:35:45,570 - ERROR - Failed to update Flask after multiple attempts
2025-04-12 10:35:47,624 - WARNING - Attempt 1 failed to update Flask: 404 Client Error: NOT FOUND for url: http://localhost:5000/update
2025-04-12 10:35:51,674 - WARNING - Attempt 2 failed to update Flask: 404 Client Error: NOT FOUND for url: http://localhost:5000/update
2025-04-12 10:35:55,708 - WARNING - Attempt 3 failed to update Flask: 404 Client Error: NOT FOUND for url: http://localhost:5000/update
2025-04-12 10:35:55,709 - ERROR - Failed to update Flask after multiple attempts
2025-04-12 10:35:57,774 - WARNING - Attempt 1 failed to update Flask: 404 Client Error: NOT FOUND for url: http://localhost:5000/update
2025-04-12 10:36:01,836 - WARNING - Attempt 2 failed to update Flask: 404 Client Error: NOT FOUND for url: http://localhost:5000/update
2025-04-12 10:36:05,875 - WARNING - Attempt 3 failed to update Flask: 404 Client Error: NOT FOUND for url: http://localhost:5000/update
2025-04-12 10:36:05,876 - ERROR - Failed to update Flask after multiple attempts
2025-04-12 10:36:07,936 - WARNING - Attempt 1 failed to update Flask: 404 Client Error: NOT FOUND for url: http://localhost:5000/update
2025-04-12 10:36:11,970 - WARNING - Attempt 2 failed to update Flask: 404 Client Error: NOT FOUND for url: http://localhost:5000/update
2025-04-12 10:36:16,036 - WARNING - Attempt 3 failed to update Flask: 404 Client Error: NOT FOUND for url: http://localhost:5000/update
2025-04-12 10:36:16,036 - ERROR - Failed to update Flask after multiple attempts
2025-04-12 10:36:18,097 - WARNING - Attempt 1 failed to update Flask: 404 Client Error: NOT FOUND for url: http://localhost:5000/update
2025-04-12 10:36:22,154 - WARNING - Attempt 2 failed to update Flask: 404 Client Error: NOT FOUND for url: http://localhost:5000/update
2025-04-12 10:36:26,199 - WARNING - Attempt 3 failed to update Flask: 404 Client Error: NOT FOUND for url: http://localhost:5000/update
2025-04-12 10:36:26,200 - ERROR - Failed to update Flask after multiple attempts
2025-04-12 10:36:28,277 - WARNING - Attempt 1 failed to update Flask: 404 Client Error: NOT FOUND for url: http://localhost:5000/update
2025-04-12 10:36:32,327 - WARNING - Attempt 2 failed to update Flask: 404 Client Error: NOT FOUND for url: http://localhost:5000/update
2025-04-12 10:36:36,371 - WARNING - Attempt 3 failed to update Flask: 404 Client Error: NOT FOUND for url: http://localhost:5000/update
2025-04-12 10:36:36,372 - ERROR - Failed to update Flask after multiple attempts
2025-04-12 10:36:38,438 - WARNING - Attempt 1 failed to update Flask: 404 Client Error: NOT FOUND for url: http://localhost:5000/update
2025-04-12 10:36:42,494 - WARNING - Attempt 2 failed to update Flask: 404 Client Error: NOT FOUND for url: http://localhost:5000/update
2025-04-12 10:36:46,535 - WARNING - Attempt 3 failed to update Flask: 404 Client Error: NOT FOUND for url: http://localhost:5000/update
2025-04-12 10:36:46,536 - ERROR - Failed to update Flask after multiple attempts
2025-04-12 10:36:48,623 - WARNING - Attempt 1 failed to update Flask: 404 Client Error: NOT FOUND for url: http://localhost:5000/update
2025-04-12 10:36:52,695 - WARNING - Attempt 2 failed to update Flask: 404 Client Error: NOT FOUND for url: http://localhost:5000/update
2025-04-12 10:36:56,742 - WARNING - Attempt 3 failed to update Flask: 404 Client Error: NOT FOUND for url: http://localhost:5000/update
2025-04-12 10:36:56,742 - ERROR - Failed to update Flask after multiple attempts
2025-04-12 10:36:58,815 - WARNING - Attempt 1 failed to update Flask: 404 Client Error: NOT FOUND for url: http://localhost:5000/update
2025-04-12 10:37:02,853 - WARNING - Attempt 2 failed to update Flask: 404 Client Error: NOT FOUND for url: http://localhost:5000/update
2025-04-12 10:37:06,898 - WARNING - Attempt 3 failed to update Flask: 404 Client Error: NOT FOUND for url: http://localhost:5000/update
2025-04-12 10:37:06,899 - ERROR - Failed to update Flask after multiple attempts
2025-04-12 10:37:08,968 - WARNING - Attempt 1 failed to update Flask: 404 Client Error: NOT FOUND for url: http://localhost:5000/update
2025-04-12 10:37:13,007 - WARNING - Attempt 2 failed to update Flask: 404 Client Error: NOT FOUND for url: http://localhost:5000/update
2025-04-12 10:37:17,042 - WARNING - Attempt 3 failed to update Flask: 404 Client Error: NOT FOUND for url: http://localhost:5000/update
2025-04-12 10:37:17,042 - ERROR - Failed to update Flask after multiple attempts
2025-04-12 10:37:19,085 - WARNING - Attempt 1 failed to update Flask: 404 Client Error: NOT FOUND for url: http://localhost:5000/update
2025-04-12 10:37:23,143 - WARNING - Attempt 2 failed to update Flask: 404 Client Error: NOT FOUND for url: http://localhost:5000/update
2025-04-12 10:37:27,182 - WARNING - Attempt 3 failed to update Flask: 404 Client Error: NOT FOUND for url: http://localhost:5000/update
2025-04-12 10:37:27,183 - ERROR - Failed to update Flask after multiple attempts
2025-04-12 10:37:29,252 - WARNING - Attempt 1 failed to update Flask: 404 Client Error: NOT FOUND for url: http://localhost:5000/update
2025-04-12 10:37:33,290 - WARNING - Attempt 2 failed to update Flask: 404 Client Error: NOT FOUND for url: http://localhost:5000/update
2025-04-12 10:37:37,341 - WARNING - Attempt 3 failed to update Flask: 404 Client Error: NOT FOUND for url: http://localhost:5000/update
2025-04-12 10:37:37,342 - ERROR - Failed to update Flask after multiple attempts
2025-04-12 10:37:39,412 - WARNING - Attempt 1 failed to update Flask: 404 Client Error: NOT FOUND for url: http://localhost:5000/update
2025-04-12 10:37:43,449 - WARNING - Attempt 2 failed to update Flask: 404 Client Error: NOT FOUND for url: http://localhost:5000/update
2025-04-12 10:37:47,488 - WARNING - Attempt 3 failed to update Flask: 404 Client Error: NOT FOUND for url: http://localhost:5000/update
2025-04-12 10:37:47,488 - ERROR - Failed to update Flask after multiple attempts
2025-04-12 10:37:49,574 - WARNING - Attempt 1 failed to update Flask: 404 Client Error: NOT FOUND for url: http://localhost:5000/update
2025-04-12 10:37:53,602 - WARNING - Attempt 2 failed to update Flask: 404 Client Error: NOT FOUND for url: http://localhost:5000/update
2025-04-12 10:37:57,652 - WARNING - Attempt 3 failed to update Flask: 404 Client Error: NOT FOUND for url: http://localhost:5000/update
2025-04-12 10:37:57,653 - ERROR - Failed to update Flask after multiple attempts
2025-04-12 10:37:59,719 - WARNING - Attempt 1 failed to update Flask: 404 Client Error: NOT FOUND for url: http://localhost:5000/update
2025-04-12 10:38:03,783 - WARNING - Attempt 2 failed to update Flask: 404 Client Error: NOT FOUND for url: http://localhost:5000/update
2025-04-12 10:38:07,820 - WARNING - Attempt 3 failed to update Flask: 404 Client Error: NOT FOUND for url: http://localhost:5000/update
2025-04-12 10:38:07,821 - ERROR - Failed to update Flask after multiple attempts
2025-04-12 10:38:09,876 - WARNING - Attempt 1 failed to update Flask: 404 Client Error: NOT FOUND for url: http://localhost:5000/update
2025-04-12 10:38:13,903 - WARNING - Attempt 2 failed to update Flask: 404 Client Error: NOT FOUND for url: http://localhost:5000/update
2025-04-12 10:38:17,924 - WARNING - Attempt 3 failed to update Flask: 404 Client Error: NOT FOUND for url: http://localhost:5000/update
2025-04-12 10:38:17,925 - ERROR - Failed to update Flask after multiple attempts
2025-04-12 10:38:19,998 - WARNING - Attempt 1 failed to update Flask: 404 Client Error: NOT FOUND for url: http://localhost:5000/update
2025-04-12 10:38:24,035 - WARNING - Attempt 2 failed to update Flask: 404 Client Error: NOT FOUND for url: http://localhost:5000/update
2025-04-12 10:38:28,084 - WARNING - Attempt 3 failed to update Flask: 404 Client Error: NOT FOUND for url: http://localhost:5000/update
2025-04-12 10:38:28,085 - ERROR - Failed to update Flask after multiple attempts
2025-04-12 10:38:30,177 - WARNING - Attempt 1 failed to update Flask: 404 Client Error: NOT FOUND for url: http://localhost:5000/update
2025-04-12 10:38:34,236 - WARNING - Attempt 2 failed to update Flask: 404 Client Error: NOT FOUND for url: http://localhost:5000/update
2025-04-12 10:38:38,305 - WARNING - Attempt 3 failed to update Flask: 404 Client Error: NOT FOUND for url: http://localhost:5000/update
2025-04-12 10:38:38,306 - ERROR - Failed to update Flask after multiple attempts
2025-04-12 10:38:40,365 - WARNING - Attempt 1 failed to update Flask: 404 Client Error: NOT FOUND for url: http://localhost:5000/update
2025-04-12 10:38:44,401 - WARNING - Attempt 2 failed to update Flask: 404 Client Error: NOT FOUND for url: http://localhost:5000/update
2025-04-12 10:38:48,463 - WARNING - Attempt 3 failed to update Flask: 404 Client Error: NOT FOUND for url: http://localhost:5000/update
2025-04-12 10:38:48,464 - ERROR - Failed to update Flask after multiple attempts
2025-04-12 10:38:50,508 - WARNING - Attempt 1 failed to update Flask: 404 Client Error: NOT FOUND for url: http://localhost:5000/update
2025-04-12 10:38:54,563 - WARNING - Attempt 2 failed to update Flask: 404 Client Error: NOT FOUND for url: http://localhost:5000/update
2025-04-12 10:38:58,604 - WARNING - Attempt 3 failed to update Flask: 404 Client Error: NOT FOUND for url: http://localhost:5000/update
2025-04-12 10:38:58,605 - ERROR - Failed to update Flask after multiple attempts
2025-04-12 10:39:00,665 - WARNING - Attempt 1 failed to update Flask: 404 Client Error: NOT FOUND for url: http://localhost:5000/update
2025-04-12 10:39:04,704 - WARNING - Attempt 2 failed to update Flask: 404 Client Error: NOT FOUND for url: http://localhost:5000/update
2025-04-12 10:39:08,768 - WARNING - Attempt 3 failed to update Flask: 404 Client Error: NOT FOUND for url: http://localhost:5000/update
2025-04-12 10:39:08,769 - ERROR - Failed to update Flask after multiple attempts
2025-04-12 10:39:10,852 - WARNING - Attempt 1 failed to update Flask: 404 Client Error: NOT FOUND for url: http://localhost:5000/update
2025-04-12 10:39:14,909 - WARNING - Attempt 2 failed to update Flask: 404 Client Error: NOT FOUND for url: http://localhost:5000/update
2025-04-12 10:39:18,960 - WARNING - Attempt 3 failed to update Flask: 404 Client Error: NOT FOUND for url: http://localhost:5000/update
2025-04-12 10:39:18,961 - ERROR - Failed to update Flask after multiple attempts
2025-04-12 10:39:21,025 - WARNING - Attempt 1 failed to update Flask: 404 Client Error: NOT FOUND for url: http://localhost:5000/update
2025-04-12 10:39:25,083 - WARNING - Attempt 2 failed to update Flask: 404 Client Error: NOT FOUND for url: http://localhost:5000/update
2025-04-12 10:39:29,105 - WARNING - Attempt 3 failed to update Flask: 404 Client Error: NOT FOUND for url: http://localhost:5000/update
2025-04-12 10:39:29,106 - ERROR - Failed to update Flask after multiple attempts
2025-04-12 10:39:31,163 - WARNING - Attempt 1 failed to update Flask: 404 Client Error: NOT FOUND for url: http://localhost:5000/update
2025-04-12 10:39:35,216 - WARNING - Attempt 2 failed to update Flask: 404 Client Error: NOT FOUND for url: http://localhost:5000/update
2025-04-12 10:39:39,273 - WARNING - Attempt 3 failed to update Flask: 404 Client Error: NOT FOUND for url: http://localhost:5000/update
2025-04-12 10:39:39,273 - ERROR - Failed to update Flask after multiple attempts
2025-04-12 10:39:41,349 - WARNING - Attempt 1 failed to update Flask: 404 Client Error: NOT FOUND for url: http://localhost:5000/update
2025-04-12 10:39:45,403 - WARNING - Attempt 2 failed to update Flask: 404 Client Error: NOT FOUND for url: http://localhost:5000/update
2025-04-12 10:39:49,446 - WARNING - Attempt 3 failed to update Flask: 404 Client Error: NOT FOUND for url: http://localhost:5000/update
2025-04-12 10:39:49,447 - ERROR - Failed to update Flask after multiple attempts
2025-04-12 10:39:51,486 - WARNING - Attempt 1 failed to update Flask: 404 Client Error: NOT FOUND for url: http://localhost:5000/update
2025-04-12 10:39:55,546 - WARNING - Attempt 2 failed to update Flask: 404 Client Error: NOT FOUND for url: http://localhost:5000/update
2025-04-12 10:39:59,606 - WARNING - Attempt 3 failed to update Flask: 404 Client Error: NOT FOUND for url: http://localhost:5000/update
2025-04-12 10:39:59,606 - ERROR - Failed to update Flask after multiple attempts
2025-04-12 10:40:01,667 - WARNING - Attempt 1 failed to update Flask: 404 Client Error: NOT FOUND for url: http://localhost:5000/update
2025-04-12 10:40:05,688 - WARNING - Attempt 2 failed to update Flask: 404 Client Error: NOT FOUND for url: http://localhost:5000/update
2025-04-12 10:40:09,717 - WARNING - Attempt 3 failed to update Flask: 404 Client Error: NOT FOUND for url: http://localhost:5000/update
2025-04-12 10:40:09,718 - ERROR - Failed to update Flask after multiple attempts
2025-04-12 10:40:11,750 - WARNING - Attempt 1 failed to update Flask: 404 Client Error: NOT FOUND for url: http://localhost:5000/update
2025-04-12 10:40:15,801 - WARNING - Attempt 2 failed to update Flask: 404 Client Error: NOT FOUND for url: http://localhost:5000/update
2025-04-12 10:40:19,849 - WARNING - Attempt 3 failed to update Flask: 404 Client Error: NOT FOUND for url: http://localhost:5000/update
2025-04-12 10:40:19,850 - ERROR - Failed to update Flask after multiple attempts
2025-04-12 10:40:21,904 - WARNING - Attempt 1 failed to update Flask: 404 Client Error: NOT FOUND for url: http://localhost:5000/update
2025-04-12 10:40:25,942 - WARNING - Attempt 2 failed to update Flask: 404 Client Error: NOT FOUND for url: http://localhost:5000/update
2025-04-12 10:40:29,980 - WARNING - Attempt 3 failed to update Flask: 404 Client Error: NOT FOUND for url: http://localhost:5000/update
2025-04-12 10:40:29,981 - ERROR - Failed to update Flask after multiple attempts
2025-04-12 10:40:32,015 - WARNING - Attempt 1 failed to update Flask: 404 Client Error: NOT FOUND for url: http://localhost:5000/update
2025-04-12 10:40:36,053 - WARNING - Attempt 2 failed to update Flask: 404 Client Error: NOT FOUND for url: http://localhost:5000/update
2025-04-12 10:40:40,119 - WARNING - Attempt 3 failed to update Flask: 404 Client Error: NOT FOUND for url: http://localhost:5000/update
2025-04-12 10:40:40,119 - ERROR - Failed to update Flask after multiple attempts
2025-04-12 10:40:42,161 - WARNING - Attempt 1 failed to update Flask: 404 Client Error: NOT FOUND for url: http://localhost:5000/update
2025-04-12 10:40:46,206 - WARNING - Attempt 2 failed to update Flask: 404 Client Error: NOT FOUND for url: http://localhost:5000/update
2025-04-12 10:40:50,232 - WARNING - Attempt 3 failed to update Flask: 404 Client Error: NOT FOUND for url: http://localhost:5000/update
2025-04-12 10:40:50,233 - ERROR - Failed to update Flask after multiple attempts
2025-04-12 10:40:52,294 - WARNING - Attempt 1 failed to update Flask: 404 Client Error: NOT FOUND for url: http://localhost:5000/update
2025-04-12 10:40:56,358 - WARNING - Attempt 2 failed to update Flask: 404 Client Error: NOT FOUND for url: http://localhost:5000/update
2025-04-12 10:41:00,404 - WARNING - Attempt 3 failed to update Flask: 404 Client Error: NOT FOUND for url: http://localhost:5000/update
2025-04-12 10:41:00,404 - ERROR - Failed to update Flask after multiple attempts
2025-04-12 10:41:02,474 - WARNING - Attempt 1 failed to update Flask: 404 Client Error: NOT FOUND for url: http://localhost:5000/update
2025-04-12 10:41:06,503 - WARNING - Attempt 2 failed to update Flask: 404 Client Error: NOT FOUND for url: http://localhost:5000/update
2025-04-12 10:41:10,551 - WARNING - Attempt 3 failed to update Flask: 404 Client Error: NOT FOUND for url: http://localhost:5000/update
2025-04-12 10:41:10,551 - ERROR - Failed to update Flask after multiple attempts
2025-04-12 10:41:12,609 - WARNING - Attempt 1 failed to update Flask: 404 Client Error: NOT FOUND for url: http://localhost:5000/update
2025-04-12 10:41:16,666 - WARNING - Attempt 2 failed to update Flask: 404 Client Error: NOT FOUND for url: http://localhost:5000/update
2025-04-12 10:41:20,714 - WARNING - Attempt 3 failed to update Flask: 404 Client Error: NOT FOUND for url: http://localhost:5000/update
2025-04-12 10:41:20,714 - ERROR - Failed to update Flask after multiple attempts
2025-04-12 10:41:22,773 - WARNING - Attempt 1 failed to update Flask: 404 Client Error: NOT FOUND for url: http://localhost:5000/update
2025-04-12 10:41:26,819 - WARNING - Attempt 2 failed to update Flask: 404 Client Error: NOT FOUND for url: http://localhost:5000/update
2025-04-12 10:41:30,880 - WARNING - Attempt 3 failed to update Flask: 404 Client Error: NOT FOUND for url: http://localhost:5000/update
2025-04-12 10:41:30,881 - ERROR - Failed to update Flask after multiple attempts
2025-04-12 10:41:32,937 - WARNING - Attempt 1 failed to update Flask: 404 Client Error: NOT FOUND for url: http://localhost:5000/update
2025-04-12 10:41:36,984 - WARNING - Attempt 2 failed to update Flask: 404 Client Error: NOT FOUND for url: http://localhost:5000/update
2025-04-12 10:41:41,029 - WARNING - Attempt 3 failed to update Flask: 404 Client Error: NOT FOUND for url: http://localhost:5000/update
2025-04-12 10:41:41,029 - ERROR - Failed to update Flask after multiple attempts
2025-04-12 10:41:43,104 - WARNING - Attempt 1 failed to update Flask: 404 Client Error: NOT FOUND for url: http://localhost:5000/update
2025-04-12 10:41:47,152 - WARNING - Attempt 2 failed to update Flask: 404 Client Error: NOT FOUND for url: http://localhost:5000/update
2025-04-12 10:41:51,204 - WARNING - Attempt 3 failed to update Flask: 404 Client Error: NOT FOUND for url: http://localhost:5000/update
2025-04-12 10:41:51,205 - ERROR - Failed to update Flask after multiple attempts
2025-04-12 10:41:53,260 - WARNING - Attempt 1 failed to update Flask: 404 Client Error: NOT FOUND for url: http://localhost:5000/update
2025-04-12 10:41:57,299 - WARNING - Attempt 2 failed to update Flask: 404 Client Error: NOT FOUND for url: http://localhost:5000/update
2025-04-12 10:42:01,338 - WARNING - Attempt 3 failed to update Flask: 404 Client Error: NOT FOUND for url: http://localhost:5000/update
2025-04-12 10:42:01,338 - ERROR - Failed to update Flask after multiple attempts
2025-04-12 10:42:03,382 - WARNING - Attempt 1 failed to update Flask: 404 Client Error: NOT FOUND for url: http://localhost:5000/update
2025-04-12 10:42:07,415 - WARNING - Attempt 2 failed to update Flask: 404 Client Error: NOT FOUND for url: http://localhost:5000/update
2025-04-12 10:42:11,476 - WARNING - Attempt 3 failed to update Flask: 404 Client Error: NOT FOUND for url: http://localhost:5000/update
2025-04-12 10:42:11,477 - ERROR - Failed to update Flask after multiple attempts
2025-04-12 10:42:13,560 - WARNING - Attempt 1 failed to update Flask: 404 Client Error: NOT FOUND for url: http://localhost:5000/update
2025-04-12 10:42:17,618 - WARNING - Attempt 2 failed to update Flask: 404 Client Error: NOT FOUND for url: http://localhost:5000/update
2025-04-12 10:42:21,679 - WARNING - Attempt 3 failed to update Flask: 404 Client Error: NOT FOUND for url: http://localhost:5000/update
2025-04-12 10:42:21,680 - ERROR - Failed to update Flask after multiple attempts
2025-04-12 10:42:23,731 - WARNING - Attempt 1 failed to update Flask: 404 Client Error: NOT FOUND for url: http://localhost:5000/update
2025-04-12 10:42:27,779 - WARNING - Attempt 2 failed to update Flask: 404 Client Error: NOT FOUND for url: http://localhost:5000/update
2025-04-12 10:42:31,813 - WARNING - Attempt 3 failed to update Flask: 404 Client Error: NOT FOUND for url: http://localhost:5000/update
2025-04-12 10:42:31,813 - ERROR - Failed to update Flask after multiple attempts
2025-04-12 10:42:33,863 - WARNING - Attempt 1 failed to update Flask: 404 Client Error: NOT FOUND for url: http://localhost:5000/update
2025-04-12 10:42:37,912 - WARNING - Attempt 2 failed to update Flask: 404 Client Error: NOT FOUND for url: http://localhost:5000/update
2025-04-12 10:42:41,963 - WARNING - Attempt 3 failed to update Flask: 404 Client Error: NOT FOUND for url: http://localhost:5000/update
2025-04-12 10:42:41,964 - ERROR - Failed to update Flask after multiple attempts
2025-04-12 10:42:44,014 - WARNING - Attempt 1 failed to update Flask: 404 Client Error: NOT FOUND for url: http://localhost:5000/update
2025-04-12 10:42:48,058 - WARNING - Attempt 2 failed to update Flask: 404 Client Error: NOT FOUND for url: http://localhost:5000/update
2025-04-12 10:42:52,121 - WARNING - Attempt 3 failed to update Flask: 404 Client Error: NOT FOUND for url: http://localhost:5000/update
2025-04-12 10:42:52,121 - ERROR - Failed to update Flask after multiple attempts
2025-04-12 10:42:54,179 - WARNING - Attempt 1 failed to update Flask: 404 Client Error: NOT FOUND for url: http://localhost:5000/update
2025-04-12 10:42:58,213 - WARNING - Attempt 2 failed to update Flask: 404 Client Error: NOT FOUND for url: http://localhost:5000/update
2025-04-12 10:43:02,258 - WARNING - Attempt 3 failed to update Flask: 404 Client Error: NOT FOUND for url: http://localhost:5000/update
2025-04-12 10:43:02,259 - ERROR - Failed to update Flask after multiple attempts
2025-04-12 10:43:04,309 - WARNING - Attempt 1 failed to update Flask: 404 Client Error: NOT FOUND for url: http://localhost:5000/update
2025-04-12 10:43:08,339 - WARNING - Attempt 2 failed to update Flask: 404 Client Error: NOT FOUND for url: http://localhost:5000/update
2025-04-12 10:43:12,372 - WARNING - Attempt 3 failed to update Flask: 404 Client Error: NOT FOUND for url: http://localhost:5000/update
2025-04-12 10:43:12,373 - ERROR - Failed to update Flask after multiple attempts
2025-04-12 10:43:14,405 - WARNING - Attempt 1 failed to update Flask: 404 Client Error: NOT FOUND for url: http://localhost:5000/update
2025-04-12 10:43:18,442 - WARNING - Attempt 2 failed to update Flask: 404 Client Error: NOT FOUND for url: http://localhost:5000/update
2025-04-12 10:43:22,479 - WARNING - Attempt 3 failed to update Flask: 404 Client Error: NOT FOUND for url: http://localhost:5000/update
2025-04-12 10:43:22,479 - ERROR - Failed to update Flask after multiple attempts
2025-04-12 10:43:24,522 - WARNING - Attempt 1 failed to update Flask: 404 Client Error: NOT FOUND for url: http://localhost:5000/update
2025-04-12 10:43:28,567 - WARNING - Attempt 2 failed to update Flask: 404 Client Error: NOT FOUND for url: http://localhost:5000/update
2025-04-12 10:43:32,612 - WARNING - Attempt 3 failed to update Flask: 404 Client Error: NOT FOUND for url: http://localhost:5000/update
2025-04-12 10:43:32,612 - ERROR - Failed to update Flask after multiple attempts
2025-04-12 10:43:34,674 - WARNING - Attempt 1 failed to update Flask: 404 Client Error: NOT FOUND for url: http://localhost:5000/update
2025-04-12 10:43:38,721 - WARNING - Attempt 2 failed to update Flask: 404 Client Error: NOT FOUND for url: http://localhost:5000/update
2025-04-12 10:43:42,770 - WARNING - Attempt 3 failed to update Flask: 404 Client Error: NOT FOUND for url: http://localhost:5000/update
2025-04-12 10:43:42,771 - ERROR - Failed to update Flask after multiple attempts
2025-04-12 10:43:44,836 - WARNING - Attempt 1 failed to update Flask: 404 Client Error: NOT FOUND for url: http://localhost:5000/update
2025-04-12 10:43:48,888 - WARNING - Attempt 2 failed to update Flask: 404 Client Error: NOT FOUND for url: http://localhost:5000/update
2025-04-12 10:43:52,928 - WARNING - Attempt 3 failed to update Flask: 404 Client Error: NOT FOUND for url: http://localhost:5000/update
2025-04-12 10:43:52,928 - ERROR - Failed to update Flask after multiple attempts
2025-04-12 10:43:54,972 - WARNING - Attempt 1 failed to update Flask: 404 Client Error: NOT FOUND for url: http://localhost:5000/update
2025-04-12 10:43:59,026 - WARNING - Attempt 2 failed to update Flask: 404 Client Error: NOT FOUND for url: http://localhost:5000/update
2025-04-12 10:44:03,061 - WARNING - Attempt 3 failed to update Flask: 404 Client Error: NOT FOUND for url: http://localhost:5000/update
2025-04-12 10:44:03,062 - ERROR - Failed to update Flask after multiple attempts
2025-04-12 10:44:05,127 - WARNING - Attempt 1 failed to update Flask: 404 Client Error: NOT FOUND for url: http://localhost:5000/update
2025-04-12 10:44:09,171 - WARNING - Attempt 2 failed to update Flask: 404 Client Error: NOT FOUND for url: http://localhost:5000/update
2025-04-12 10:44:13,228 - WARNING - Attempt 3 failed to update Flask: 404 Client Error: NOT FOUND for url: http://localhost:5000/update
2025-04-12 10:44:13,229 - ERROR - Failed to update Flask after multiple attempts
2025-04-12 10:44:15,303 - WARNING - Attempt 1 failed to update Flask: 404 Client Error: NOT FOUND for url: http://localhost:5000/update
2025-04-12 10:44:19,354 - WARNING - Attempt 2 failed to update Flask: 404 Client Error: NOT FOUND for url: http://localhost:5000/update
2025-04-12 10:44:23,379 - WARNING - Attempt 3 failed to update Flask: 404 Client Error: NOT FOUND for url: http://localhost:5000/update
2025-04-12 10:44:23,380 - ERROR - Failed to update Flask after multiple attempts
2025-04-12 10:44:25,433 - WARNING - Attempt 1 failed to update Flask: 404 Client Error: NOT FOUND for url: http://localhost:5000/update
2025-04-12 10:44:29,446 - WARNING - Attempt 2 failed to update Flask: 404 Client Error: NOT FOUND for url: http://localhost:5000/update
2025-04-12 10:44:33,503 - WARNING - Attempt 3 failed to update Flask: 404 Client Error: NOT FOUND for url: http://localhost:5000/update
2025-04-12 10:44:33,503 - ERROR - Failed to update Flask after multiple attempts
2025-04-12 10:44:35,567 - WARNING - Attempt 1 failed to update Flask: 404 Client Error: NOT FOUND for url: http://localhost:5000/update
2025-04-12 10:44:39,601 - WARNING - Attempt 2 failed to update Flask: 404 Client Error: NOT FOUND for url: http://localhost:5000/update
2025-04-12 10:44:43,654 - WARNING - Attempt 3 failed to update Flask: 404 Client Error: NOT FOUND for url: http://localhost:5000/update
2025-04-12 10:44:43,655 - ERROR - Failed to update Flask after multiple attempts
2025-04-12 10:44:45,710 - WARNING - Attempt 1 failed to update Flask: 404 Client Error: NOT FOUND for url: http://localhost:5000/update
2025-04-12 10:44:49,747 - WARNING - Attempt 2 failed to update Flask: 404 Client Error: NOT FOUND for url: http://localhost:5000/update
2025-04-12 10:44:53,793 - WARNING - Attempt 3 failed to update Flask: 404 Client Error: NOT FOUND for url: http://localhost:5000/update
2025-04-12 10:44:53,794 - ERROR - Failed to update Flask after multiple attempts
2025-04-12 10:44:55,852 - WARNING - Attempt 1 failed to update Flask: 404 Client Error: NOT FOUND for url: http://localhost:5000/update
2025-04-12 10:44:59,896 - WARNING - Attempt 2 failed to update Flask: 404 Client Error: NOT FOUND for url: http://localhost:5000/update
2025-04-12 10:45:03,937 - WARNING - Attempt 3 failed to update Flask: 404 Client Error: NOT FOUND for url: http://localhost:5000/update
2025-04-12 10:45:03,940 - ERROR - Failed to update Flask after multiple attempts
2025-04-12 10:45:05,987 - WARNING - Attempt 1 failed to update Flask: 404 Client Error: NOT FOUND for url: http://localhost:5000/update
2025-04-12 10:45:10,061 - WARNING - Attempt 2 failed to update Flask: 404 Client Error: NOT FOUND for url: http://localhost:5000/update
2025-04-12 10:45:14,109 - WARNING - Attempt 3 failed to update Flask: 404 Client Error: NOT FOUND for url: http://localhost:5000/update
2025-04-12 10:45:14,109 - ERROR - Failed to update Flask after multiple attempts
2025-04-12 10:45:16,178 - WARNING - Attempt 1 failed to update Flask: 404 Client Error: NOT FOUND for url: http://localhost:5000/update
2025-04-12 10:45:20,213 - WARNING - Attempt 2 failed to update Flask: 404 Client Error: NOT FOUND for url: http://localhost:5000/update
2025-04-12 10:45:24,281 - WARNING - Attempt 3 failed to update Flask: 404 Client Error: NOT FOUND for url: http://localhost:5000/update
2025-04-12 10:45:24,282 - ERROR - Failed to update Flask after multiple attempts
2025-04-12 10:45:26,352 - WARNING - Attempt 1 failed to update Flask: 404 Client Error: NOT FOUND for url: http://localhost:5000/update
2025-04-12 10:45:30,388 - WARNING - Attempt 2 failed to update Flask: 404 Client Error: NOT FOUND for url: http://localhost:5000/update
2025-04-12 10:45:34,440 - WARNING - Attempt 3 failed to update Flask: 404 Client Error: NOT FOUND for url: http://localhost:5000/update
2025-04-12 10:45:34,441 - ERROR - Failed to update Flask after multiple attempts
2025-04-12 10:45:36,545 - WARNING - Attempt 1 failed to update Flask: 404 Client Error: NOT FOUND for url: http://localhost:5000/update
2025-04-12 10:45:40,590 - WARNING - Attempt 2 failed to update Flask: 404 Client Error: NOT FOUND for url: http://localhost:5000/update
2025-04-12 10:45:44,619 - WARNING - Attempt 3 failed to update Flask: 404 Client Error: NOT FOUND for url: http://localhost:5000/update
2025-04-12 10:45:44,620 - ERROR - Failed to update Flask after multiple attempts
2025-04-12 10:45:46,675 - WARNING - Attempt 1 failed to update Flask: 404 Client Error: NOT FOUND for url: http://localhost:5000/update
2025-04-12 10:45:50,740 - WARNING - Attempt 2 failed to update Flask: 404 Client Error: NOT FOUND for url: http://localhost:5000/update
2025-04-12 10:45:54,794 - WARNING - Attempt 3 failed to update Flask: 404 Client Error: NOT FOUND for url: http://localhost:5000/update
2025-04-12 10:45:54,795 - ERROR - Failed to update Flask after multiple attempts
2025-04-12 10:45:56,850 - WARNING - Attempt 1 failed to update Flask: 404 Client Error: NOT FOUND for url: http://localhost:5000/update
2025-04-12 10:46:00,908 - WARNING - Attempt 2 failed to update Flask: 404 Client Error: NOT FOUND for url: http://localhost:5000/update
2025-04-12 10:46:04,962 - WARNING - Attempt 3 failed to update Flask: 404 Client Error: NOT FOUND for url: http://localhost:5000/update
2025-04-12 10:46:04,963 - ERROR - Failed to update Flask after multiple attempts
2025-04-12 10:46:07,022 - WARNING - Attempt 1 failed to update Flask: 404 Client Error: NOT FOUND for url: http://localhost:5000/update
2025-04-12 10:46:11,085 - WARNING - Attempt 2 failed to update Flask: 404 Client Error: NOT FOUND for url: http://localhost:5000/update
2025-04-12 10:46:15,118 - WARNING - Attempt 3 failed to update Flask: 404 Client Error: NOT FOUND for url: http://localhost:5000/update
2025-04-12 10:46:15,118 - ERROR - Failed to update Flask after multiple attempts
2025-04-12 10:46:17,166 - WARNING - Attempt 1 failed to update Flask: 404 Client Error: NOT FOUND for url: http://localhost:5000/update
2025-04-12 10:46:21,228 - WARNING - Attempt 2 failed to update Flask: 404 Client Error: NOT FOUND for url: http://localhost:5000/update
2025-04-12 10:46:25,257 - WARNING - Attempt 3 failed to update Flask: 404 Client Error: NOT FOUND for url: http://localhost:5000/update
2025-04-12 10:46:25,257 - ERROR - Failed to update Flask after multiple attempts
2025-04-12 10:46:27,319 - WARNING - Attempt 1 failed to update Flask: 404 Client Error: NOT FOUND for url: http://localhost:5000/update
2025-04-12 10:46:31,375 - WARNING - Attempt 2 failed to update Flask: 404 Client Error: NOT FOUND for url: http://localhost:5000/update
2025-04-12 10:46:35,438 - WARNING - Attempt 3 failed to update Flask: 404 Client Error: NOT FOUND for url: http://localhost:5000/update
2025-04-12 10:46:35,438 - ERROR - Failed to update Flask after multiple attempts
2025-04-12 10:46:37,504 - WARNING - Attempt 1 failed to update Flask: 404 Client Error: NOT FOUND for url: http://localhost:5000/update
2025-04-12 10:46:41,573 - WARNING - Attempt 2 failed to update Flask: 404 Client Error: NOT FOUND for url: http://localhost:5000/update
2025-04-12 10:46:45,655 - WARNING - Attempt 3 failed to update Flask: 404 Client Error: NOT FOUND for url: http://localhost:5000/update
2025-04-12 10:46:45,656 - ERROR - Failed to update Flask after multiple attempts
2025-04-12 10:46:47,696 - WARNING - Attempt 1 failed to update Flask: 404 Client Error: NOT FOUND for url: http://localhost:5000/update
2025-04-12 10:46:51,766 - WARNING - Attempt 2 failed to update Flask: 404 Client Error: NOT FOUND for url: http://localhost:5000/update
2025-04-12 10:46:55,795 - WARNING - Attempt 3 failed to update Flask: 404 Client Error: NOT FOUND for url: http://localhost:5000/update
2025-04-12 10:46:55,796 - ERROR - Failed to update Flask after multiple attempts
2025-04-12 10:46:57,864 - WARNING - Attempt 1 failed to update Flask: 404 Client Error: NOT FOUND for url: http://localhost:5000/update
2025-04-12 10:47:01,885 - WARNING - Attempt 2 failed to update Flask: 404 Client Error: NOT FOUND for url: http://localhost:5000/update
2025-04-12 10:47:05,950 - WARNING - Attempt 3 failed to update Flask: 404 Client Error: NOT FOUND for url: http://localhost:5000/update
2025-04-12 10:47:05,950 - ERROR - Failed to update Flask after multiple attempts
2025-04-12 10:47:08,011 - WARNING - Attempt 1 failed to update Flask: 404 Client Error: NOT FOUND for url: http://localhost:5000/update
2025-04-12 10:47:12,064 - WARNING - Attempt 2 failed to update Flask: 404 Client Error: NOT FOUND for url: http://localhost:5000/update
2025-04-12 10:47:16,130 - WARNING - Attempt 3 failed to update Flask: 404 Client Error: NOT FOUND for url: http://localhost:5000/update
2025-04-12 10:47:16,131 - ERROR - Failed to update Flask after multiple attempts
2025-04-12 10:47:18,194 - WARNING - Attempt 1 failed to update Flask: 404 Client Error: NOT FOUND for url: http://localhost:5000/update
2025-04-12 10:47:22,242 - WARNING - Attempt 2 failed to update Flask: 404 Client Error: NOT FOUND for url: http://localhost:5000/update
2025-04-12 10:47:26,290 - WARNING - Attempt 3 failed to update Flask: 404 Client Error: NOT FOUND for url: http://localhost:5000/update
2025-04-12 10:47:26,291 - ERROR - Failed to update Flask after multiple attempts
2025-04-12 10:47:28,338 - WARNING - Attempt 1 failed to update Flask: 404 Client Error: NOT FOUND for url: http://localhost:5000/update
2025-04-12 10:47:32,386 - WARNING - Attempt 2 failed to update Flask: 404 Client Error: NOT FOUND for url: http://localhost:5000/update
2025-04-12 10:47:36,454 - WARNING - Attempt 3 failed to update Flask: 404 Client Error: NOT FOUND for url: http://localhost:5000/update
2025-04-12 10:47:36,454 - ERROR - Failed to update Flask after multiple attempts
2025-04-12 10:47:38,513 - WARNING - Attempt 1 failed to update Flask: 404 Client Error: NOT FOUND for url: http://localhost:5000/update
2025-04-12 10:47:42,571 - WARNING - Attempt 2 failed to update Flask: 404 Client Error: NOT FOUND for url: http://localhost:5000/update
2025-04-12 10:47:46,624 - WARNING - Attempt 3 failed to update Flask: 404 Client Error: NOT FOUND for url: http://localhost:5000/update
2025-04-12 10:47:46,625 - ERROR - Failed to update Flask after multiple attempts
2025-04-12 10:47:48,675 - WARNING - Attempt 1 failed to update Flask: 404 Client Error: NOT FOUND for url: http://localhost:5000/update
2025-04-12 10:47:52,743 - WARNING - Attempt 2 failed to update Flask: 404 Client Error: NOT FOUND for url: http://localhost:5000/update
2025-04-12 10:47:56,792 - WARNING - Attempt 3 failed to update Flask: 404 Client Error: NOT FOUND for url: http://localhost:5000/update
2025-04-12 10:47:56,793 - ERROR - Failed to update Flask after multiple attempts
2025-04-12 10:47:58,848 - WARNING - Attempt 1 failed to update Flask: 404 Client Error: NOT FOUND for url: http://localhost:5000/update
2025-04-12 10:48:02,911 - WARNING - Attempt 2 failed to update Flask: 404 Client Error: NOT FOUND for url: http://localhost:5000/update
2025-04-12 10:48:06,976 - WARNING - Attempt 3 failed to update Flask: 404 Client Error: NOT FOUND for url: http://localhost:5000/update
2025-04-12 10:48:06,977 - ERROR - Failed to update Flask after multiple attempts
2025-04-12 10:48:09,053 - WARNING - Attempt 1 failed to update Flask: 404 Client Error: NOT FOUND for url: http://localhost:5000/update
2025-04-12 10:48:13,105 - WARNING - Attempt 2 failed to update Flask: 404 Client Error: NOT FOUND for url: http://localhost:5000/update
2025-04-12 10:48:17,148 - WARNING - Attempt 3 failed to update Flask: 404 Client Error: NOT FOUND for url: http://localhost:5000/update
2025-04-12 10:48:17,148 - ERROR - Failed to update Flask after multiple attempts
2025-04-12 10:48:19,202 - WARNING - Attempt 1 failed to update Flask: 404 Client Error: NOT FOUND for url: http://localhost:5000/update
2025-04-12 10:48:23,251 - WARNING - Attempt 2 failed to update Flask: 404 Client Error: NOT FOUND for url: http://localhost:5000/update
2025-04-12 10:48:27,309 - WARNING - Attempt 3 failed to update Flask: 404 Client Error: NOT FOUND for url: http://localhost:5000/update
2025-04-12 10:48:27,309 - ERROR - Failed to update Flask after multiple attempts
2025-04-12 10:48:29,363 - WARNING - Attempt 1 failed to update Flask: 404 Client Error: NOT FOUND for url: http://localhost:5000/update
2025-04-12 10:48:33,405 - WARNING - Attempt 2 failed to update Flask: 404 Client Error: NOT FOUND for url: http://localhost:5000/update
2025-04-12 10:48:37,442 - WARNING - Attempt 3 failed to update Flask: 404 Client Error: NOT FOUND for url: http://localhost:5000/update
2025-04-12 10:48:37,442 - ERROR - Failed to update Flask after multiple attempts
2025-04-12 10:48:39,505 - WARNING - Attempt 1 failed to update Flask: 404 Client Error: NOT FOUND for url: http://localhost:5000/update
2025-04-12 10:48:43,560 - WARNING - Attempt 2 failed to update Flask: 404 Client Error: NOT FOUND for url: http://localhost:5000/update
2025-04-12 10:48:47,623 - WARNING - Attempt 3 failed to update Flask: 404 Client Error: NOT FOUND for url: http://localhost:5000/update
2025-04-12 10:48:47,624 - ERROR - Failed to update Flask after multiple attempts
2025-04-12 10:48:49,681 - WARNING - Attempt 1 failed to update Flask: 404 Client Error: NOT FOUND for url: http://localhost:5000/update
2025-04-12 10:48:53,728 - WARNING - Attempt 2 failed to update Flask: 404 Client Error: NOT FOUND for url: http://localhost:5000/update
2025-04-12 10:48:57,772 - WARNING - Attempt 3 failed to update Flask: 404 Client Error: NOT FOUND for url: http://localhost:5000/update
2025-04-12 10:48:57,772 - ERROR - Failed to update Flask after multiple attempts
2025-04-12 10:48:59,813 - WARNING - Attempt 1 failed to update Flask: 404 Client Error: NOT FOUND for url: http://localhost:5000/update
2025-04-12 10:49:03,875 - WARNING - Attempt 2 failed to update Flask: 404 Client Error: NOT FOUND for url: http://localhost:5000/update
2025-04-12 10:49:07,893 - WARNING - Attempt 3 failed to update Flask: 404 Client Error: NOT FOUND for url: http://localhost:5000/update
2025-04-12 10:49:07,894 - ERROR - Failed to update Flask after multiple attempts
2025-04-12 10:49:07,923 - ERROR - Error sending request data to <BrokerConnection client_id=kafka-python-2.1.2, node_id=coordinator-0 host=LAPTOP-3AKB8UN6:9092 <connected> [IPv6 ('fe80::5d24:cec2:79ae:1be9', 9092, 0, 16)]>
Traceback (most recent call last):
  File "C:\Users\vijay\AppData\Local\Programs\Python\Python313\Lib\site-packages\kafka\conn.py", line 1039, in send_pending_requests_v2
    total_bytes = self._send_bytes(self._send_buffer)
  File "C:\Users\vijay\AppData\Local\Programs\Python\Python313\Lib\site-packages\kafka\conn.py", line 683, in _send_bytes
    sent_bytes = self._sock.send(data[total_sent:])
ConnectionAbortedError: [WinError 10053] An established connection was aborted by the software in your host machine
2025-04-12 10:49:07,955 - ERROR - <BrokerConnection client_id=kafka-python-2.1.2, node_id=coordinator-0 host=LAPTOP-3AKB8UN6:9092 <connected> [IPv6 ('fe80::5d24:cec2:79ae:1be9', 9092, 0, 16)]>: Closing connection. KafkaConnectionError: <BrokerConnection client_id=kafka-python-2.1.2, node_id=coordinator-0 host=LAPTOP-3AKB8UN6:9092 <connected> [IPv6 ('fe80::5d24:cec2:79ae:1be9', 9092, 0, 16)]>: [WinError 10053] An established connection was aborted by the software in your host machine
2025-04-12 10:49:07,958 - ERROR - Error sending OffsetCommitRequest_v6 to node coordinator-0 [KafkaConnectionError: <BrokerConnection client_id=kafka-python-2.1.2, node_id=coordinator-0 host=LAPTOP-3AKB8UN6:9092 <connected> [IPv6 ('fe80::5d24:cec2:79ae:1be9', 9092, 0, 16)]>: [WinError 10053] An established connection was aborted by the software in your host machine]
2025-04-12 10:49:07,959 - WARNING - Marking the coordinator dead (node coordinator-0) for group sentiment-group: KafkaConnectionError: <BrokerConnection client_id=kafka-python-2.1.2, node_id=coordinator-0 host=LAPTOP-3AKB8UN6:9092 <connected> [IPv6 ('fe80::5d24:cec2:79ae:1be9', 9092, 0, 16)]>: [WinError 10053] An established connection was aborted by the software in your host machine.
2025-04-12 10:49:07,961 - ERROR - Error sending request data to <BrokerConnection client_id=kafka-python-2.1.2, node_id=0 host=LAPTOP-3AKB8UN6:9092 <connected> [IPv6 ('fe80::5d24:cec2:79ae:1be9', 9092, 0, 16)]>
Traceback (most recent call last):
  File "C:\Users\vijay\AppData\Local\Programs\Python\Python313\Lib\site-packages\kafka\conn.py", line 1039, in send_pending_requests_v2
    total_bytes = self._send_bytes(self._send_buffer)
  File "C:\Users\vijay\AppData\Local\Programs\Python\Python313\Lib\site-packages\kafka\conn.py", line 683, in _send_bytes
    sent_bytes = self._sock.send(data[total_sent:])
ConnectionAbortedError: [WinError 10053] An established connection was aborted by the software in your host machine
2025-04-12 10:49:07,962 - ERROR - <BrokerConnection client_id=kafka-python-2.1.2, node_id=0 host=LAPTOP-3AKB8UN6:9092 <connected> [IPv6 ('fe80::5d24:cec2:79ae:1be9', 9092, 0, 16)]>: Closing connection. KafkaConnectionError: <BrokerConnection client_id=kafka-python-2.1.2, node_id=0 host=LAPTOP-3AKB8UN6:9092 <connected> [IPv6 ('fe80::5d24:cec2:79ae:1be9', 9092, 0, 16)]>: [WinError 10053] An established connection was aborted by the software in your host machine
2025-04-12 10:49:08,066 - INFO - <BrokerConnection client_id=kafka-python-2.1.2, node_id=0 host=LAPTOP-3AKB8UN6:9092 <connecting> [IPv6 ('fe80::63f:2833:3913:a9f4', 9092, 0, 20)]>: connecting to LAPTOP-3AKB8UN6:9092 [('fe80::63f:2833:3913:a9f4', 9092, 0, 20) IPv6]
2025-04-12 10:49:08,068 - INFO - <BrokerConnection client_id=kafka-python-2.1.2, node_id=0 host=LAPTOP-3AKB8UN6:9092 <checking_api_versions_send> [IPv6 ('fe80::63f:2833:3913:a9f4', 9092, 0, 20)]>: Connection complete.
2025-04-12 10:49:08,184 - INFO - Group coordinator for sentiment-group is BrokerMetadata(nodeId='coordinator-0', host='LAPTOP-3AKB8UN6', port=9092, rack=None)
2025-04-12 10:49:08,184 - INFO - Discovered coordinator coordinator-0 for group sentiment-group
2025-04-12 10:49:08,185 - INFO - <BrokerConnection client_id=kafka-python-2.1.2, node_id=coordinator-0 host=LAPTOP-3AKB8UN6:9092 <connecting> [IPv6 ('fe80::63f:2833:3913:a9f4', 9092, 0, 20)]>: connecting to LAPTOP-3AKB8UN6:9092 [('fe80::63f:2833:3913:a9f4', 9092, 0, 20) IPv6]
2025-04-12 10:49:08,186 - INFO - <BrokerConnection client_id=kafka-python-2.1.2, node_id=coordinator-0 host=LAPTOP-3AKB8UN6:9092 <checking_api_versions_send> [IPv6 ('fe80::63f:2833:3913:a9f4', 9092, 0, 20)]>: Connection complete.
2025-04-12 10:49:08,434 - INFO - Revoking previously assigned partitions {TopicPartition(topic='tweets', partition=0)} for group sentiment-group
2025-04-12 10:49:08,435 - INFO - (Re-)joining group sentiment-group
2025-04-12 10:49:08,458 - INFO - Elected group leader -- performing partition assignments using range
2025-04-12 10:49:08,470 - INFO - Successfully joined group sentiment-group with generation 11
2025-04-12 10:49:08,473 - INFO - Updated partition assignment: [TopicPartition(topic='tweets', partition=0)]
2025-04-12 10:49:08,474 - INFO - Setting newly assigned partitions {TopicPartition(topic='tweets', partition=0)} for group sentiment-group
2025-04-12 10:49:08,474 - CRITICAL - Fatal error in consumer: cannot release un-acquired lock
2025-04-12 10:49:08,475 - INFO - Leaving consumer group (sentiment-group).
2025-04-12 10:49:08,486 - INFO - <BrokerConnection client_id=kafka-python-2.1.2, node_id=0 host=LAPTOP-3AKB8UN6:9092 <connected> [IPv6 ('fe80::63f:2833:3913:a9f4', 9092, 0, 20)]>: Closing connection. 
2025-04-12 10:49:08,486 - INFO - <BrokerConnection client_id=kafka-python-2.1.2, node_id=coordinator-0 host=LAPTOP-3AKB8UN6:9092 <connected> [IPv6 ('fe80::63f:2833:3913:a9f4', 9092, 0, 20)]>: Closing connection. 
2025-04-12 11:28:16,140 - INFO - <BrokerConnection client_id=kafka-python-2.1.2, node_id=bootstrap-0 host=localhost:9092 <connecting> [IPv6 ('::1', 9092, 0, 0)]>: connecting to localhost:9092 [('::1', 9092, 0, 0) IPv6]
2025-04-12 11:28:16,145 - INFO - Broker version identified as 2.6
2025-04-12 11:28:16,145 - INFO - <BrokerConnection client_id=kafka-python-2.1.2, node_id=bootstrap-0 host=localhost:9092 <checking_api_versions_recv> [IPv6 ('::1', 9092, 0, 0)]>: Connection complete.
2025-04-12 11:28:16,146 - INFO - Updating subscribed topics to: ('tweets',)
2025-04-12 11:28:16,146 - INFO - Consumer started successfully
2025-04-12 11:28:16,151 - INFO - <BrokerConnection client_id=kafka-python-2.1.2, node_id=0 host=LAPTOP-3AKB8UN6:9092 <connecting> [IPv6 ('fe80::5d24:cec2:79ae:1be9', 9092, 0, 16)]>: connecting to LAPTOP-3AKB8UN6:9092 [('fe80::5d24:cec2:79ae:1be9', 9092, 0, 16) IPv6]
2025-04-12 11:28:16,153 - INFO - <BrokerConnection client_id=kafka-python-2.1.2, node_id=0 host=LAPTOP-3AKB8UN6:9092 <checking_api_versions_send> [IPv6 ('fe80::5d24:cec2:79ae:1be9', 9092, 0, 16)]>: Connection complete.
2025-04-12 11:28:16,153 - INFO - <BrokerConnection client_id=kafka-python-2.1.2, node_id=bootstrap-0 host=localhost:9092 <connected> [IPv6 ('::1', 9092, 0, 0)]>: Closing connection. 
2025-04-12 11:28:16,261 - INFO - Group coordinator for sentiment-group is BrokerMetadata(nodeId='coordinator-0', host='LAPTOP-3AKB8UN6', port=9092, rack=None)
2025-04-12 11:28:16,262 - INFO - Discovered coordinator coordinator-0 for group sentiment-group
2025-04-12 11:28:16,263 - INFO - Starting new heartbeat thread
2025-04-12 11:28:16,264 - INFO - Revoking previously assigned partitions set() for group sentiment-group
2025-04-12 11:28:16,265 - INFO - <BrokerConnection client_id=kafka-python-2.1.2, node_id=coordinator-0 host=LAPTOP-3AKB8UN6:9092 <connecting> [IPv6 ('fe80::5d24:cec2:79ae:1be9', 9092, 0, 16)]>: connecting to LAPTOP-3AKB8UN6:9092 [('fe80::5d24:cec2:79ae:1be9', 9092, 0, 16) IPv6]
2025-04-12 11:28:16,266 - INFO - <BrokerConnection client_id=kafka-python-2.1.2, node_id=coordinator-0 host=LAPTOP-3AKB8UN6:9092 <checking_api_versions_send> [IPv6 ('fe80::5d24:cec2:79ae:1be9', 9092, 0, 16)]>: Connection complete.
2025-04-12 11:28:16,367 - INFO - (Re-)joining group sentiment-group
2025-04-12 11:28:16,401 - INFO - Elected group leader -- performing partition assignments using range
2025-04-12 11:28:16,419 - INFO - Successfully joined group sentiment-group with generation 13
2025-04-12 11:28:16,420 - INFO - Updated partition assignment: [TopicPartition(topic='tweets', partition=0)]
2025-04-12 11:28:16,423 - INFO - Setting newly assigned partitions {TopicPartition(topic='tweets', partition=0)} for group sentiment-group
2025-04-12 11:28:20,616 - WARNING - Attempt 1 failed to update Flask: HTTPConnectionPool(host='localhost', port=5000): Max retries exceeded with url: /update (Caused by NewConnectionError('<urllib3.connection.HTTPConnection object at 0x00000292BEAE1A90>: Failed to establish a new connection: [WinError 10061] No connection could be made because the target machine actively refused it'))
2025-04-12 11:28:26,697 - WARNING - Attempt 2 failed to update Flask: HTTPConnectionPool(host='localhost', port=5000): Max retries exceeded with url: /update (Caused by NewConnectionError('<urllib3.connection.HTTPConnection object at 0x00000292BEB69450>: Failed to establish a new connection: [WinError 10061] No connection could be made because the target machine actively refused it'))
2025-04-12 11:28:32,157 - WARNING - Attempt 3 failed to update Flask: 404 Client Error: NOT FOUND for url: http://localhost:5000/update
2025-04-12 11:28:32,158 - ERROR - Failed to update Flask after multiple attempts
2025-04-12 11:28:34,220 - WARNING - Attempt 1 failed to update Flask: 404 Client Error: NOT FOUND for url: http://localhost:5000/update
2025-04-12 11:28:38,269 - WARNING - Attempt 2 failed to update Flask: 404 Client Error: NOT FOUND for url: http://localhost:5000/update
2025-04-12 11:28:42,324 - WARNING - Attempt 3 failed to update Flask: 404 Client Error: NOT FOUND for url: http://localhost:5000/update
2025-04-12 11:28:42,325 - ERROR - Failed to update Flask after multiple attempts
2025-04-12 11:28:44,363 - WARNING - Attempt 1 failed to update Flask: 404 Client Error: NOT FOUND for url: http://localhost:5000/update
2025-04-12 11:28:48,411 - WARNING - Attempt 2 failed to update Flask: 404 Client Error: NOT FOUND for url: http://localhost:5000/update
2025-04-12 11:28:52,460 - WARNING - Attempt 3 failed to update Flask: 404 Client Error: NOT FOUND for url: http://localhost:5000/update
2025-04-12 11:28:52,460 - ERROR - Failed to update Flask after multiple attempts
2025-04-12 11:28:54,517 - WARNING - Attempt 1 failed to update Flask: 404 Client Error: NOT FOUND for url: http://localhost:5000/update
2025-04-12 11:28:58,573 - WARNING - Attempt 2 failed to update Flask: 404 Client Error: NOT FOUND for url: http://localhost:5000/update
2025-04-12 11:29:02,605 - WARNING - Attempt 3 failed to update Flask: 404 Client Error: NOT FOUND for url: http://localhost:5000/update
2025-04-12 11:29:02,605 - ERROR - Failed to update Flask after multiple attempts
2025-04-12 11:29:04,679 - WARNING - Attempt 1 failed to update Flask: 404 Client Error: NOT FOUND for url: http://localhost:5000/update
2025-04-12 11:29:08,712 - WARNING - Attempt 2 failed to update Flask: 404 Client Error: NOT FOUND for url: http://localhost:5000/update
2025-04-12 11:29:12,763 - WARNING - Attempt 3 failed to update Flask: 404 Client Error: NOT FOUND for url: http://localhost:5000/update
2025-04-12 11:29:12,764 - ERROR - Failed to update Flask after multiple attempts
2025-04-12 11:29:14,821 - WARNING - Attempt 1 failed to update Flask: 404 Client Error: NOT FOUND for url: http://localhost:5000/update
2025-04-12 11:29:18,873 - WARNING - Attempt 2 failed to update Flask: 404 Client Error: NOT FOUND for url: http://localhost:5000/update
2025-04-12 11:29:22,946 - WARNING - Attempt 3 failed to update Flask: 404 Client Error: NOT FOUND for url: http://localhost:5000/update
2025-04-12 11:29:22,946 - ERROR - Failed to update Flask after multiple attempts
2025-04-12 11:29:25,016 - WARNING - Attempt 1 failed to update Flask: 404 Client Error: NOT FOUND for url: http://localhost:5000/update
2025-04-12 11:29:29,071 - WARNING - Attempt 2 failed to update Flask: 404 Client Error: NOT FOUND for url: http://localhost:5000/update
2025-04-12 11:29:33,115 - WARNING - Attempt 3 failed to update Flask: 404 Client Error: NOT FOUND for url: http://localhost:5000/update
2025-04-12 11:29:33,117 - ERROR - Failed to update Flask after multiple attempts
2025-04-12 11:29:35,180 - WARNING - Attempt 1 failed to update Flask: 404 Client Error: NOT FOUND for url: http://localhost:5000/update
2025-04-12 11:29:39,231 - WARNING - Attempt 2 failed to update Flask: 404 Client Error: NOT FOUND for url: http://localhost:5000/update
2025-04-12 11:29:43,274 - WARNING - Attempt 3 failed to update Flask: 404 Client Error: NOT FOUND for url: http://localhost:5000/update
2025-04-12 11:29:43,275 - ERROR - Failed to update Flask after multiple attempts
2025-04-12 11:29:45,334 - WARNING - Attempt 1 failed to update Flask: 404 Client Error: NOT FOUND for url: http://localhost:5000/update
2025-04-12 11:29:49,383 - WARNING - Attempt 2 failed to update Flask: 404 Client Error: NOT FOUND for url: http://localhost:5000/update
2025-04-12 11:29:53,436 - WARNING - Attempt 3 failed to update Flask: 404 Client Error: NOT FOUND for url: http://localhost:5000/update
2025-04-12 11:29:53,437 - ERROR - Failed to update Flask after multiple attempts
2025-04-12 11:29:55,509 - WARNING - Attempt 1 failed to update Flask: 404 Client Error: NOT FOUND for url: http://localhost:5000/update
2025-04-12 11:29:59,560 - WARNING - Attempt 2 failed to update Flask: 404 Client Error: NOT FOUND for url: http://localhost:5000/update
2025-04-12 11:30:03,603 - WARNING - Attempt 3 failed to update Flask: 404 Client Error: NOT FOUND for url: http://localhost:5000/update
2025-04-12 11:30:03,603 - ERROR - Failed to update Flask after multiple attempts
2025-04-12 11:30:05,655 - WARNING - Attempt 1 failed to update Flask: 404 Client Error: NOT FOUND for url: http://localhost:5000/update
2025-04-12 11:30:09,705 - WARNING - Attempt 2 failed to update Flask: 404 Client Error: NOT FOUND for url: http://localhost:5000/update
2025-04-12 11:30:13,753 - WARNING - Attempt 3 failed to update Flask: 404 Client Error: NOT FOUND for url: http://localhost:5000/update
2025-04-12 11:30:13,753 - ERROR - Failed to update Flask after multiple attempts
2025-04-12 11:30:15,816 - WARNING - Attempt 1 failed to update Flask: 404 Client Error: NOT FOUND for url: http://localhost:5000/update
2025-04-12 11:30:19,883 - WARNING - Attempt 2 failed to update Flask: 404 Client Error: NOT FOUND for url: http://localhost:5000/update
2025-04-12 11:30:23,930 - WARNING - Attempt 3 failed to update Flask: 404 Client Error: NOT FOUND for url: http://localhost:5000/update
2025-04-12 11:30:23,930 - ERROR - Failed to update Flask after multiple attempts
2025-04-12 11:30:25,983 - WARNING - Attempt 1 failed to update Flask: 404 Client Error: NOT FOUND for url: http://localhost:5000/update
2025-04-12 11:30:30,044 - WARNING - Attempt 2 failed to update Flask: 404 Client Error: NOT FOUND for url: http://localhost:5000/update
2025-04-12 11:30:34,088 - WARNING - Attempt 3 failed to update Flask: 404 Client Error: NOT FOUND for url: http://localhost:5000/update
2025-04-12 11:30:34,089 - ERROR - Failed to update Flask after multiple attempts
2025-04-12 11:30:36,144 - WARNING - Attempt 1 failed to update Flask: 404 Client Error: NOT FOUND for url: http://localhost:5000/update
2025-04-12 11:30:40,191 - WARNING - Attempt 2 failed to update Flask: 404 Client Error: NOT FOUND for url: http://localhost:5000/update
2025-04-12 11:30:44,241 - WARNING - Attempt 3 failed to update Flask: 404 Client Error: NOT FOUND for url: http://localhost:5000/update
2025-04-12 11:30:44,242 - ERROR - Failed to update Flask after multiple attempts
2025-04-12 11:30:46,304 - WARNING - Attempt 1 failed to update Flask: 404 Client Error: NOT FOUND for url: http://localhost:5000/update
2025-04-12 11:30:50,355 - WARNING - Attempt 2 failed to update Flask: 404 Client Error: NOT FOUND for url: http://localhost:5000/update
2025-04-12 11:30:54,410 - WARNING - Attempt 3 failed to update Flask: 404 Client Error: NOT FOUND for url: http://localhost:5000/update
2025-04-12 11:30:54,410 - ERROR - Failed to update Flask after multiple attempts
2025-04-12 11:30:56,476 - WARNING - Attempt 1 failed to update Flask: 404 Client Error: NOT FOUND for url: http://localhost:5000/update
2025-04-12 11:31:00,515 - WARNING - Attempt 2 failed to update Flask: 404 Client Error: NOT FOUND for url: http://localhost:5000/update
2025-04-12 11:31:04,573 - WARNING - Attempt 3 failed to update Flask: 404 Client Error: NOT FOUND for url: http://localhost:5000/update
2025-04-12 11:31:04,574 - ERROR - Failed to update Flask after multiple attempts
2025-04-12 11:31:06,639 - WARNING - Attempt 1 failed to update Flask: 404 Client Error: NOT FOUND for url: http://localhost:5000/update
2025-04-12 11:31:10,697 - WARNING - Attempt 2 failed to update Flask: 404 Client Error: NOT FOUND for url: http://localhost:5000/update
2025-04-12 11:31:14,747 - WARNING - Attempt 3 failed to update Flask: 404 Client Error: NOT FOUND for url: http://localhost:5000/update
2025-04-12 11:31:14,747 - ERROR - Failed to update Flask after multiple attempts
2025-04-12 11:31:16,799 - WARNING - Attempt 1 failed to update Flask: 404 Client Error: NOT FOUND for url: http://localhost:5000/update
2025-04-12 11:31:20,824 - WARNING - Attempt 2 failed to update Flask: 404 Client Error: NOT FOUND for url: http://localhost:5000/update
2025-04-12 11:31:24,880 - WARNING - Attempt 3 failed to update Flask: 404 Client Error: NOT FOUND for url: http://localhost:5000/update
2025-04-12 11:31:24,881 - ERROR - Failed to update Flask after multiple attempts
2025-04-12 11:31:26,963 - WARNING - Attempt 1 failed to update Flask: 404 Client Error: NOT FOUND for url: http://localhost:5000/update
2025-04-12 11:31:31,018 - WARNING - Attempt 2 failed to update Flask: 404 Client Error: NOT FOUND for url: http://localhost:5000/update
2025-04-12 11:31:35,084 - WARNING - Attempt 3 failed to update Flask: 404 Client Error: NOT FOUND for url: http://localhost:5000/update
2025-04-12 11:31:35,086 - ERROR - Failed to update Flask after multiple attempts
2025-04-12 11:31:37,136 - WARNING - Attempt 1 failed to update Flask: 404 Client Error: NOT FOUND for url: http://localhost:5000/update
2025-04-12 11:31:41,192 - WARNING - Attempt 2 failed to update Flask: 404 Client Error: NOT FOUND for url: http://localhost:5000/update
2025-04-12 11:31:45,245 - WARNING - Attempt 3 failed to update Flask: 404 Client Error: NOT FOUND for url: http://localhost:5000/update
2025-04-12 11:31:45,247 - ERROR - Failed to update Flask after multiple attempts
2025-04-12 11:31:47,316 - WARNING - Attempt 1 failed to update Flask: 404 Client Error: NOT FOUND for url: http://localhost:5000/update
2025-04-12 11:31:51,379 - WARNING - Attempt 2 failed to update Flask: 404 Client Error: NOT FOUND for url: http://localhost:5000/update
2025-04-12 11:31:55,432 - WARNING - Attempt 3 failed to update Flask: 404 Client Error: NOT FOUND for url: http://localhost:5000/update
2025-04-12 11:31:55,433 - ERROR - Failed to update Flask after multiple attempts
2025-04-12 11:31:57,514 - WARNING - Attempt 1 failed to update Flask: 404 Client Error: NOT FOUND for url: http://localhost:5000/update
2025-04-12 11:32:01,577 - WARNING - Attempt 2 failed to update Flask: 404 Client Error: NOT FOUND for url: http://localhost:5000/update
2025-04-12 11:32:05,624 - WARNING - Attempt 3 failed to update Flask: 404 Client Error: NOT FOUND for url: http://localhost:5000/update
2025-04-12 11:32:05,625 - ERROR - Failed to update Flask after multiple attempts
2025-04-12 11:32:07,682 - WARNING - Attempt 1 failed to update Flask: 404 Client Error: NOT FOUND for url: http://localhost:5000/update
2025-04-12 11:32:11,737 - WARNING - Attempt 2 failed to update Flask: 404 Client Error: NOT FOUND for url: http://localhost:5000/update
2025-04-12 11:32:15,800 - WARNING - Attempt 3 failed to update Flask: 404 Client Error: NOT FOUND for url: http://localhost:5000/update
2025-04-12 11:32:15,801 - ERROR - Failed to update Flask after multiple attempts
2025-04-12 11:32:17,880 - WARNING - Attempt 1 failed to update Flask: 404 Client Error: NOT FOUND for url: http://localhost:5000/update
2025-04-12 11:32:21,921 - WARNING - Attempt 2 failed to update Flask: 404 Client Error: NOT FOUND for url: http://localhost:5000/update
2025-04-12 11:32:25,975 - WARNING - Attempt 3 failed to update Flask: 404 Client Error: NOT FOUND for url: http://localhost:5000/update
2025-04-12 11:32:25,976 - ERROR - Failed to update Flask after multiple attempts
2025-04-12 11:32:28,049 - WARNING - Attempt 1 failed to update Flask: 404 Client Error: NOT FOUND for url: http://localhost:5000/update
2025-04-12 11:32:32,091 - WARNING - Attempt 2 failed to update Flask: 404 Client Error: NOT FOUND for url: http://localhost:5000/update
2025-04-12 11:32:36,132 - WARNING - Attempt 3 failed to update Flask: 404 Client Error: NOT FOUND for url: http://localhost:5000/update
2025-04-12 11:32:36,133 - ERROR - Failed to update Flask after multiple attempts
2025-04-12 11:32:38,187 - WARNING - Attempt 1 failed to update Flask: 404 Client Error: NOT FOUND for url: http://localhost:5000/update
2025-04-12 11:32:42,237 - WARNING - Attempt 2 failed to update Flask: 404 Client Error: NOT FOUND for url: http://localhost:5000/update
2025-04-12 11:32:46,276 - WARNING - Attempt 3 failed to update Flask: 404 Client Error: NOT FOUND for url: http://localhost:5000/update
2025-04-12 11:32:46,277 - ERROR - Failed to update Flask after multiple attempts
2025-04-12 11:32:48,333 - WARNING - Attempt 1 failed to update Flask: 404 Client Error: NOT FOUND for url: http://localhost:5000/update
2025-04-12 11:32:52,387 - WARNING - Attempt 2 failed to update Flask: 404 Client Error: NOT FOUND for url: http://localhost:5000/update
2025-04-12 11:32:56,440 - WARNING - Attempt 3 failed to update Flask: 404 Client Error: NOT FOUND for url: http://localhost:5000/update
2025-04-12 11:32:56,440 - ERROR - Failed to update Flask after multiple attempts
2025-04-12 11:32:58,506 - WARNING - Attempt 1 failed to update Flask: 404 Client Error: NOT FOUND for url: http://localhost:5000/update
2025-04-12 11:33:02,552 - WARNING - Attempt 2 failed to update Flask: 404 Client Error: NOT FOUND for url: http://localhost:5000/update
2025-04-12 11:33:06,604 - WARNING - Attempt 3 failed to update Flask: 404 Client Error: NOT FOUND for url: http://localhost:5000/update
2025-04-12 11:33:06,605 - ERROR - Failed to update Flask after multiple attempts
2025-04-12 11:33:08,671 - WARNING - Attempt 1 failed to update Flask: 404 Client Error: NOT FOUND for url: http://localhost:5000/update
2025-04-12 11:33:12,716 - WARNING - Attempt 2 failed to update Flask: 404 Client Error: NOT FOUND for url: http://localhost:5000/update
2025-04-12 11:33:16,564 - WARNING - Heartbeat poll expired, leaving group
2025-04-12 11:33:16,564 - INFO - Leaving consumer group (sentiment-group).
2025-04-12 11:33:16,586 - ERROR - Heartbeat thread for group sentiment-group failed due to unexpected error: cannot release un-acquired lock
2025-04-12 11:33:16,773 - WARNING - Attempt 3 failed to update Flask: 404 Client Error: NOT FOUND for url: http://localhost:5000/update
2025-04-12 11:33:16,774 - ERROR - Failed to update Flask after multiple attempts
2025-04-12 11:33:18,832 - WARNING - Attempt 1 failed to update Flask: 404 Client Error: NOT FOUND for url: http://localhost:5000/update
2025-04-12 11:33:22,884 - WARNING - Attempt 2 failed to update Flask: 404 Client Error: NOT FOUND for url: http://localhost:5000/update
2025-04-12 11:33:26,942 - WARNING - Attempt 3 failed to update Flask: 404 Client Error: NOT FOUND for url: http://localhost:5000/update
2025-04-12 11:33:26,943 - ERROR - Failed to update Flask after multiple attempts
2025-04-12 11:33:29,007 - WARNING - Attempt 1 failed to update Flask: 404 Client Error: NOT FOUND for url: http://localhost:5000/update
2025-04-12 11:33:33,038 - WARNING - Attempt 2 failed to update Flask: 404 Client Error: NOT FOUND for url: http://localhost:5000/update
2025-04-12 11:33:37,092 - WARNING - Attempt 3 failed to update Flask: 404 Client Error: NOT FOUND for url: http://localhost:5000/update
2025-04-12 11:33:37,093 - ERROR - Failed to update Flask after multiple attempts
2025-04-12 11:33:39,147 - WARNING - Attempt 1 failed to update Flask: 404 Client Error: NOT FOUND for url: http://localhost:5000/update
2025-04-12 11:33:43,181 - WARNING - Attempt 2 failed to update Flask: 404 Client Error: NOT FOUND for url: http://localhost:5000/update
2025-04-12 11:33:47,231 - WARNING - Attempt 3 failed to update Flask: 404 Client Error: NOT FOUND for url: http://localhost:5000/update
2025-04-12 11:33:47,232 - ERROR - Failed to update Flask after multiple attempts
2025-04-12 11:33:49,305 - WARNING - Attempt 1 failed to update Flask: 404 Client Error: NOT FOUND for url: http://localhost:5000/update
2025-04-12 11:33:53,351 - WARNING - Attempt 2 failed to update Flask: 404 Client Error: NOT FOUND for url: http://localhost:5000/update
2025-04-12 11:33:57,418 - WARNING - Attempt 3 failed to update Flask: 404 Client Error: NOT FOUND for url: http://localhost:5000/update
2025-04-12 11:33:57,420 - ERROR - Failed to update Flask after multiple attempts
2025-04-12 11:33:59,496 - WARNING - Attempt 1 failed to update Flask: 404 Client Error: NOT FOUND for url: http://localhost:5000/update
2025-04-12 11:34:03,552 - WARNING - Attempt 2 failed to update Flask: 404 Client Error: NOT FOUND for url: http://localhost:5000/update
2025-04-12 11:34:07,619 - WARNING - Attempt 3 failed to update Flask: 404 Client Error: NOT FOUND for url: http://localhost:5000/update
2025-04-12 11:34:07,624 - ERROR - Failed to update Flask after multiple attempts
2025-04-12 11:34:09,722 - WARNING - Attempt 1 failed to update Flask: 404 Client Error: NOT FOUND for url: http://localhost:5000/update
2025-04-12 11:34:13,763 - WARNING - Attempt 2 failed to update Flask: 404 Client Error: NOT FOUND for url: http://localhost:5000/update
2025-04-12 11:34:17,808 - WARNING - Attempt 3 failed to update Flask: 404 Client Error: NOT FOUND for url: http://localhost:5000/update
2025-04-12 11:34:17,810 - ERROR - Failed to update Flask after multiple attempts
2025-04-12 11:34:19,879 - WARNING - Attempt 1 failed to update Flask: 404 Client Error: NOT FOUND for url: http://localhost:5000/update
2025-04-12 11:34:23,938 - WARNING - Attempt 2 failed to update Flask: 404 Client Error: NOT FOUND for url: http://localhost:5000/update
2025-04-12 11:34:27,993 - WARNING - Attempt 3 failed to update Flask: 404 Client Error: NOT FOUND for url: http://localhost:5000/update
2025-04-12 11:34:27,994 - ERROR - Failed to update Flask after multiple attempts
2025-04-12 11:34:30,076 - WARNING - Attempt 1 failed to update Flask: 404 Client Error: NOT FOUND for url: http://localhost:5000/update
2025-04-12 11:34:34,130 - WARNING - Attempt 2 failed to update Flask: 404 Client Error: NOT FOUND for url: http://localhost:5000/update
2025-04-12 11:34:38,184 - WARNING - Attempt 3 failed to update Flask: 404 Client Error: NOT FOUND for url: http://localhost:5000/update
2025-04-12 11:34:38,185 - ERROR - Failed to update Flask after multiple attempts
2025-04-12 11:34:40,256 - WARNING - Attempt 1 failed to update Flask: 404 Client Error: NOT FOUND for url: http://localhost:5000/update
2025-04-12 11:34:44,328 - WARNING - Attempt 2 failed to update Flask: 404 Client Error: NOT FOUND for url: http://localhost:5000/update
2025-04-12 11:34:48,386 - WARNING - Attempt 3 failed to update Flask: 404 Client Error: NOT FOUND for url: http://localhost:5000/update
2025-04-12 11:34:48,387 - ERROR - Failed to update Flask after multiple attempts
2025-04-12 11:34:50,452 - WARNING - Attempt 1 failed to update Flask: 404 Client Error: NOT FOUND for url: http://localhost:5000/update
2025-04-12 11:34:54,508 - WARNING - Attempt 2 failed to update Flask: 404 Client Error: NOT FOUND for url: http://localhost:5000/update
2025-04-12 11:34:58,567 - WARNING - Attempt 3 failed to update Flask: 404 Client Error: NOT FOUND for url: http://localhost:5000/update
2025-04-12 11:34:58,568 - ERROR - Failed to update Flask after multiple attempts
2025-04-12 11:35:00,625 - WARNING - Attempt 1 failed to update Flask: 404 Client Error: NOT FOUND for url: http://localhost:5000/update
2025-04-12 11:35:04,669 - WARNING - Attempt 2 failed to update Flask: 404 Client Error: NOT FOUND for url: http://localhost:5000/update
2025-04-12 11:35:08,724 - WARNING - Attempt 3 failed to update Flask: 404 Client Error: NOT FOUND for url: http://localhost:5000/update
2025-04-12 11:35:08,724 - ERROR - Failed to update Flask after multiple attempts
2025-04-12 11:35:10,793 - WARNING - Attempt 1 failed to update Flask: 404 Client Error: NOT FOUND for url: http://localhost:5000/update
2025-04-12 11:35:14,841 - WARNING - Attempt 2 failed to update Flask: 404 Client Error: NOT FOUND for url: http://localhost:5000/update
2025-04-12 11:35:18,881 - WARNING - Attempt 3 failed to update Flask: 404 Client Error: NOT FOUND for url: http://localhost:5000/update
2025-04-12 11:35:18,881 - ERROR - Failed to update Flask after multiple attempts
2025-04-12 11:35:20,957 - WARNING - Attempt 1 failed to update Flask: 404 Client Error: NOT FOUND for url: http://localhost:5000/update
2025-04-12 11:35:25,014 - WARNING - Attempt 2 failed to update Flask: 404 Client Error: NOT FOUND for url: http://localhost:5000/update
2025-04-12 11:35:29,063 - WARNING - Attempt 3 failed to update Flask: 404 Client Error: NOT FOUND for url: http://localhost:5000/update
2025-04-12 11:35:29,064 - ERROR - Failed to update Flask after multiple attempts
2025-04-12 11:35:31,118 - WARNING - Attempt 1 failed to update Flask: 404 Client Error: NOT FOUND for url: http://localhost:5000/update
2025-04-12 11:35:35,163 - WARNING - Attempt 2 failed to update Flask: 404 Client Error: NOT FOUND for url: http://localhost:5000/update
2025-04-12 11:35:39,222 - WARNING - Attempt 3 failed to update Flask: 404 Client Error: NOT FOUND for url: http://localhost:5000/update
2025-04-12 11:35:39,223 - ERROR - Failed to update Flask after multiple attempts
2025-04-12 11:35:41,280 - WARNING - Attempt 1 failed to update Flask: 404 Client Error: NOT FOUND for url: http://localhost:5000/update
2025-04-12 11:35:45,331 - WARNING - Attempt 2 failed to update Flask: 404 Client Error: NOT FOUND for url: http://localhost:5000/update
2025-04-12 11:35:49,379 - WARNING - Attempt 3 failed to update Flask: 404 Client Error: NOT FOUND for url: http://localhost:5000/update
2025-04-12 11:35:49,380 - ERROR - Failed to update Flask after multiple attempts
2025-04-12 11:35:51,448 - WARNING - Attempt 1 failed to update Flask: 404 Client Error: NOT FOUND for url: http://localhost:5000/update
2025-04-12 11:35:55,494 - WARNING - Attempt 2 failed to update Flask: 404 Client Error: NOT FOUND for url: http://localhost:5000/update
2025-04-12 11:35:59,538 - WARNING - Attempt 3 failed to update Flask: 404 Client Error: NOT FOUND for url: http://localhost:5000/update
2025-04-12 11:35:59,539 - ERROR - Failed to update Flask after multiple attempts
2025-04-12 11:36:01,611 - WARNING - Attempt 1 failed to update Flask: 404 Client Error: NOT FOUND for url: http://localhost:5000/update
2025-04-12 11:36:05,657 - WARNING - Attempt 2 failed to update Flask: 404 Client Error: NOT FOUND for url: http://localhost:5000/update
2025-04-12 11:36:09,701 - WARNING - Attempt 3 failed to update Flask: 404 Client Error: NOT FOUND for url: http://localhost:5000/update
2025-04-12 11:36:09,702 - ERROR - Failed to update Flask after multiple attempts
2025-04-12 11:36:11,762 - WARNING - Attempt 1 failed to update Flask: 404 Client Error: NOT FOUND for url: http://localhost:5000/update
2025-04-12 11:36:15,802 - WARNING - Attempt 2 failed to update Flask: 404 Client Error: NOT FOUND for url: http://localhost:5000/update
2025-04-12 11:36:19,848 - WARNING - Attempt 3 failed to update Flask: 404 Client Error: NOT FOUND for url: http://localhost:5000/update
2025-04-12 11:36:19,850 - ERROR - Failed to update Flask after multiple attempts
2025-04-12 11:36:21,922 - WARNING - Attempt 1 failed to update Flask: 404 Client Error: NOT FOUND for url: http://localhost:5000/update
2025-04-12 11:36:25,975 - WARNING - Attempt 2 failed to update Flask: 404 Client Error: NOT FOUND for url: http://localhost:5000/update
2025-04-12 11:36:30,018 - WARNING - Attempt 3 failed to update Flask: 404 Client Error: NOT FOUND for url: http://localhost:5000/update
2025-04-12 11:36:30,018 - ERROR - Failed to update Flask after multiple attempts
2025-04-12 11:36:32,078 - WARNING - Attempt 1 failed to update Flask: 404 Client Error: NOT FOUND for url: http://localhost:5000/update
2025-04-12 11:36:36,119 - WARNING - Attempt 2 failed to update Flask: 404 Client Error: NOT FOUND for url: http://localhost:5000/update
2025-04-12 11:36:40,175 - WARNING - Attempt 3 failed to update Flask: 404 Client Error: NOT FOUND for url: http://localhost:5000/update
2025-04-12 11:36:40,176 - ERROR - Failed to update Flask after multiple attempts
2025-04-12 11:36:42,254 - WARNING - Attempt 1 failed to update Flask: 404 Client Error: NOT FOUND for url: http://localhost:5000/update
2025-04-12 11:36:46,303 - WARNING - Attempt 2 failed to update Flask: 404 Client Error: NOT FOUND for url: http://localhost:5000/update
2025-04-12 11:36:50,345 - WARNING - Attempt 3 failed to update Flask: 404 Client Error: NOT FOUND for url: http://localhost:5000/update
2025-04-12 11:36:50,346 - ERROR - Failed to update Flask after multiple attempts
2025-04-12 11:36:52,407 - WARNING - Attempt 1 failed to update Flask: 404 Client Error: NOT FOUND for url: http://localhost:5000/update
2025-04-12 11:36:56,448 - WARNING - Attempt 2 failed to update Flask: 404 Client Error: NOT FOUND for url: http://localhost:5000/update
2025-04-12 11:37:00,523 - WARNING - Attempt 3 failed to update Flask: 404 Client Error: NOT FOUND for url: http://localhost:5000/update
2025-04-12 11:37:00,524 - ERROR - Failed to update Flask after multiple attempts
2025-04-12 11:37:02,589 - WARNING - Attempt 1 failed to update Flask: 404 Client Error: NOT FOUND for url: http://localhost:5000/update
2025-04-12 11:37:06,642 - WARNING - Attempt 2 failed to update Flask: 404 Client Error: NOT FOUND for url: http://localhost:5000/update
2025-04-12 11:37:10,712 - WARNING - Attempt 3 failed to update Flask: 404 Client Error: NOT FOUND for url: http://localhost:5000/update
2025-04-12 11:37:10,712 - ERROR - Failed to update Flask after multiple attempts
2025-04-12 11:37:12,763 - WARNING - Attempt 1 failed to update Flask: 404 Client Error: NOT FOUND for url: http://localhost:5000/update
2025-04-12 11:37:16,824 - WARNING - Attempt 2 failed to update Flask: 404 Client Error: NOT FOUND for url: http://localhost:5000/update
2025-04-12 11:37:20,869 - WARNING - Attempt 3 failed to update Flask: 404 Client Error: NOT FOUND for url: http://localhost:5000/update
2025-04-12 11:37:20,869 - ERROR - Failed to update Flask after multiple attempts
2025-04-12 11:37:22,938 - WARNING - Attempt 1 failed to update Flask: 404 Client Error: NOT FOUND for url: http://localhost:5000/update
2025-04-12 11:37:26,977 - WARNING - Attempt 2 failed to update Flask: 404 Client Error: NOT FOUND for url: http://localhost:5000/update
2025-04-12 11:37:31,040 - WARNING - Attempt 3 failed to update Flask: 404 Client Error: NOT FOUND for url: http://localhost:5000/update
2025-04-12 11:37:31,040 - ERROR - Failed to update Flask after multiple attempts
2025-04-12 11:37:33,096 - WARNING - Attempt 1 failed to update Flask: 404 Client Error: NOT FOUND for url: http://localhost:5000/update
2025-04-12 11:37:37,148 - WARNING - Attempt 2 failed to update Flask: 404 Client Error: NOT FOUND for url: http://localhost:5000/update
2025-04-12 11:37:41,210 - WARNING - Attempt 3 failed to update Flask: 404 Client Error: NOT FOUND for url: http://localhost:5000/update
2025-04-12 11:37:41,210 - ERROR - Failed to update Flask after multiple attempts
2025-04-12 11:37:43,264 - WARNING - Attempt 1 failed to update Flask: 404 Client Error: NOT FOUND for url: http://localhost:5000/update
2025-04-12 11:37:47,331 - WARNING - Attempt 2 failed to update Flask: 404 Client Error: NOT FOUND for url: http://localhost:5000/update
2025-04-12 11:37:51,387 - WARNING - Attempt 3 failed to update Flask: 404 Client Error: NOT FOUND for url: http://localhost:5000/update
2025-04-12 11:37:51,388 - ERROR - Failed to update Flask after multiple attempts
2025-04-12 11:37:53,447 - WARNING - Attempt 1 failed to update Flask: 404 Client Error: NOT FOUND for url: http://localhost:5000/update
2025-04-12 11:37:57,492 - WARNING - Attempt 2 failed to update Flask: 404 Client Error: NOT FOUND for url: http://localhost:5000/update
2025-04-12 11:38:01,540 - WARNING - Attempt 3 failed to update Flask: 404 Client Error: NOT FOUND for url: http://localhost:5000/update
2025-04-12 11:38:01,540 - ERROR - Failed to update Flask after multiple attempts
2025-04-12 11:38:03,607 - WARNING - Attempt 1 failed to update Flask: 404 Client Error: NOT FOUND for url: http://localhost:5000/update
2025-04-12 11:38:07,668 - WARNING - Attempt 2 failed to update Flask: 404 Client Error: NOT FOUND for url: http://localhost:5000/update
2025-04-12 11:38:11,715 - WARNING - Attempt 3 failed to update Flask: 404 Client Error: NOT FOUND for url: http://localhost:5000/update
2025-04-12 11:38:11,716 - ERROR - Failed to update Flask after multiple attempts
2025-04-12 11:38:13,782 - WARNING - Attempt 1 failed to update Flask: 404 Client Error: NOT FOUND for url: http://localhost:5000/update
2025-04-12 11:38:17,844 - WARNING - Attempt 2 failed to update Flask: 404 Client Error: NOT FOUND for url: http://localhost:5000/update
2025-04-12 11:38:21,899 - WARNING - Attempt 3 failed to update Flask: 404 Client Error: NOT FOUND for url: http://localhost:5000/update
2025-04-12 11:38:21,899 - ERROR - Failed to update Flask after multiple attempts
2025-04-12 11:38:23,954 - WARNING - Attempt 1 failed to update Flask: 404 Client Error: NOT FOUND for url: http://localhost:5000/update
2025-04-12 11:38:28,009 - WARNING - Attempt 2 failed to update Flask: 404 Client Error: NOT FOUND for url: http://localhost:5000/update
2025-04-12 11:38:32,070 - WARNING - Attempt 3 failed to update Flask: 404 Client Error: NOT FOUND for url: http://localhost:5000/update
2025-04-12 11:38:32,071 - ERROR - Failed to update Flask after multiple attempts
2025-04-12 11:38:34,151 - WARNING - Attempt 1 failed to update Flask: 404 Client Error: NOT FOUND for url: http://localhost:5000/update
2025-04-12 11:38:38,209 - WARNING - Attempt 2 failed to update Flask: 404 Client Error: NOT FOUND for url: http://localhost:5000/update
2025-04-12 11:38:42,258 - WARNING - Attempt 3 failed to update Flask: 404 Client Error: NOT FOUND for url: http://localhost:5000/update
2025-04-12 11:38:42,259 - ERROR - Failed to update Flask after multiple attempts
2025-04-12 11:38:44,312 - WARNING - Attempt 1 failed to update Flask: 404 Client Error: NOT FOUND for url: http://localhost:5000/update
2025-04-12 11:38:48,361 - WARNING - Attempt 2 failed to update Flask: 404 Client Error: NOT FOUND for url: http://localhost:5000/update
2025-04-12 11:38:52,412 - WARNING - Attempt 3 failed to update Flask: 404 Client Error: NOT FOUND for url: http://localhost:5000/update
2025-04-12 11:38:52,414 - ERROR - Failed to update Flask after multiple attempts
2025-04-12 11:38:54,484 - WARNING - Attempt 1 failed to update Flask: 404 Client Error: NOT FOUND for url: http://localhost:5000/update
2025-04-12 11:38:58,549 - WARNING - Attempt 2 failed to update Flask: 404 Client Error: NOT FOUND for url: http://localhost:5000/update
2025-04-12 11:39:02,604 - WARNING - Attempt 3 failed to update Flask: 404 Client Error: NOT FOUND for url: http://localhost:5000/update
2025-04-12 11:39:02,604 - ERROR - Failed to update Flask after multiple attempts
2025-04-12 11:39:04,663 - WARNING - Attempt 1 failed to update Flask: 404 Client Error: NOT FOUND for url: http://localhost:5000/update
2025-04-12 11:39:08,715 - WARNING - Attempt 2 failed to update Flask: 404 Client Error: NOT FOUND for url: http://localhost:5000/update
2025-04-12 11:39:12,757 - WARNING - Attempt 3 failed to update Flask: 404 Client Error: NOT FOUND for url: http://localhost:5000/update
2025-04-12 11:39:12,757 - ERROR - Failed to update Flask after multiple attempts
2025-04-12 11:39:14,812 - WARNING - Attempt 1 failed to update Flask: 404 Client Error: NOT FOUND for url: http://localhost:5000/update
2025-04-12 11:39:18,873 - WARNING - Attempt 2 failed to update Flask: 404 Client Error: NOT FOUND for url: http://localhost:5000/update
2025-04-12 11:39:22,921 - WARNING - Attempt 3 failed to update Flask: 404 Client Error: NOT FOUND for url: http://localhost:5000/update
2025-04-12 11:39:22,921 - ERROR - Failed to update Flask after multiple attempts
2025-04-12 11:39:24,980 - WARNING - Attempt 1 failed to update Flask: 404 Client Error: NOT FOUND for url: http://localhost:5000/update
2025-04-12 11:39:29,041 - WARNING - Attempt 2 failed to update Flask: 404 Client Error: NOT FOUND for url: http://localhost:5000/update
2025-04-12 11:39:33,112 - WARNING - Attempt 3 failed to update Flask: 404 Client Error: NOT FOUND for url: http://localhost:5000/update
2025-04-12 11:39:33,113 - ERROR - Failed to update Flask after multiple attempts
2025-04-12 11:39:35,177 - WARNING - Attempt 1 failed to update Flask: 404 Client Error: NOT FOUND for url: http://localhost:5000/update
2025-04-12 11:39:39,248 - WARNING - Attempt 2 failed to update Flask: 404 Client Error: NOT FOUND for url: http://localhost:5000/update
2025-04-12 11:39:43,297 - WARNING - Attempt 3 failed to update Flask: 404 Client Error: NOT FOUND for url: http://localhost:5000/update
2025-04-12 11:39:43,298 - ERROR - Failed to update Flask after multiple attempts
2025-04-12 11:39:45,361 - WARNING - Attempt 1 failed to update Flask: 404 Client Error: NOT FOUND for url: http://localhost:5000/update
2025-04-12 11:39:49,400 - WARNING - Attempt 2 failed to update Flask: 404 Client Error: NOT FOUND for url: http://localhost:5000/update
2025-04-12 11:39:53,443 - WARNING - Attempt 3 failed to update Flask: 404 Client Error: NOT FOUND for url: http://localhost:5000/update
2025-04-12 11:39:53,444 - ERROR - Failed to update Flask after multiple attempts
2025-04-12 11:39:55,494 - WARNING - Attempt 1 failed to update Flask: 404 Client Error: NOT FOUND for url: http://localhost:5000/update
2025-04-12 11:39:59,568 - WARNING - Attempt 2 failed to update Flask: 404 Client Error: NOT FOUND for url: http://localhost:5000/update
2025-04-12 11:40:03,627 - WARNING - Attempt 3 failed to update Flask: 404 Client Error: NOT FOUND for url: http://localhost:5000/update
2025-04-12 11:40:03,627 - ERROR - Failed to update Flask after multiple attempts
2025-04-12 11:40:05,695 - WARNING - Attempt 1 failed to update Flask: 404 Client Error: NOT FOUND for url: http://localhost:5000/update
2025-04-12 11:40:09,750 - WARNING - Attempt 2 failed to update Flask: 404 Client Error: NOT FOUND for url: http://localhost:5000/update
2025-04-12 11:40:13,821 - WARNING - Attempt 3 failed to update Flask: 404 Client Error: NOT FOUND for url: http://localhost:5000/update
2025-04-12 11:40:13,822 - ERROR - Failed to update Flask after multiple attempts
2025-04-12 11:40:15,902 - WARNING - Attempt 1 failed to update Flask: 404 Client Error: NOT FOUND for url: http://localhost:5000/update
2025-04-12 11:40:19,964 - WARNING - Attempt 2 failed to update Flask: 404 Client Error: NOT FOUND for url: http://localhost:5000/update
2025-04-12 11:40:24,018 - WARNING - Attempt 3 failed to update Flask: 404 Client Error: NOT FOUND for url: http://localhost:5000/update
2025-04-12 11:40:24,019 - ERROR - Failed to update Flask after multiple attempts
2025-04-12 11:40:26,087 - WARNING - Attempt 1 failed to update Flask: 404 Client Error: NOT FOUND for url: http://localhost:5000/update
2025-04-12 11:40:30,162 - WARNING - Attempt 2 failed to update Flask: 404 Client Error: NOT FOUND for url: http://localhost:5000/update
2025-04-12 11:40:34,210 - WARNING - Attempt 3 failed to update Flask: 404 Client Error: NOT FOUND for url: http://localhost:5000/update
2025-04-12 11:40:34,211 - ERROR - Failed to update Flask after multiple attempts
2025-04-12 11:40:36,279 - WARNING - Attempt 1 failed to update Flask: 404 Client Error: NOT FOUND for url: http://localhost:5000/update
2025-04-12 11:40:40,304 - WARNING - Attempt 2 failed to update Flask: 404 Client Error: NOT FOUND for url: http://localhost:5000/update
2025-04-12 11:40:44,361 - WARNING - Attempt 3 failed to update Flask: 404 Client Error: NOT FOUND for url: http://localhost:5000/update
2025-04-12 11:40:44,362 - ERROR - Failed to update Flask after multiple attempts
2025-04-12 11:40:46,441 - WARNING - Attempt 1 failed to update Flask: 404 Client Error: NOT FOUND for url: http://localhost:5000/update
2025-04-12 11:40:50,485 - WARNING - Attempt 2 failed to update Flask: 404 Client Error: NOT FOUND for url: http://localhost:5000/update
2025-04-12 11:40:54,544 - WARNING - Attempt 3 failed to update Flask: 404 Client Error: NOT FOUND for url: http://localhost:5000/update
2025-04-12 11:40:54,545 - ERROR - Failed to update Flask after multiple attempts
2025-04-12 11:40:56,598 - WARNING - Attempt 1 failed to update Flask: 404 Client Error: NOT FOUND for url: http://localhost:5000/update
2025-04-12 13:53:16,356 - INFO - <BrokerConnection client_id=kafka-python-2.1.2, node_id=bootstrap-0 host=localhost:9092 <connecting> [IPv6 ('::1', 9092, 0, 0)]>: connecting to localhost:9092 [('::1', 9092, 0, 0) IPv6]
2025-04-12 13:53:18,358 - ERROR - Attempt 1 failed to connect to Kafka: NoBrokersAvailable
2025-04-12 13:53:20,362 - INFO - <BrokerConnection client_id=kafka-python-2.1.2, node_id=bootstrap-0 host=localhost:9092 <connecting> [IPv6 ('::1', 9092, 0, 0)]>: connecting to localhost:9092 [('::1', 9092, 0, 0) IPv6]
2025-04-12 13:53:22,374 - ERROR - Attempt 2 failed to connect to Kafka: NoBrokersAvailable
2025-04-12 13:53:24,378 - INFO - <BrokerConnection client_id=kafka-python-2.1.2, node_id=bootstrap-0 host=localhost:9092 <connecting> [IPv6 ('::1', 9092, 0, 0)]>: connecting to localhost:9092 [('::1', 9092, 0, 0) IPv6]
2025-04-12 13:53:26,390 - ERROR - Attempt 3 failed to connect to Kafka: NoBrokersAvailable
2025-04-12 13:53:26,391 - CRITICAL - Fatal error in consumer: NoBrokersAvailable
2025-04-12 14:21:39,818 - INFO - <BrokerConnection client_id=kafka-python-2.1.2, node_id=bootstrap-0 host=localhost:9092 <connecting> [IPv6 ('::1', 9092, 0, 0)]>: connecting to localhost:9092 [('::1', 9092, 0, 0) IPv6]
2025-04-12 14:21:39,822 - INFO - Broker version identified as 2.6
2025-04-12 14:21:39,822 - INFO - <BrokerConnection client_id=kafka-python-2.1.2, node_id=bootstrap-0 host=localhost:9092 <checking_api_versions_recv> [IPv6 ('::1', 9092, 0, 0)]>: Connection complete.
2025-04-12 14:21:39,823 - INFO - Updating subscribed topics to: ('tweets',)
2025-04-12 14:21:39,823 - INFO - Consumer started successfully
2025-04-12 14:21:39,826 - INFO - <BrokerConnection client_id=kafka-python-2.1.2, node_id=0 host=LAPTOP-3AKB8UN6:9092 <connecting> [IPv6 ('fe80::5d24:cec2:79ae:1be9', 9092, 0, 16)]>: connecting to LAPTOP-3AKB8UN6:9092 [('fe80::5d24:cec2:79ae:1be9', 9092, 0, 16) IPv6]
2025-04-12 14:21:39,828 - INFO - <BrokerConnection client_id=kafka-python-2.1.2, node_id=0 host=LAPTOP-3AKB8UN6:9092 <checking_api_versions_send> [IPv6 ('fe80::5d24:cec2:79ae:1be9', 9092, 0, 16)]>: Connection complete.
2025-04-12 14:21:39,829 - INFO - <BrokerConnection client_id=kafka-python-2.1.2, node_id=bootstrap-0 host=localhost:9092 <connected> [IPv6 ('::1', 9092, 0, 0)]>: Closing connection. 
2025-04-12 14:21:39,932 - INFO - Group coordinator for sentiment-group is BrokerMetadata(nodeId='coordinator-0', host='LAPTOP-3AKB8UN6', port=9092, rack=None)
2025-04-12 14:21:39,933 - INFO - Discovered coordinator coordinator-0 for group sentiment-group
2025-04-12 14:21:39,933 - INFO - Starting new heartbeat thread
2025-04-12 14:21:39,935 - INFO - Revoking previously assigned partitions set() for group sentiment-group
2025-04-12 14:21:39,936 - INFO - <BrokerConnection client_id=kafka-python-2.1.2, node_id=coordinator-0 host=LAPTOP-3AKB8UN6:9092 <connecting> [IPv6 ('fe80::5d24:cec2:79ae:1be9', 9092, 0, 16)]>: connecting to LAPTOP-3AKB8UN6:9092 [('fe80::5d24:cec2:79ae:1be9', 9092, 0, 16) IPv6]
2025-04-12 14:21:39,937 - INFO - <BrokerConnection client_id=kafka-python-2.1.2, node_id=coordinator-0 host=LAPTOP-3AKB8UN6:9092 <checking_api_versions_send> [IPv6 ('fe80::5d24:cec2:79ae:1be9', 9092, 0, 16)]>: Connection complete.
2025-04-12 14:21:40,038 - INFO - (Re-)joining group sentiment-group
2025-04-12 14:21:40,043 - INFO - Elected group leader -- performing partition assignments using range
2025-04-12 14:21:40,048 - INFO - Successfully joined group sentiment-group with generation 15
2025-04-12 14:21:40,049 - INFO - Updated partition assignment: [TopicPartition(topic='tweets', partition=0)]
2025-04-12 14:21:40,050 - INFO - Setting newly assigned partitions {TopicPartition(topic='tweets', partition=0)} for group sentiment-group
2025-04-12 14:21:44,204 - WARNING - Attempt 1 failed to update Flask: HTTPConnectionPool(host='localhost', port=5000): Max retries exceeded with url: /update (Caused by NewConnectionError('<urllib3.connection.HTTPConnection object at 0x0000020492A91A90>: Failed to establish a new connection: [WinError 10061] No connection could be made because the target machine actively refused it'))
2025-04-12 14:21:50,276 - WARNING - Attempt 2 failed to update Flask: HTTPConnectionPool(host='localhost', port=5000): Max retries exceeded with url: /update (Caused by NewConnectionError('<urllib3.connection.HTTPConnection object at 0x0000020492B19590>: Failed to establish a new connection: [WinError 10061] No connection could be made because the target machine actively refused it'))
2025-04-12 14:21:56,336 - WARNING - Attempt 3 failed to update Flask: HTTPConnectionPool(host='localhost', port=5000): Max retries exceeded with url: /update (Caused by NewConnectionError('<urllib3.connection.HTTPConnection object at 0x0000020492B19D10>: Failed to establish a new connection: [WinError 10061] No connection could be made because the target machine actively refused it'))
2025-04-12 14:21:56,336 - ERROR - Failed to update Flask after multiple attempts
2025-04-12 14:22:00,436 - WARNING - Attempt 1 failed to update Flask: HTTPConnectionPool(host='localhost', port=5000): Max retries exceeded with url: /update (Caused by NewConnectionError('<urllib3.connection.HTTPConnection object at 0x0000020492A52D70>: Failed to establish a new connection: [WinError 10061] No connection could be made because the target machine actively refused it'))
2025-04-12 14:22:06,507 - WARNING - Attempt 2 failed to update Flask: HTTPConnectionPool(host='localhost', port=5000): Max retries exceeded with url: /update (Caused by NewConnectionError('<urllib3.connection.HTTPConnection object at 0x0000020492A52650>: Failed to establish a new connection: [WinError 10061] No connection could be made because the target machine actively refused it'))
2025-04-12 14:22:12,608 - WARNING - Attempt 3 failed to update Flask: HTTPConnectionPool(host='localhost', port=5000): Max retries exceeded with url: /update (Caused by NewConnectionError('<urllib3.connection.HTTPConnection object at 0x0000020492B90EF0>: Failed to establish a new connection: [WinError 10061] No connection could be made because the target machine actively refused it'))
2025-04-12 14:22:12,608 - ERROR - Failed to update Flask after multiple attempts
2025-04-12 14:22:16,716 - WARNING - Attempt 1 failed to update Flask: HTTPConnectionPool(host='localhost', port=5000): Max retries exceeded with url: /update (Caused by NewConnectionError('<urllib3.connection.HTTPConnection object at 0x0000020492C60380>: Failed to establish a new connection: [WinError 10061] No connection could be made because the target machine actively refused it'))
2025-04-12 14:22:22,780 - WARNING - Attempt 2 failed to update Flask: HTTPConnectionPool(host='localhost', port=5000): Max retries exceeded with url: /update (Caused by NewConnectionError('<urllib3.connection.HTTPConnection object at 0x0000020492C60C00>: Failed to establish a new connection: [WinError 10061] No connection could be made because the target machine actively refused it'))
2025-04-12 14:22:28,866 - WARNING - Attempt 3 failed to update Flask: HTTPConnectionPool(host='localhost', port=5000): Max retries exceeded with url: /update (Caused by NewConnectionError('<urllib3.connection.HTTPConnection object at 0x0000020492C60E20>: Failed to establish a new connection: [WinError 10061] No connection could be made because the target machine actively refused it'))
2025-04-12 14:22:28,867 - ERROR - Failed to update Flask after multiple attempts
2025-04-12 14:22:32,979 - WARNING - Attempt 1 failed to update Flask: HTTPConnectionPool(host='localhost', port=5000): Max retries exceeded with url: /update (Caused by NewConnectionError('<urllib3.connection.HTTPConnection object at 0x0000020492C61040>: Failed to establish a new connection: [WinError 10061] No connection could be made because the target machine actively refused it'))
2025-04-12 14:22:39,073 - WARNING - Attempt 2 failed to update Flask: HTTPConnectionPool(host='localhost', port=5000): Max retries exceeded with url: /update (Caused by NewConnectionError('<urllib3.connection.HTTPConnection object at 0x0000020492C61370>: Failed to establish a new connection: [WinError 10061] No connection could be made because the target machine actively refused it'))
2025-04-12 14:22:45,161 - WARNING - Attempt 3 failed to update Flask: HTTPConnectionPool(host='localhost', port=5000): Max retries exceeded with url: /update (Caused by NewConnectionError('<urllib3.connection.HTTPConnection object at 0x0000020492C61590>: Failed to establish a new connection: [WinError 10061] No connection could be made because the target machine actively refused it'))
2025-04-12 14:22:45,162 - ERROR - Failed to update Flask after multiple attempts
2025-04-12 14:22:49,275 - WARNING - Attempt 1 failed to update Flask: HTTPConnectionPool(host='localhost', port=5000): Max retries exceeded with url: /update (Caused by NewConnectionError('<urllib3.connection.HTTPConnection object at 0x0000020492C617B0>: Failed to establish a new connection: [WinError 10061] No connection could be made because the target machine actively refused it'))
2025-04-12 14:22:55,318 - WARNING - Attempt 2 failed to update Flask: HTTPConnectionPool(host='localhost', port=5000): Max retries exceeded with url: /update (Caused by NewConnectionError('<urllib3.connection.HTTPConnection object at 0x0000020492C61AE0>: Failed to establish a new connection: [WinError 10061] No connection could be made because the target machine actively refused it'))
2025-04-12 14:23:01,405 - WARNING - Attempt 3 failed to update Flask: HTTPConnectionPool(host='localhost', port=5000): Max retries exceeded with url: /update (Caused by NewConnectionError('<urllib3.connection.HTTPConnection object at 0x0000020492C61D00>: Failed to establish a new connection: [WinError 10061] No connection could be made because the target machine actively refused it'))
2025-04-12 14:23:01,405 - ERROR - Failed to update Flask after multiple attempts
2025-04-12 14:23:05,489 - WARNING - Attempt 1 failed to update Flask: HTTPConnectionPool(host='localhost', port=5000): Max retries exceeded with url: /update (Caused by NewConnectionError('<urllib3.connection.HTTPConnection object at 0x0000020492C61F20>: Failed to establish a new connection: [WinError 10061] No connection could be made because the target machine actively refused it'))
2025-04-12 14:23:09,546 - WARNING - Attempt 2 failed to update Flask: 404 Client Error: NOT FOUND for url: http://localhost:5000/update
2025-04-12 14:23:13,578 - WARNING - Attempt 3 failed to update Flask: 404 Client Error: NOT FOUND for url: http://localhost:5000/update
2025-04-12 14:23:13,578 - ERROR - Failed to update Flask after multiple attempts
2025-04-12 14:23:15,647 - WARNING - Attempt 1 failed to update Flask: 404 Client Error: NOT FOUND for url: http://localhost:5000/update
2025-04-12 14:23:19,690 - WARNING - Attempt 2 failed to update Flask: 404 Client Error: NOT FOUND for url: http://localhost:5000/update
2025-04-12 14:23:23,760 - WARNING - Attempt 3 failed to update Flask: 404 Client Error: NOT FOUND for url: http://localhost:5000/update
2025-04-12 14:23:23,760 - ERROR - Failed to update Flask after multiple attempts
2025-04-12 14:23:25,823 - WARNING - Attempt 1 failed to update Flask: 404 Client Error: NOT FOUND for url: http://localhost:5000/update
2025-04-12 14:23:29,885 - WARNING - Attempt 2 failed to update Flask: 404 Client Error: NOT FOUND for url: http://localhost:5000/update
2025-04-12 14:23:33,922 - WARNING - Attempt 3 failed to update Flask: 404 Client Error: NOT FOUND for url: http://localhost:5000/update
2025-04-12 14:23:33,923 - ERROR - Failed to update Flask after multiple attempts
2025-04-12 14:23:35,978 - WARNING - Attempt 1 failed to update Flask: 404 Client Error: NOT FOUND for url: http://localhost:5000/update
2025-04-12 14:23:40,047 - WARNING - Attempt 2 failed to update Flask: 404 Client Error: NOT FOUND for url: http://localhost:5000/update
2025-04-12 14:23:44,087 - WARNING - Attempt 3 failed to update Flask: 404 Client Error: NOT FOUND for url: http://localhost:5000/update
2025-04-12 14:23:44,088 - ERROR - Failed to update Flask after multiple attempts
2025-04-12 14:23:46,167 - WARNING - Attempt 1 failed to update Flask: 404 Client Error: NOT FOUND for url: http://localhost:5000/update
2025-04-12 14:23:50,212 - WARNING - Attempt 2 failed to update Flask: 404 Client Error: NOT FOUND for url: http://localhost:5000/update
2025-04-12 14:23:54,294 - WARNING - Attempt 3 failed to update Flask: 404 Client Error: NOT FOUND for url: http://localhost:5000/update
2025-04-12 14:23:54,295 - ERROR - Failed to update Flask after multiple attempts
2025-04-12 14:23:56,359 - WARNING - Attempt 1 failed to update Flask: 404 Client Error: NOT FOUND for url: http://localhost:5000/update
2025-04-12 14:24:00,402 - WARNING - Attempt 2 failed to update Flask: 404 Client Error: NOT FOUND for url: http://localhost:5000/update
2025-04-12 14:24:04,435 - WARNING - Attempt 3 failed to update Flask: 404 Client Error: NOT FOUND for url: http://localhost:5000/update
2025-04-12 14:24:04,435 - ERROR - Failed to update Flask after multiple attempts
2025-04-12 14:24:06,483 - WARNING - Attempt 1 failed to update Flask: 404 Client Error: NOT FOUND for url: http://localhost:5000/update
2025-04-12 14:24:10,525 - WARNING - Attempt 2 failed to update Flask: 404 Client Error: NOT FOUND for url: http://localhost:5000/update
2025-04-12 14:24:14,585 - WARNING - Attempt 3 failed to update Flask: 404 Client Error: NOT FOUND for url: http://localhost:5000/update
2025-04-12 14:24:14,585 - ERROR - Failed to update Flask after multiple attempts
2025-04-12 14:24:16,708 - WARNING - Attempt 1 failed to update Flask: 404 Client Error: NOT FOUND for url: http://localhost:5000/update
2025-04-12 14:24:20,778 - WARNING - Attempt 2 failed to update Flask: 404 Client Error: NOT FOUND for url: http://localhost:5000/update
2025-04-12 14:24:24,833 - WARNING - Attempt 3 failed to update Flask: 404 Client Error: NOT FOUND for url: http://localhost:5000/update
2025-04-12 14:24:24,833 - ERROR - Failed to update Flask after multiple attempts
2025-04-12 14:24:26,899 - WARNING - Attempt 1 failed to update Flask: 404 Client Error: NOT FOUND for url: http://localhost:5000/update
2025-04-12 14:24:30,942 - WARNING - Attempt 2 failed to update Flask: 404 Client Error: NOT FOUND for url: http://localhost:5000/update
2025-04-12 14:24:34,986 - WARNING - Attempt 3 failed to update Flask: 404 Client Error: NOT FOUND for url: http://localhost:5000/update
2025-04-12 14:24:34,987 - ERROR - Failed to update Flask after multiple attempts
2025-04-12 14:24:37,053 - WARNING - Attempt 1 failed to update Flask: 404 Client Error: NOT FOUND for url: http://localhost:5000/update
2025-04-12 14:24:41,105 - WARNING - Attempt 2 failed to update Flask: 404 Client Error: NOT FOUND for url: http://localhost:5000/update
2025-04-12 14:24:45,157 - WARNING - Attempt 3 failed to update Flask: 404 Client Error: NOT FOUND for url: http://localhost:5000/update
2025-04-12 14:24:45,157 - ERROR - Failed to update Flask after multiple attempts
2025-04-12 14:24:47,204 - WARNING - Attempt 1 failed to update Flask: 404 Client Error: NOT FOUND for url: http://localhost:5000/update
2025-04-12 14:24:51,259 - WARNING - Attempt 2 failed to update Flask: 404 Client Error: NOT FOUND for url: http://localhost:5000/update
2025-04-12 14:24:55,342 - WARNING - Attempt 3 failed to update Flask: 404 Client Error: NOT FOUND for url: http://localhost:5000/update
2025-04-12 14:24:55,342 - ERROR - Failed to update Flask after multiple attempts
2025-04-12 14:24:57,414 - WARNING - Attempt 1 failed to update Flask: 404 Client Error: NOT FOUND for url: http://localhost:5000/update
2025-04-12 14:25:01,460 - WARNING - Attempt 2 failed to update Flask: 404 Client Error: NOT FOUND for url: http://localhost:5000/update
2025-04-12 14:25:05,510 - WARNING - Attempt 3 failed to update Flask: 404 Client Error: NOT FOUND for url: http://localhost:5000/update
2025-04-12 14:25:05,510 - ERROR - Failed to update Flask after multiple attempts
2025-04-12 14:25:07,557 - WARNING - Attempt 1 failed to update Flask: 404 Client Error: NOT FOUND for url: http://localhost:5000/update
2025-04-12 14:25:11,618 - WARNING - Attempt 2 failed to update Flask: 404 Client Error: NOT FOUND for url: http://localhost:5000/update
2025-04-12 14:25:15,689 - WARNING - Attempt 3 failed to update Flask: 404 Client Error: NOT FOUND for url: http://localhost:5000/update
2025-04-12 14:25:15,690 - ERROR - Failed to update Flask after multiple attempts
2025-04-12 14:25:17,748 - WARNING - Attempt 1 failed to update Flask: 404 Client Error: NOT FOUND for url: http://localhost:5000/update
2025-04-12 14:25:21,816 - WARNING - Attempt 2 failed to update Flask: 404 Client Error: NOT FOUND for url: http://localhost:5000/update
2025-04-12 14:25:25,846 - WARNING - Attempt 3 failed to update Flask: 404 Client Error: NOT FOUND for url: http://localhost:5000/update
2025-04-12 14:25:25,847 - ERROR - Failed to update Flask after multiple attempts
2025-04-12 14:25:27,895 - WARNING - Attempt 1 failed to update Flask: 404 Client Error: NOT FOUND for url: http://localhost:5000/update
2025-04-12 14:25:31,937 - WARNING - Attempt 2 failed to update Flask: 404 Client Error: NOT FOUND for url: http://localhost:5000/update
2025-04-12 14:25:35,995 - WARNING - Attempt 3 failed to update Flask: 404 Client Error: NOT FOUND for url: http://localhost:5000/update
2025-04-12 14:25:35,995 - ERROR - Failed to update Flask after multiple attempts
2025-04-12 14:25:38,040 - WARNING - Attempt 1 failed to update Flask: 404 Client Error: NOT FOUND for url: http://localhost:5000/update
2025-04-12 14:25:42,094 - WARNING - Attempt 2 failed to update Flask: 404 Client Error: NOT FOUND for url: http://localhost:5000/update
2025-04-12 14:25:46,152 - WARNING - Attempt 3 failed to update Flask: 404 Client Error: NOT FOUND for url: http://localhost:5000/update
2025-04-12 14:25:46,152 - ERROR - Failed to update Flask after multiple attempts
2025-04-12 14:25:48,219 - WARNING - Attempt 1 failed to update Flask: 404 Client Error: NOT FOUND for url: http://localhost:5000/update
2025-04-12 14:25:52,279 - WARNING - Attempt 2 failed to update Flask: 404 Client Error: NOT FOUND for url: http://localhost:5000/update
2025-04-12 14:25:56,314 - WARNING - Attempt 3 failed to update Flask: 404 Client Error: NOT FOUND for url: http://localhost:5000/update
2025-04-12 14:25:56,315 - ERROR - Failed to update Flask after multiple attempts
2025-04-12 14:25:58,379 - WARNING - Attempt 1 failed to update Flask: 404 Client Error: NOT FOUND for url: http://localhost:5000/update
2025-04-12 14:26:02,433 - WARNING - Attempt 2 failed to update Flask: 404 Client Error: NOT FOUND for url: http://localhost:5000/update
2025-04-12 14:26:06,501 - WARNING - Attempt 3 failed to update Flask: 404 Client Error: NOT FOUND for url: http://localhost:5000/update
2025-04-12 14:26:06,502 - ERROR - Failed to update Flask after multiple attempts
2025-04-12 14:26:08,553 - WARNING - Attempt 1 failed to update Flask: 404 Client Error: NOT FOUND for url: http://localhost:5000/update
2025-04-12 14:26:12,591 - WARNING - Attempt 2 failed to update Flask: 404 Client Error: NOT FOUND for url: http://localhost:5000/update
2025-04-12 14:26:16,641 - WARNING - Attempt 3 failed to update Flask: 404 Client Error: NOT FOUND for url: http://localhost:5000/update
2025-04-12 14:26:16,642 - ERROR - Failed to update Flask after multiple attempts
2025-04-12 14:26:18,728 - WARNING - Attempt 1 failed to update Flask: 404 Client Error: NOT FOUND for url: http://localhost:5000/update
2025-04-12 14:26:22,791 - WARNING - Attempt 2 failed to update Flask: 404 Client Error: NOT FOUND for url: http://localhost:5000/update
2025-04-12 14:26:26,851 - WARNING - Attempt 3 failed to update Flask: 404 Client Error: NOT FOUND for url: http://localhost:5000/update
2025-04-12 14:26:26,851 - ERROR - Failed to update Flask after multiple attempts
2025-04-12 14:26:28,895 - WARNING - Attempt 1 failed to update Flask: 404 Client Error: NOT FOUND for url: http://localhost:5000/update
2025-04-12 14:26:32,951 - WARNING - Attempt 2 failed to update Flask: 404 Client Error: NOT FOUND for url: http://localhost:5000/update
2025-04-12 14:26:37,020 - WARNING - Attempt 3 failed to update Flask: 404 Client Error: NOT FOUND for url: http://localhost:5000/update
2025-04-12 14:26:37,020 - ERROR - Failed to update Flask after multiple attempts
2025-04-12 14:26:39,078 - WARNING - Attempt 1 failed to update Flask: 404 Client Error: NOT FOUND for url: http://localhost:5000/update
2025-04-12 14:26:40,119 - WARNING - Heartbeat poll expired, leaving group
2025-04-12 14:26:40,120 - INFO - Leaving consumer group (sentiment-group).
2025-04-12 14:26:40,140 - ERROR - Heartbeat thread for group sentiment-group failed due to unexpected error: cannot release un-acquired lock
2025-04-12 14:26:43,131 - WARNING - Attempt 2 failed to update Flask: 404 Client Error: NOT FOUND for url: http://localhost:5000/update
2025-04-12 14:26:47,175 - WARNING - Attempt 3 failed to update Flask: 404 Client Error: NOT FOUND for url: http://localhost:5000/update
2025-04-12 14:26:47,176 - ERROR - Failed to update Flask after multiple attempts
2025-04-12 14:26:49,231 - WARNING - Attempt 1 failed to update Flask: 404 Client Error: NOT FOUND for url: http://localhost:5000/update
2025-04-12 14:26:53,284 - WARNING - Attempt 2 failed to update Flask: 404 Client Error: NOT FOUND for url: http://localhost:5000/update
2025-04-12 14:26:57,330 - WARNING - Attempt 3 failed to update Flask: 404 Client Error: NOT FOUND for url: http://localhost:5000/update
2025-04-12 14:26:57,330 - ERROR - Failed to update Flask after multiple attempts
2025-04-12 14:26:59,382 - WARNING - Attempt 1 failed to update Flask: 404 Client Error: NOT FOUND for url: http://localhost:5000/update
2025-04-12 14:27:03,429 - WARNING - Attempt 2 failed to update Flask: 404 Client Error: NOT FOUND for url: http://localhost:5000/update
2025-04-12 14:27:07,493 - WARNING - Attempt 3 failed to update Flask: 404 Client Error: NOT FOUND for url: http://localhost:5000/update
2025-04-12 14:27:07,493 - ERROR - Failed to update Flask after multiple attempts
2025-04-12 14:27:09,553 - WARNING - Attempt 1 failed to update Flask: 404 Client Error: NOT FOUND for url: http://localhost:5000/update
2025-04-12 14:27:13,604 - WARNING - Attempt 2 failed to update Flask: 404 Client Error: NOT FOUND for url: http://localhost:5000/update
2025-04-12 14:27:17,649 - WARNING - Attempt 3 failed to update Flask: 404 Client Error: NOT FOUND for url: http://localhost:5000/update
2025-04-12 14:27:17,649 - ERROR - Failed to update Flask after multiple attempts
2025-04-12 14:27:19,717 - WARNING - Attempt 1 failed to update Flask: 404 Client Error: NOT FOUND for url: http://localhost:5000/update
2025-04-12 14:27:23,785 - WARNING - Attempt 2 failed to update Flask: 404 Client Error: NOT FOUND for url: http://localhost:5000/update
2025-04-12 14:27:27,831 - WARNING - Attempt 3 failed to update Flask: 404 Client Error: NOT FOUND for url: http://localhost:5000/update
2025-04-12 14:27:27,832 - ERROR - Failed to update Flask after multiple attempts
2025-04-12 14:27:29,893 - WARNING - Attempt 1 failed to update Flask: 404 Client Error: NOT FOUND for url: http://localhost:5000/update
2025-04-12 14:27:33,945 - WARNING - Attempt 2 failed to update Flask: 404 Client Error: NOT FOUND for url: http://localhost:5000/update
2025-04-12 14:27:38,007 - WARNING - Attempt 3 failed to update Flask: 404 Client Error: NOT FOUND for url: http://localhost:5000/update
2025-04-12 14:27:38,008 - ERROR - Failed to update Flask after multiple attempts
2025-04-12 14:27:40,079 - WARNING - Attempt 1 failed to update Flask: 404 Client Error: NOT FOUND for url: http://localhost:5000/update
2025-04-12 14:27:44,126 - WARNING - Attempt 2 failed to update Flask: 404 Client Error: NOT FOUND for url: http://localhost:5000/update
2025-04-12 14:27:48,179 - WARNING - Attempt 3 failed to update Flask: 404 Client Error: NOT FOUND for url: http://localhost:5000/update
2025-04-12 14:27:48,179 - ERROR - Failed to update Flask after multiple attempts
2025-04-12 14:27:50,232 - WARNING - Attempt 1 failed to update Flask: 404 Client Error: NOT FOUND for url: http://localhost:5000/update
2025-04-12 14:27:54,280 - WARNING - Attempt 2 failed to update Flask: 404 Client Error: NOT FOUND for url: http://localhost:5000/update
2025-04-12 14:27:58,354 - WARNING - Attempt 3 failed to update Flask: 404 Client Error: NOT FOUND for url: http://localhost:5000/update
2025-04-12 14:27:58,354 - ERROR - Failed to update Flask after multiple attempts
2025-04-12 14:28:00,421 - WARNING - Attempt 1 failed to update Flask: 404 Client Error: NOT FOUND for url: http://localhost:5000/update
2025-04-12 14:28:04,459 - WARNING - Attempt 2 failed to update Flask: 404 Client Error: NOT FOUND for url: http://localhost:5000/update
2025-04-12 14:28:08,507 - WARNING - Attempt 3 failed to update Flask: 404 Client Error: NOT FOUND for url: http://localhost:5000/update
2025-04-12 14:28:08,507 - ERROR - Failed to update Flask after multiple attempts
2025-04-12 14:28:10,577 - WARNING - Attempt 1 failed to update Flask: 404 Client Error: NOT FOUND for url: http://localhost:5000/update
2025-04-12 14:28:14,637 - WARNING - Attempt 2 failed to update Flask: 404 Client Error: NOT FOUND for url: http://localhost:5000/update
2025-04-12 14:28:18,685 - WARNING - Attempt 3 failed to update Flask: 404 Client Error: NOT FOUND for url: http://localhost:5000/update
2025-04-12 14:28:18,686 - ERROR - Failed to update Flask after multiple attempts
2025-04-12 14:28:20,756 - WARNING - Attempt 1 failed to update Flask: 404 Client Error: NOT FOUND for url: http://localhost:5000/update
2025-04-12 14:28:24,796 - WARNING - Attempt 2 failed to update Flask: 404 Client Error: NOT FOUND for url: http://localhost:5000/update
2025-04-12 14:28:28,851 - WARNING - Attempt 3 failed to update Flask: 404 Client Error: NOT FOUND for url: http://localhost:5000/update
2025-04-12 14:28:28,852 - ERROR - Failed to update Flask after multiple attempts
2025-04-12 14:28:30,919 - WARNING - Attempt 1 failed to update Flask: 404 Client Error: NOT FOUND for url: http://localhost:5000/update
2025-04-12 14:28:34,975 - WARNING - Attempt 2 failed to update Flask: 404 Client Error: NOT FOUND for url: http://localhost:5000/update
2025-04-12 14:28:39,016 - WARNING - Attempt 3 failed to update Flask: 404 Client Error: NOT FOUND for url: http://localhost:5000/update
2025-04-12 14:28:39,016 - ERROR - Failed to update Flask after multiple attempts
2025-04-12 14:28:41,081 - WARNING - Attempt 1 failed to update Flask: 404 Client Error: NOT FOUND for url: http://localhost:5000/update
2025-04-12 14:28:45,127 - WARNING - Attempt 2 failed to update Flask: 404 Client Error: NOT FOUND for url: http://localhost:5000/update
2025-04-12 14:28:49,180 - WARNING - Attempt 3 failed to update Flask: 404 Client Error: NOT FOUND for url: http://localhost:5000/update
2025-04-12 14:28:49,181 - ERROR - Failed to update Flask after multiple attempts
2025-04-12 14:28:51,249 - WARNING - Attempt 1 failed to update Flask: 404 Client Error: NOT FOUND for url: http://localhost:5000/update
2025-04-12 14:28:55,288 - WARNING - Attempt 2 failed to update Flask: 404 Client Error: NOT FOUND for url: http://localhost:5000/update
2025-04-12 14:28:59,346 - WARNING - Attempt 3 failed to update Flask: 404 Client Error: NOT FOUND for url: http://localhost:5000/update
2025-04-12 14:28:59,347 - ERROR - Failed to update Flask after multiple attempts
2025-04-12 14:29:01,412 - WARNING - Attempt 1 failed to update Flask: 404 Client Error: NOT FOUND for url: http://localhost:5000/update
2025-04-12 14:29:05,455 - WARNING - Attempt 2 failed to update Flask: 404 Client Error: NOT FOUND for url: http://localhost:5000/update
2025-04-12 14:29:09,492 - WARNING - Attempt 3 failed to update Flask: 404 Client Error: NOT FOUND for url: http://localhost:5000/update
2025-04-12 14:29:09,493 - ERROR - Failed to update Flask after multiple attempts
2025-04-12 14:29:11,528 - WARNING - Attempt 1 failed to update Flask: 404 Client Error: NOT FOUND for url: http://localhost:5000/update
2025-04-12 14:29:15,563 - WARNING - Attempt 2 failed to update Flask: 404 Client Error: NOT FOUND for url: http://localhost:5000/update
2025-04-12 14:29:19,610 - WARNING - Attempt 3 failed to update Flask: 404 Client Error: NOT FOUND for url: http://localhost:5000/update
2025-04-12 14:29:19,611 - ERROR - Failed to update Flask after multiple attempts
2025-04-12 14:29:21,670 - WARNING - Attempt 1 failed to update Flask: 404 Client Error: NOT FOUND for url: http://localhost:5000/update
2025-04-12 14:29:25,714 - WARNING - Attempt 2 failed to update Flask: 404 Client Error: NOT FOUND for url: http://localhost:5000/update
2025-04-12 14:29:29,759 - WARNING - Attempt 3 failed to update Flask: 404 Client Error: NOT FOUND for url: http://localhost:5000/update
2025-04-12 14:29:29,760 - ERROR - Failed to update Flask after multiple attempts
2025-04-12 14:29:31,827 - WARNING - Attempt 1 failed to update Flask: 404 Client Error: NOT FOUND for url: http://localhost:5000/update
2025-04-12 14:29:35,869 - WARNING - Attempt 2 failed to update Flask: 404 Client Error: NOT FOUND for url: http://localhost:5000/update
2025-04-12 14:29:39,922 - WARNING - Attempt 3 failed to update Flask: 404 Client Error: NOT FOUND for url: http://localhost:5000/update
2025-04-12 14:29:39,922 - ERROR - Failed to update Flask after multiple attempts
2025-04-12 14:29:41,966 - WARNING - Attempt 1 failed to update Flask: 404 Client Error: NOT FOUND for url: http://localhost:5000/update
2025-04-12 14:29:46,013 - WARNING - Attempt 2 failed to update Flask: 404 Client Error: NOT FOUND for url: http://localhost:5000/update
2025-04-12 14:29:50,065 - WARNING - Attempt 3 failed to update Flask: 404 Client Error: NOT FOUND for url: http://localhost:5000/update
2025-04-12 14:29:50,066 - ERROR - Failed to update Flask after multiple attempts
2025-04-12 14:29:52,121 - WARNING - Attempt 1 failed to update Flask: 404 Client Error: NOT FOUND for url: http://localhost:5000/update
2025-04-12 14:29:56,167 - WARNING - Attempt 2 failed to update Flask: 404 Client Error: NOT FOUND for url: http://localhost:5000/update
2025-04-12 14:30:00,238 - WARNING - Attempt 3 failed to update Flask: 404 Client Error: NOT FOUND for url: http://localhost:5000/update
2025-04-12 14:30:00,239 - ERROR - Failed to update Flask after multiple attempts
2025-04-12 14:30:02,294 - WARNING - Attempt 1 failed to update Flask: 404 Client Error: NOT FOUND for url: http://localhost:5000/update
2025-04-12 14:30:06,352 - WARNING - Attempt 2 failed to update Flask: 404 Client Error: NOT FOUND for url: http://localhost:5000/update
2025-04-12 14:30:10,434 - WARNING - Attempt 3 failed to update Flask: 404 Client Error: NOT FOUND for url: http://localhost:5000/update
2025-04-12 14:30:10,435 - ERROR - Failed to update Flask after multiple attempts
2025-04-12 14:30:12,482 - WARNING - Attempt 1 failed to update Flask: 404 Client Error: NOT FOUND for url: http://localhost:5000/update
2025-04-12 14:30:16,531 - WARNING - Attempt 2 failed to update Flask: 404 Client Error: NOT FOUND for url: http://localhost:5000/update
2025-04-12 14:30:20,592 - WARNING - Attempt 3 failed to update Flask: 404 Client Error: NOT FOUND for url: http://localhost:5000/update
2025-04-12 14:30:20,593 - ERROR - Failed to update Flask after multiple attempts
2025-04-12 14:30:22,621 - WARNING - Attempt 1 failed to update Flask: 404 Client Error: NOT FOUND for url: http://localhost:5000/update
2025-04-12 14:30:26,679 - WARNING - Attempt 2 failed to update Flask: 404 Client Error: NOT FOUND for url: http://localhost:5000/update
2025-04-12 14:30:30,735 - WARNING - Attempt 3 failed to update Flask: 404 Client Error: NOT FOUND for url: http://localhost:5000/update
2025-04-12 14:30:30,735 - ERROR - Failed to update Flask after multiple attempts
2025-04-12 14:30:32,787 - WARNING - Attempt 1 failed to update Flask: 404 Client Error: NOT FOUND for url: http://localhost:5000/update
2025-04-12 14:30:36,839 - WARNING - Attempt 2 failed to update Flask: 404 Client Error: NOT FOUND for url: http://localhost:5000/update
2025-04-12 14:30:40,878 - WARNING - Attempt 3 failed to update Flask: 404 Client Error: NOT FOUND for url: http://localhost:5000/update
2025-04-12 14:30:40,879 - ERROR - Failed to update Flask after multiple attempts
2025-04-12 14:30:42,973 - WARNING - Attempt 1 failed to update Flask: 404 Client Error: NOT FOUND for url: http://localhost:5000/update
2025-04-12 14:30:47,033 - WARNING - Attempt 2 failed to update Flask: 404 Client Error: NOT FOUND for url: http://localhost:5000/update
2025-04-12 14:30:51,075 - WARNING - Attempt 3 failed to update Flask: 404 Client Error: NOT FOUND for url: http://localhost:5000/update
2025-04-12 14:30:51,076 - ERROR - Failed to update Flask after multiple attempts
2025-04-12 14:30:53,138 - WARNING - Attempt 1 failed to update Flask: 404 Client Error: NOT FOUND for url: http://localhost:5000/update
2025-04-12 14:30:57,173 - WARNING - Attempt 2 failed to update Flask: 404 Client Error: NOT FOUND for url: http://localhost:5000/update
2025-04-12 14:31:01,232 - WARNING - Attempt 3 failed to update Flask: 404 Client Error: NOT FOUND for url: http://localhost:5000/update
2025-04-12 14:31:01,233 - ERROR - Failed to update Flask after multiple attempts
2025-04-12 14:31:03,284 - WARNING - Attempt 1 failed to update Flask: 404 Client Error: NOT FOUND for url: http://localhost:5000/update
2025-04-12 14:31:07,334 - WARNING - Attempt 2 failed to update Flask: 404 Client Error: NOT FOUND for url: http://localhost:5000/update
2025-04-12 14:31:11,369 - WARNING - Attempt 3 failed to update Flask: 404 Client Error: NOT FOUND for url: http://localhost:5000/update
2025-04-12 14:31:11,370 - ERROR - Failed to update Flask after multiple attempts
2025-04-12 14:31:13,423 - WARNING - Attempt 1 failed to update Flask: 404 Client Error: NOT FOUND for url: http://localhost:5000/update
2025-04-12 14:31:17,466 - WARNING - Attempt 2 failed to update Flask: 404 Client Error: NOT FOUND for url: http://localhost:5000/update
2025-04-12 14:31:21,517 - WARNING - Attempt 3 failed to update Flask: 404 Client Error: NOT FOUND for url: http://localhost:5000/update
2025-04-12 14:31:21,518 - ERROR - Failed to update Flask after multiple attempts
2025-04-12 14:31:23,583 - WARNING - Attempt 1 failed to update Flask: 404 Client Error: NOT FOUND for url: http://localhost:5000/update
2025-04-12 14:31:27,623 - WARNING - Attempt 2 failed to update Flask: 404 Client Error: NOT FOUND for url: http://localhost:5000/update
2025-04-12 14:31:31,689 - WARNING - Attempt 3 failed to update Flask: 404 Client Error: NOT FOUND for url: http://localhost:5000/update
2025-04-12 14:31:31,690 - ERROR - Failed to update Flask after multiple attempts
2025-04-12 14:31:33,727 - WARNING - Attempt 1 failed to update Flask: 404 Client Error: NOT FOUND for url: http://localhost:5000/update
2025-04-12 14:31:37,777 - WARNING - Attempt 2 failed to update Flask: 404 Client Error: NOT FOUND for url: http://localhost:5000/update
2025-04-12 14:31:41,809 - WARNING - Attempt 3 failed to update Flask: 404 Client Error: NOT FOUND for url: http://localhost:5000/update
2025-04-12 14:31:41,810 - ERROR - Failed to update Flask after multiple attempts
2025-04-12 14:31:43,850 - WARNING - Attempt 1 failed to update Flask: 404 Client Error: NOT FOUND for url: http://localhost:5000/update
2025-04-12 14:31:47,894 - WARNING - Attempt 2 failed to update Flask: 404 Client Error: NOT FOUND for url: http://localhost:5000/update
2025-04-12 14:31:51,931 - WARNING - Attempt 3 failed to update Flask: 404 Client Error: NOT FOUND for url: http://localhost:5000/update
2025-04-12 14:31:51,932 - ERROR - Failed to update Flask after multiple attempts
2025-04-12 14:31:54,006 - WARNING - Attempt 1 failed to update Flask: 404 Client Error: NOT FOUND for url: http://localhost:5000/update
2025-04-12 14:31:58,031 - WARNING - Attempt 2 failed to update Flask: 404 Client Error: NOT FOUND for url: http://localhost:5000/update
2025-04-12 14:32:02,063 - WARNING - Attempt 3 failed to update Flask: 404 Client Error: NOT FOUND for url: http://localhost:5000/update
2025-04-12 14:32:02,065 - ERROR - Failed to update Flask after multiple attempts
2025-04-12 14:32:04,102 - WARNING - Attempt 1 failed to update Flask: 404 Client Error: NOT FOUND for url: http://localhost:5000/update
2025-04-12 14:32:08,148 - WARNING - Attempt 2 failed to update Flask: 404 Client Error: NOT FOUND for url: http://localhost:5000/update
2025-04-12 14:32:12,210 - WARNING - Attempt 3 failed to update Flask: 404 Client Error: NOT FOUND for url: http://localhost:5000/update
2025-04-12 14:32:12,210 - ERROR - Failed to update Flask after multiple attempts
2025-04-12 14:32:14,269 - WARNING - Attempt 1 failed to update Flask: 404 Client Error: NOT FOUND for url: http://localhost:5000/update
2025-04-12 14:32:18,328 - WARNING - Attempt 2 failed to update Flask: 404 Client Error: NOT FOUND for url: http://localhost:5000/update
2025-04-12 14:32:22,386 - WARNING - Attempt 3 failed to update Flask: 404 Client Error: NOT FOUND for url: http://localhost:5000/update
2025-04-12 14:32:22,386 - ERROR - Failed to update Flask after multiple attempts
2025-04-12 14:32:24,455 - WARNING - Attempt 1 failed to update Flask: 404 Client Error: NOT FOUND for url: http://localhost:5000/update
2025-04-12 14:32:28,504 - WARNING - Attempt 2 failed to update Flask: 404 Client Error: NOT FOUND for url: http://localhost:5000/update
2025-04-12 14:32:32,545 - WARNING - Attempt 3 failed to update Flask: 404 Client Error: NOT FOUND for url: http://localhost:5000/update
2025-04-12 14:32:32,545 - ERROR - Failed to update Flask after multiple attempts
2025-04-12 14:32:34,601 - WARNING - Attempt 1 failed to update Flask: 404 Client Error: NOT FOUND for url: http://localhost:5000/update
2025-04-12 14:32:38,650 - WARNING - Attempt 2 failed to update Flask: 404 Client Error: NOT FOUND for url: http://localhost:5000/update
2025-04-12 14:32:42,711 - WARNING - Attempt 3 failed to update Flask: 404 Client Error: NOT FOUND for url: http://localhost:5000/update
2025-04-12 14:32:42,711 - ERROR - Failed to update Flask after multiple attempts
2025-04-12 14:32:44,764 - WARNING - Attempt 1 failed to update Flask: 404 Client Error: NOT FOUND for url: http://localhost:5000/update
2025-04-12 14:32:48,812 - WARNING - Attempt 2 failed to update Flask: 404 Client Error: NOT FOUND for url: http://localhost:5000/update
2025-04-12 14:32:52,845 - WARNING - Attempt 3 failed to update Flask: 404 Client Error: NOT FOUND for url: http://localhost:5000/update
2025-04-12 14:32:52,846 - ERROR - Failed to update Flask after multiple attempts
2025-04-12 14:32:54,910 - WARNING - Attempt 1 failed to update Flask: 404 Client Error: NOT FOUND for url: http://localhost:5000/update
2025-04-12 14:32:58,961 - WARNING - Attempt 2 failed to update Flask: 404 Client Error: NOT FOUND for url: http://localhost:5000/update
2025-04-12 14:33:03,000 - WARNING - Attempt 3 failed to update Flask: 404 Client Error: NOT FOUND for url: http://localhost:5000/update
2025-04-12 14:33:03,002 - ERROR - Failed to update Flask after multiple attempts
2025-04-12 14:33:05,066 - WARNING - Attempt 1 failed to update Flask: 404 Client Error: NOT FOUND for url: http://localhost:5000/update
2025-04-12 14:33:09,155 - WARNING - Attempt 2 failed to update Flask: 404 Client Error: NOT FOUND for url: http://localhost:5000/update
2025-04-12 14:33:13,204 - WARNING - Attempt 3 failed to update Flask: 404 Client Error: NOT FOUND for url: http://localhost:5000/update
2025-04-12 14:33:13,205 - ERROR - Failed to update Flask after multiple attempts
2025-04-12 14:33:15,274 - WARNING - Attempt 1 failed to update Flask: 404 Client Error: NOT FOUND for url: http://localhost:5000/update
2025-04-12 14:33:19,327 - WARNING - Attempt 2 failed to update Flask: 404 Client Error: NOT FOUND for url: http://localhost:5000/update
2025-04-12 14:33:23,371 - WARNING - Attempt 3 failed to update Flask: 404 Client Error: NOT FOUND for url: http://localhost:5000/update
2025-04-12 14:33:23,371 - ERROR - Failed to update Flask after multiple attempts
2025-04-12 14:33:25,433 - WARNING - Attempt 1 failed to update Flask: 404 Client Error: NOT FOUND for url: http://localhost:5000/update
2025-04-12 14:33:29,461 - WARNING - Attempt 2 failed to update Flask: 404 Client Error: NOT FOUND for url: http://localhost:5000/update
2025-04-12 14:33:33,518 - WARNING - Attempt 3 failed to update Flask: 404 Client Error: NOT FOUND for url: http://localhost:5000/update
2025-04-12 14:33:33,519 - ERROR - Failed to update Flask after multiple attempts
2025-04-12 14:33:35,590 - WARNING - Attempt 1 failed to update Flask: 404 Client Error: NOT FOUND for url: http://localhost:5000/update
2025-04-12 14:33:39,636 - WARNING - Attempt 2 failed to update Flask: 404 Client Error: NOT FOUND for url: http://localhost:5000/update
2025-04-12 14:33:43,693 - WARNING - Attempt 3 failed to update Flask: 404 Client Error: NOT FOUND for url: http://localhost:5000/update
2025-04-12 14:33:43,694 - ERROR - Failed to update Flask after multiple attempts
2025-04-12 14:33:45,761 - WARNING - Attempt 1 failed to update Flask: 404 Client Error: NOT FOUND for url: http://localhost:5000/update
2025-04-12 14:33:49,813 - WARNING - Attempt 2 failed to update Flask: 404 Client Error: NOT FOUND for url: http://localhost:5000/update
2025-04-12 14:33:53,860 - WARNING - Attempt 3 failed to update Flask: 404 Client Error: NOT FOUND for url: http://localhost:5000/update
2025-04-12 14:33:53,860 - ERROR - Failed to update Flask after multiple attempts
2025-04-12 14:33:55,915 - WARNING - Attempt 1 failed to update Flask: 404 Client Error: NOT FOUND for url: http://localhost:5000/update
2025-04-12 14:33:59,950 - WARNING - Attempt 2 failed to update Flask: 404 Client Error: NOT FOUND for url: http://localhost:5000/update
2025-04-12 14:34:03,977 - WARNING - Attempt 3 failed to update Flask: 404 Client Error: NOT FOUND for url: http://localhost:5000/update
2025-04-12 14:34:03,977 - ERROR - Failed to update Flask after multiple attempts
2025-04-12 14:34:06,043 - WARNING - Attempt 1 failed to update Flask: 404 Client Error: NOT FOUND for url: http://localhost:5000/update
2025-04-12 14:34:10,111 - WARNING - Attempt 2 failed to update Flask: 404 Client Error: NOT FOUND for url: http://localhost:5000/update
2025-04-12 14:34:14,169 - WARNING - Attempt 3 failed to update Flask: 404 Client Error: NOT FOUND for url: http://localhost:5000/update
2025-04-12 14:34:14,169 - ERROR - Failed to update Flask after multiple attempts
2025-04-12 14:34:16,249 - WARNING - Attempt 1 failed to update Flask: 404 Client Error: NOT FOUND for url: http://localhost:5000/update
2025-04-12 14:34:20,295 - WARNING - Attempt 2 failed to update Flask: 404 Client Error: NOT FOUND for url: http://localhost:5000/update
2025-04-12 14:34:24,325 - WARNING - Attempt 3 failed to update Flask: 404 Client Error: NOT FOUND for url: http://localhost:5000/update
2025-04-12 14:34:24,325 - ERROR - Failed to update Flask after multiple attempts
2025-04-12 14:34:26,387 - WARNING - Attempt 1 failed to update Flask: 404 Client Error: NOT FOUND for url: http://localhost:5000/update
2025-04-12 14:34:30,434 - WARNING - Attempt 2 failed to update Flask: 404 Client Error: NOT FOUND for url: http://localhost:5000/update
2025-04-12 14:34:34,485 - WARNING - Attempt 3 failed to update Flask: 404 Client Error: NOT FOUND for url: http://localhost:5000/update
2025-04-12 14:34:34,485 - ERROR - Failed to update Flask after multiple attempts
2025-04-12 14:34:36,537 - WARNING - Attempt 1 failed to update Flask: 404 Client Error: NOT FOUND for url: http://localhost:5000/update
2025-04-12 14:34:40,563 - WARNING - Attempt 2 failed to update Flask: 404 Client Error: NOT FOUND for url: http://localhost:5000/update
2025-04-12 14:34:44,614 - WARNING - Attempt 3 failed to update Flask: 404 Client Error: NOT FOUND for url: http://localhost:5000/update
2025-04-12 14:34:44,615 - ERROR - Failed to update Flask after multiple attempts
2025-04-12 14:34:46,670 - WARNING - Attempt 1 failed to update Flask: 404 Client Error: NOT FOUND for url: http://localhost:5000/update
2025-04-12 14:34:50,732 - WARNING - Attempt 2 failed to update Flask: 404 Client Error: NOT FOUND for url: http://localhost:5000/update
2025-04-12 14:34:54,796 - WARNING - Attempt 3 failed to update Flask: 404 Client Error: NOT FOUND for url: http://localhost:5000/update
2025-04-12 14:34:54,797 - ERROR - Failed to update Flask after multiple attempts
2025-04-12 14:34:56,861 - WARNING - Attempt 1 failed to update Flask: 404 Client Error: NOT FOUND for url: http://localhost:5000/update
2025-04-12 14:35:00,899 - WARNING - Attempt 2 failed to update Flask: 404 Client Error: NOT FOUND for url: http://localhost:5000/update
2025-04-12 14:35:04,951 - WARNING - Attempt 3 failed to update Flask: 404 Client Error: NOT FOUND for url: http://localhost:5000/update
2025-04-12 14:35:04,952 - ERROR - Failed to update Flask after multiple attempts
2025-04-12 14:35:07,015 - WARNING - Attempt 1 failed to update Flask: 404 Client Error: NOT FOUND for url: http://localhost:5000/update
2025-04-12 14:35:11,070 - WARNING - Attempt 2 failed to update Flask: 404 Client Error: NOT FOUND for url: http://localhost:5000/update
2025-04-12 14:35:15,123 - WARNING - Attempt 3 failed to update Flask: 404 Client Error: NOT FOUND for url: http://localhost:5000/update
2025-04-12 14:35:15,124 - ERROR - Failed to update Flask after multiple attempts
2025-04-12 14:35:17,194 - WARNING - Attempt 1 failed to update Flask: 404 Client Error: NOT FOUND for url: http://localhost:5000/update
2025-04-12 14:35:21,267 - WARNING - Attempt 2 failed to update Flask: 404 Client Error: NOT FOUND for url: http://localhost:5000/update
2025-04-12 14:35:25,311 - WARNING - Attempt 3 failed to update Flask: 404 Client Error: NOT FOUND for url: http://localhost:5000/update
2025-04-12 14:35:25,311 - ERROR - Failed to update Flask after multiple attempts
2025-04-12 14:35:27,364 - WARNING - Attempt 1 failed to update Flask: 404 Client Error: NOT FOUND for url: http://localhost:5000/update
2025-04-12 14:35:31,400 - WARNING - Attempt 2 failed to update Flask: 404 Client Error: NOT FOUND for url: http://localhost:5000/update
2025-04-12 14:35:35,436 - WARNING - Attempt 3 failed to update Flask: 404 Client Error: NOT FOUND for url: http://localhost:5000/update
2025-04-12 14:35:35,437 - ERROR - Failed to update Flask after multiple attempts
2025-04-12 14:35:37,478 - WARNING - Attempt 1 failed to update Flask: 404 Client Error: NOT FOUND for url: http://localhost:5000/update
2025-04-12 14:35:41,518 - WARNING - Attempt 2 failed to update Flask: 404 Client Error: NOT FOUND for url: http://localhost:5000/update
2025-04-12 14:35:45,558 - WARNING - Attempt 3 failed to update Flask: 404 Client Error: NOT FOUND for url: http://localhost:5000/update
2025-04-12 14:35:45,558 - ERROR - Failed to update Flask after multiple attempts
2025-04-12 14:35:47,627 - WARNING - Attempt 1 failed to update Flask: 404 Client Error: NOT FOUND for url: http://localhost:5000/update
2025-04-12 14:35:51,680 - WARNING - Attempt 2 failed to update Flask: 404 Client Error: NOT FOUND for url: http://localhost:5000/update
2025-04-12 14:35:55,722 - WARNING - Attempt 3 failed to update Flask: 404 Client Error: NOT FOUND for url: http://localhost:5000/update
2025-04-12 14:35:55,723 - ERROR - Failed to update Flask after multiple attempts
2025-04-12 14:35:57,791 - WARNING - Attempt 1 failed to update Flask: 404 Client Error: NOT FOUND for url: http://localhost:5000/update
2025-04-12 14:36:01,831 - WARNING - Attempt 2 failed to update Flask: 404 Client Error: NOT FOUND for url: http://localhost:5000/update
2025-04-12 14:36:05,860 - WARNING - Attempt 3 failed to update Flask: 404 Client Error: NOT FOUND for url: http://localhost:5000/update
2025-04-12 14:36:05,861 - ERROR - Failed to update Flask after multiple attempts
2025-04-12 14:36:07,923 - WARNING - Attempt 1 failed to update Flask: 404 Client Error: NOT FOUND for url: http://localhost:5000/update
2025-04-12 14:36:11,964 - WARNING - Attempt 2 failed to update Flask: 404 Client Error: NOT FOUND for url: http://localhost:5000/update
2025-04-12 14:36:15,995 - WARNING - Attempt 3 failed to update Flask: 404 Client Error: NOT FOUND for url: http://localhost:5000/update
2025-04-12 14:36:15,996 - ERROR - Failed to update Flask after multiple attempts
2025-04-12 14:36:18,051 - WARNING - Attempt 1 failed to update Flask: 404 Client Error: NOT FOUND for url: http://localhost:5000/update
2025-04-12 14:36:22,119 - WARNING - Attempt 2 failed to update Flask: 404 Client Error: NOT FOUND for url: http://localhost:5000/update
2025-04-12 14:36:26,168 - WARNING - Attempt 3 failed to update Flask: 404 Client Error: NOT FOUND for url: http://localhost:5000/update
2025-04-12 14:36:26,168 - ERROR - Failed to update Flask after multiple attempts
2025-04-12 14:36:28,230 - WARNING - Attempt 1 failed to update Flask: 404 Client Error: NOT FOUND for url: http://localhost:5000/update
2025-04-12 14:36:32,278 - WARNING - Attempt 2 failed to update Flask: 404 Client Error: NOT FOUND for url: http://localhost:5000/update
2025-04-12 14:36:36,309 - WARNING - Attempt 3 failed to update Flask: 404 Client Error: NOT FOUND for url: http://localhost:5000/update
2025-04-12 14:36:36,310 - ERROR - Failed to update Flask after multiple attempts
2025-04-12 14:36:38,351 - WARNING - Attempt 1 failed to update Flask: 404 Client Error: NOT FOUND for url: http://localhost:5000/update
2025-04-12 14:36:42,388 - WARNING - Attempt 2 failed to update Flask: 404 Client Error: NOT FOUND for url: http://localhost:5000/update
2025-04-12 14:36:46,437 - WARNING - Attempt 3 failed to update Flask: 404 Client Error: NOT FOUND for url: http://localhost:5000/update
2025-04-12 14:36:46,437 - ERROR - Failed to update Flask after multiple attempts
2025-04-12 14:36:48,507 - WARNING - Attempt 1 failed to update Flask: 404 Client Error: NOT FOUND for url: http://localhost:5000/update
2025-04-12 14:36:52,551 - WARNING - Attempt 2 failed to update Flask: 404 Client Error: NOT FOUND for url: http://localhost:5000/update
2025-04-12 14:36:56,616 - WARNING - Attempt 3 failed to update Flask: 404 Client Error: NOT FOUND for url: http://localhost:5000/update
2025-04-12 14:36:56,618 - ERROR - Failed to update Flask after multiple attempts
2025-04-12 14:36:58,685 - WARNING - Attempt 1 failed to update Flask: 404 Client Error: NOT FOUND for url: http://localhost:5000/update
2025-04-12 14:37:02,747 - WARNING - Attempt 2 failed to update Flask: 404 Client Error: NOT FOUND for url: http://localhost:5000/update
2025-04-12 14:37:06,803 - WARNING - Attempt 3 failed to update Flask: 404 Client Error: NOT FOUND for url: http://localhost:5000/update
2025-04-12 14:37:06,803 - ERROR - Failed to update Flask after multiple attempts
2025-04-12 14:37:08,861 - WARNING - Attempt 1 failed to update Flask: 404 Client Error: NOT FOUND for url: http://localhost:5000/update
2025-04-12 14:37:12,918 - WARNING - Attempt 2 failed to update Flask: 404 Client Error: NOT FOUND for url: http://localhost:5000/update
2025-04-12 14:37:16,981 - WARNING - Attempt 3 failed to update Flask: 404 Client Error: NOT FOUND for url: http://localhost:5000/update
2025-04-12 14:37:16,981 - ERROR - Failed to update Flask after multiple attempts
2025-04-12 14:37:19,027 - WARNING - Attempt 1 failed to update Flask: 404 Client Error: NOT FOUND for url: http://localhost:5000/update
2025-04-12 14:37:23,087 - WARNING - Attempt 2 failed to update Flask: 404 Client Error: NOT FOUND for url: http://localhost:5000/update
2025-04-12 14:37:27,156 - WARNING - Attempt 3 failed to update Flask: 404 Client Error: NOT FOUND for url: http://localhost:5000/update
2025-04-12 14:37:27,157 - ERROR - Failed to update Flask after multiple attempts
2025-04-12 14:37:29,217 - WARNING - Attempt 1 failed to update Flask: 404 Client Error: NOT FOUND for url: http://localhost:5000/update
2025-04-12 14:37:33,266 - WARNING - Attempt 2 failed to update Flask: 404 Client Error: NOT FOUND for url: http://localhost:5000/update
2025-04-12 14:37:37,318 - WARNING - Attempt 3 failed to update Flask: 404 Client Error: NOT FOUND for url: http://localhost:5000/update
2025-04-12 14:37:37,318 - ERROR - Failed to update Flask after multiple attempts
2025-04-12 14:37:39,372 - WARNING - Attempt 1 failed to update Flask: 404 Client Error: NOT FOUND for url: http://localhost:5000/update
2025-04-12 14:37:43,425 - WARNING - Attempt 2 failed to update Flask: 404 Client Error: NOT FOUND for url: http://localhost:5000/update
2025-04-12 14:37:47,477 - WARNING - Attempt 3 failed to update Flask: 404 Client Error: NOT FOUND for url: http://localhost:5000/update
2025-04-12 14:37:47,478 - ERROR - Failed to update Flask after multiple attempts
2025-04-12 14:37:49,529 - WARNING - Attempt 1 failed to update Flask: 404 Client Error: NOT FOUND for url: http://localhost:5000/update
2025-04-12 14:37:53,576 - WARNING - Attempt 2 failed to update Flask: 404 Client Error: NOT FOUND for url: http://localhost:5000/update
2025-04-12 14:37:57,607 - WARNING - Attempt 3 failed to update Flask: 404 Client Error: NOT FOUND for url: http://localhost:5000/update
2025-04-12 14:37:57,608 - ERROR - Failed to update Flask after multiple attempts
2025-04-12 14:37:59,671 - WARNING - Attempt 1 failed to update Flask: 404 Client Error: NOT FOUND for url: http://localhost:5000/update
2025-04-12 14:38:03,723 - WARNING - Attempt 2 failed to update Flask: 404 Client Error: NOT FOUND for url: http://localhost:5000/update
2025-04-12 14:38:07,760 - WARNING - Attempt 3 failed to update Flask: 404 Client Error: NOT FOUND for url: http://localhost:5000/update
2025-04-12 14:38:07,761 - ERROR - Failed to update Flask after multiple attempts
2025-04-12 14:38:09,805 - WARNING - Attempt 1 failed to update Flask: 404 Client Error: NOT FOUND for url: http://localhost:5000/update
2025-04-12 14:38:13,846 - WARNING - Attempt 2 failed to update Flask: 404 Client Error: NOT FOUND for url: http://localhost:5000/update
2025-04-12 14:38:17,896 - WARNING - Attempt 3 failed to update Flask: 404 Client Error: NOT FOUND for url: http://localhost:5000/update
2025-04-12 14:38:17,897 - ERROR - Failed to update Flask after multiple attempts
2025-04-12 14:38:19,970 - WARNING - Attempt 1 failed to update Flask: 404 Client Error: NOT FOUND for url: http://localhost:5000/update
2025-04-12 14:38:24,012 - WARNING - Attempt 2 failed to update Flask: 404 Client Error: NOT FOUND for url: http://localhost:5000/update
2025-04-12 14:38:28,061 - WARNING - Attempt 3 failed to update Flask: 404 Client Error: NOT FOUND for url: http://localhost:5000/update
2025-04-12 14:38:28,062 - ERROR - Failed to update Flask after multiple attempts
2025-04-12 14:38:30,106 - WARNING - Attempt 1 failed to update Flask: 404 Client Error: NOT FOUND for url: http://localhost:5000/update
2025-04-12 14:38:34,157 - WARNING - Attempt 2 failed to update Flask: 404 Client Error: NOT FOUND for url: http://localhost:5000/update
2025-04-12 14:38:38,195 - WARNING - Attempt 3 failed to update Flask: 404 Client Error: NOT FOUND for url: http://localhost:5000/update
2025-04-12 14:38:38,195 - ERROR - Failed to update Flask after multiple attempts
2025-04-12 14:38:40,242 - WARNING - Attempt 1 failed to update Flask: 404 Client Error: NOT FOUND for url: http://localhost:5000/update
2025-04-12 14:38:44,311 - WARNING - Attempt 2 failed to update Flask: 404 Client Error: NOT FOUND for url: http://localhost:5000/update
2025-04-12 14:38:48,363 - WARNING - Attempt 3 failed to update Flask: 404 Client Error: NOT FOUND for url: http://localhost:5000/update
2025-04-12 14:38:48,364 - ERROR - Failed to update Flask after multiple attempts
2025-04-12 14:38:50,427 - WARNING - Attempt 1 failed to update Flask: 404 Client Error: NOT FOUND for url: http://localhost:5000/update
2025-04-12 14:38:54,462 - WARNING - Attempt 2 failed to update Flask: 404 Client Error: NOT FOUND for url: http://localhost:5000/update
2025-04-12 14:38:58,512 - WARNING - Attempt 3 failed to update Flask: 404 Client Error: NOT FOUND for url: http://localhost:5000/update
2025-04-12 14:38:58,513 - ERROR - Failed to update Flask after multiple attempts
2025-04-12 14:39:00,568 - WARNING - Attempt 1 failed to update Flask: 404 Client Error: NOT FOUND for url: http://localhost:5000/update
2025-04-12 14:39:04,623 - WARNING - Attempt 2 failed to update Flask: 404 Client Error: NOT FOUND for url: http://localhost:5000/update
2025-04-12 14:39:08,665 - WARNING - Attempt 3 failed to update Flask: 404 Client Error: NOT FOUND for url: http://localhost:5000/update
2025-04-12 14:39:08,668 - ERROR - Failed to update Flask after multiple attempts
2025-04-12 14:39:10,740 - WARNING - Attempt 1 failed to update Flask: 404 Client Error: NOT FOUND for url: http://localhost:5000/update
2025-04-12 14:40:07,718 - INFO - <BrokerConnection client_id=kafka-python-2.1.2, node_id=bootstrap-0 host=localhost:9092 <connecting> [IPv6 ('::1', 9092, 0, 0)]>: connecting to localhost:9092 [('::1', 9092, 0, 0) IPv6]
2025-04-12 14:40:07,722 - INFO - Broker version identified as 2.6
2025-04-12 14:40:07,722 - INFO - <BrokerConnection client_id=kafka-python-2.1.2, node_id=bootstrap-0 host=localhost:9092 <checking_api_versions_recv> [IPv6 ('::1', 9092, 0, 0)]>: Connection complete.
2025-04-12 14:40:07,723 - INFO - Updating subscribed topics to: ('tweets',)
2025-04-12 14:40:07,723 - INFO - Consumer started successfully
2025-04-12 14:40:07,727 - INFO - <BrokerConnection client_id=kafka-python-2.1.2, node_id=0 host=LAPTOP-3AKB8UN6:9092 <connecting> [IPv6 ('fe80::5d24:cec2:79ae:1be9', 9092, 0, 16)]>: connecting to LAPTOP-3AKB8UN6:9092 [('fe80::5d24:cec2:79ae:1be9', 9092, 0, 16) IPv6]
2025-04-12 14:40:07,728 - INFO - <BrokerConnection client_id=kafka-python-2.1.2, node_id=0 host=LAPTOP-3AKB8UN6:9092 <checking_api_versions_send> [IPv6 ('fe80::5d24:cec2:79ae:1be9', 9092, 0, 16)]>: Connection complete.
2025-04-12 14:40:07,728 - INFO - <BrokerConnection client_id=kafka-python-2.1.2, node_id=bootstrap-0 host=localhost:9092 <connected> [IPv6 ('::1', 9092, 0, 0)]>: Closing connection. 
2025-04-12 14:40:07,834 - INFO - Group coordinator for sentiment-group is BrokerMetadata(nodeId='coordinator-0', host='LAPTOP-3AKB8UN6', port=9092, rack=None)
2025-04-12 14:40:07,834 - INFO - Discovered coordinator coordinator-0 for group sentiment-group
2025-04-12 14:40:07,835 - INFO - Starting new heartbeat thread
2025-04-12 14:40:07,835 - INFO - Revoking previously assigned partitions set() for group sentiment-group
2025-04-12 14:40:07,836 - INFO - <BrokerConnection client_id=kafka-python-2.1.2, node_id=coordinator-0 host=LAPTOP-3AKB8UN6:9092 <connecting> [IPv6 ('fe80::5d24:cec2:79ae:1be9', 9092, 0, 16)]>: connecting to LAPTOP-3AKB8UN6:9092 [('fe80::5d24:cec2:79ae:1be9', 9092, 0, 16) IPv6]
2025-04-12 14:40:07,837 - INFO - <BrokerConnection client_id=kafka-python-2.1.2, node_id=coordinator-0 host=LAPTOP-3AKB8UN6:9092 <checking_api_versions_send> [IPv6 ('fe80::5d24:cec2:79ae:1be9', 9092, 0, 16)]>: Connection complete.
2025-04-12 14:40:07,938 - INFO - (Re-)joining group sentiment-group
2025-04-12 14:40:07,956 - INFO - Elected group leader -- performing partition assignments using range
2025-04-12 14:40:07,972 - INFO - Successfully joined group sentiment-group with generation 17
2025-04-12 14:40:07,972 - INFO - Updated partition assignment: [TopicPartition(topic='tweets', partition=0)]
2025-04-12 14:40:07,973 - INFO - Setting newly assigned partitions {TopicPartition(topic='tweets', partition=0)} for group sentiment-group
2025-04-12 14:40:12,135 - WARNING - Attempt 1 failed to update Flask: HTTPConnectionPool(host='localhost', port=5000): Max retries exceeded with url: /update (Caused by NewConnectionError('<urllib3.connection.HTTPConnection object at 0x0000026BCF211A90>: Failed to establish a new connection: [WinError 10061] No connection could be made because the target machine actively refused it'))
2025-04-12 14:40:18,213 - WARNING - Attempt 2 failed to update Flask: 404 Client Error: NOT FOUND for url: http://localhost:5000/update
2025-04-12 14:40:22,242 - WARNING - Attempt 3 failed to update Flask: 404 Client Error: NOT FOUND for url: http://localhost:5000/update
2025-04-12 14:40:22,242 - ERROR - Failed to update Flask after multiple attempts
2025-04-12 14:40:24,308 - WARNING - Attempt 1 failed to update Flask: 404 Client Error: NOT FOUND for url: http://localhost:5000/update
2025-04-12 14:40:28,381 - WARNING - Attempt 2 failed to update Flask: 404 Client Error: NOT FOUND for url: http://localhost:5000/update
2025-04-12 14:40:32,408 - WARNING - Attempt 3 failed to update Flask: 404 Client Error: NOT FOUND for url: http://localhost:5000/update
2025-04-12 14:40:32,408 - ERROR - Failed to update Flask after multiple attempts
2025-04-12 14:40:34,470 - WARNING - Attempt 1 failed to update Flask: 404 Client Error: NOT FOUND for url: http://localhost:5000/update
2025-04-12 14:40:38,506 - WARNING - Attempt 2 failed to update Flask: 404 Client Error: NOT FOUND for url: http://localhost:5000/update
2025-04-12 14:40:42,553 - WARNING - Attempt 3 failed to update Flask: 404 Client Error: NOT FOUND for url: http://localhost:5000/update
2025-04-12 14:40:42,554 - ERROR - Failed to update Flask after multiple attempts
2025-04-12 14:40:44,628 - WARNING - Attempt 1 failed to update Flask: 404 Client Error: NOT FOUND for url: http://localhost:5000/update
2025-04-12 14:40:48,676 - WARNING - Attempt 2 failed to update Flask: 404 Client Error: NOT FOUND for url: http://localhost:5000/update
2025-04-12 14:40:52,712 - WARNING - Attempt 3 failed to update Flask: 404 Client Error: NOT FOUND for url: http://localhost:5000/update
2025-04-12 14:40:52,712 - ERROR - Failed to update Flask after multiple attempts
2025-04-12 14:40:54,780 - WARNING - Attempt 1 failed to update Flask: 404 Client Error: NOT FOUND for url: http://localhost:5000/update
2025-04-12 14:40:58,827 - WARNING - Attempt 2 failed to update Flask: 404 Client Error: NOT FOUND for url: http://localhost:5000/update
2025-04-12 14:41:02,855 - WARNING - Attempt 3 failed to update Flask: 404 Client Error: NOT FOUND for url: http://localhost:5000/update
2025-04-12 14:41:02,855 - ERROR - Failed to update Flask after multiple attempts
2025-04-12 14:41:04,906 - WARNING - Attempt 1 failed to update Flask: 404 Client Error: NOT FOUND for url: http://localhost:5000/update
2025-04-12 14:41:08,957 - WARNING - Attempt 2 failed to update Flask: 404 Client Error: NOT FOUND for url: http://localhost:5000/update
2025-04-12 14:41:12,993 - WARNING - Attempt 3 failed to update Flask: 404 Client Error: NOT FOUND for url: http://localhost:5000/update
2025-04-12 14:41:12,993 - ERROR - Failed to update Flask after multiple attempts
2025-04-12 14:41:15,068 - WARNING - Attempt 1 failed to update Flask: 404 Client Error: NOT FOUND for url: http://localhost:5000/update
2025-04-12 14:41:19,140 - WARNING - Attempt 2 failed to update Flask: 404 Client Error: NOT FOUND for url: http://localhost:5000/update
2025-04-12 14:41:23,177 - WARNING - Attempt 3 failed to update Flask: 404 Client Error: NOT FOUND for url: http://localhost:5000/update
2025-04-12 14:41:23,178 - ERROR - Failed to update Flask after multiple attempts
2025-04-12 14:41:25,251 - WARNING - Attempt 1 failed to update Flask: 404 Client Error: NOT FOUND for url: http://localhost:5000/update
2025-04-12 14:41:29,283 - WARNING - Attempt 2 failed to update Flask: 404 Client Error: NOT FOUND for url: http://localhost:5000/update
2025-04-12 14:41:33,329 - WARNING - Attempt 3 failed to update Flask: 404 Client Error: NOT FOUND for url: http://localhost:5000/update
2025-04-12 14:41:33,330 - ERROR - Failed to update Flask after multiple attempts
2025-04-12 14:41:35,368 - WARNING - Attempt 1 failed to update Flask: 404 Client Error: NOT FOUND for url: http://localhost:5000/update
2025-04-12 14:41:39,431 - WARNING - Attempt 2 failed to update Flask: 404 Client Error: NOT FOUND for url: http://localhost:5000/update
2025-04-12 14:41:43,479 - WARNING - Attempt 3 failed to update Flask: 404 Client Error: NOT FOUND for url: http://localhost:5000/update
2025-04-12 14:41:43,479 - ERROR - Failed to update Flask after multiple attempts
2025-04-12 14:41:45,530 - WARNING - Attempt 1 failed to update Flask: 404 Client Error: NOT FOUND for url: http://localhost:5000/update
2025-04-12 14:41:49,583 - WARNING - Attempt 2 failed to update Flask: 404 Client Error: NOT FOUND for url: http://localhost:5000/update
2025-04-12 14:41:53,630 - WARNING - Attempt 3 failed to update Flask: 404 Client Error: NOT FOUND for url: http://localhost:5000/update
2025-04-12 14:41:53,631 - ERROR - Failed to update Flask after multiple attempts
2025-04-12 14:41:55,677 - WARNING - Attempt 1 failed to update Flask: 404 Client Error: NOT FOUND for url: http://localhost:5000/update
2025-04-12 14:41:59,735 - WARNING - Attempt 2 failed to update Flask: 404 Client Error: NOT FOUND for url: http://localhost:5000/update
2025-04-12 14:42:03,778 - WARNING - Attempt 3 failed to update Flask: 404 Client Error: NOT FOUND for url: http://localhost:5000/update
2025-04-12 14:42:03,778 - ERROR - Failed to update Flask after multiple attempts
2025-04-12 14:42:05,834 - WARNING - Attempt 1 failed to update Flask: 404 Client Error: NOT FOUND for url: http://localhost:5000/update
2025-04-12 14:42:09,887 - WARNING - Attempt 2 failed to update Flask: 404 Client Error: NOT FOUND for url: http://localhost:5000/update
2025-04-12 14:42:13,940 - WARNING - Attempt 3 failed to update Flask: 404 Client Error: NOT FOUND for url: http://localhost:5000/update
2025-04-12 14:42:13,940 - ERROR - Failed to update Flask after multiple attempts
2025-04-12 14:42:16,001 - WARNING - Attempt 1 failed to update Flask: 404 Client Error: NOT FOUND for url: http://localhost:5000/update
2025-04-12 14:42:20,058 - WARNING - Attempt 2 failed to update Flask: 404 Client Error: NOT FOUND for url: http://localhost:5000/update
2025-04-12 14:42:24,113 - WARNING - Attempt 3 failed to update Flask: 404 Client Error: NOT FOUND for url: http://localhost:5000/update
2025-04-12 14:42:24,113 - ERROR - Failed to update Flask after multiple attempts
2025-04-12 14:42:26,178 - WARNING - Attempt 1 failed to update Flask: 404 Client Error: NOT FOUND for url: http://localhost:5000/update
2025-04-12 14:42:30,229 - WARNING - Attempt 2 failed to update Flask: 404 Client Error: NOT FOUND for url: http://localhost:5000/update
2025-04-12 14:42:34,277 - WARNING - Attempt 3 failed to update Flask: 404 Client Error: NOT FOUND for url: http://localhost:5000/update
2025-04-12 14:42:34,277 - ERROR - Failed to update Flask after multiple attempts
2025-04-12 14:42:36,336 - WARNING - Attempt 1 failed to update Flask: 404 Client Error: NOT FOUND for url: http://localhost:5000/update
2025-04-12 14:42:40,391 - WARNING - Attempt 2 failed to update Flask: 404 Client Error: NOT FOUND for url: http://localhost:5000/update
2025-04-12 14:42:44,441 - WARNING - Attempt 3 failed to update Flask: 404 Client Error: NOT FOUND for url: http://localhost:5000/update
2025-04-12 14:42:44,442 - ERROR - Failed to update Flask after multiple attempts
2025-04-12 14:42:46,500 - WARNING - Attempt 1 failed to update Flask: 404 Client Error: NOT FOUND for url: http://localhost:5000/update
2025-04-12 14:42:50,557 - WARNING - Attempt 2 failed to update Flask: 404 Client Error: NOT FOUND for url: http://localhost:5000/update
2025-04-12 14:42:54,615 - WARNING - Attempt 3 failed to update Flask: 404 Client Error: NOT FOUND for url: http://localhost:5000/update
2025-04-12 14:42:54,616 - ERROR - Failed to update Flask after multiple attempts
2025-04-12 14:42:56,686 - WARNING - Attempt 1 failed to update Flask: 404 Client Error: NOT FOUND for url: http://localhost:5000/update
2025-04-12 14:43:00,745 - WARNING - Attempt 2 failed to update Flask: 404 Client Error: NOT FOUND for url: http://localhost:5000/update
2025-04-12 14:43:04,792 - WARNING - Attempt 3 failed to update Flask: 404 Client Error: NOT FOUND for url: http://localhost:5000/update
2025-04-12 14:43:04,793 - ERROR - Failed to update Flask after multiple attempts
2025-04-12 14:43:06,860 - WARNING - Attempt 1 failed to update Flask: 404 Client Error: NOT FOUND for url: http://localhost:5000/update
2025-04-12 14:43:10,906 - WARNING - Attempt 2 failed to update Flask: 404 Client Error: NOT FOUND for url: http://localhost:5000/update
2025-04-12 14:43:14,956 - WARNING - Attempt 3 failed to update Flask: 404 Client Error: NOT FOUND for url: http://localhost:5000/update
2025-04-12 14:43:14,956 - ERROR - Failed to update Flask after multiple attempts
2025-04-12 14:43:16,999 - WARNING - Attempt 1 failed to update Flask: 404 Client Error: NOT FOUND for url: http://localhost:5000/update
2025-04-12 14:43:21,074 - WARNING - Attempt 2 failed to update Flask: 404 Client Error: NOT FOUND for url: http://localhost:5000/update
2025-04-12 14:43:25,129 - WARNING - Attempt 3 failed to update Flask: 404 Client Error: NOT FOUND for url: http://localhost:5000/update
2025-04-12 14:43:25,130 - ERROR - Failed to update Flask after multiple attempts
2025-04-12 14:43:27,194 - WARNING - Attempt 1 failed to update Flask: 404 Client Error: NOT FOUND for url: http://localhost:5000/update
2025-04-12 14:43:31,226 - WARNING - Attempt 2 failed to update Flask: 404 Client Error: NOT FOUND for url: http://localhost:5000/update
2025-04-12 14:43:35,265 - WARNING - Attempt 3 failed to update Flask: 404 Client Error: NOT FOUND for url: http://localhost:5000/update
2025-04-12 14:43:35,265 - ERROR - Failed to update Flask after multiple attempts
2025-04-12 14:43:37,321 - WARNING - Attempt 1 failed to update Flask: 404 Client Error: NOT FOUND for url: http://localhost:5000/update
2025-04-12 14:43:41,382 - WARNING - Attempt 2 failed to update Flask: 404 Client Error: NOT FOUND for url: http://localhost:5000/update
2025-04-12 14:43:45,434 - WARNING - Attempt 3 failed to update Flask: 404 Client Error: NOT FOUND for url: http://localhost:5000/update
2025-04-12 14:43:45,434 - ERROR - Failed to update Flask after multiple attempts
2025-04-12 14:43:47,498 - WARNING - Attempt 1 failed to update Flask: 404 Client Error: NOT FOUND for url: http://localhost:5000/update
2025-04-12 14:43:51,564 - WARNING - Attempt 2 failed to update Flask: 404 Client Error: NOT FOUND for url: http://localhost:5000/update
2025-04-12 14:43:55,610 - WARNING - Attempt 3 failed to update Flask: 404 Client Error: NOT FOUND for url: http://localhost:5000/update
2025-04-12 14:43:55,610 - ERROR - Failed to update Flask after multiple attempts
2025-04-12 14:43:57,669 - WARNING - Attempt 1 failed to update Flask: 404 Client Error: NOT FOUND for url: http://localhost:5000/update
2025-04-12 14:44:01,727 - WARNING - Attempt 2 failed to update Flask: 404 Client Error: NOT FOUND for url: http://localhost:5000/update
2025-04-12 14:44:05,781 - WARNING - Attempt 3 failed to update Flask: 404 Client Error: NOT FOUND for url: http://localhost:5000/update
2025-04-12 14:44:05,782 - ERROR - Failed to update Flask after multiple attempts
2025-04-12 14:44:07,849 - WARNING - Attempt 1 failed to update Flask: 404 Client Error: NOT FOUND for url: http://localhost:5000/update
2025-04-12 14:44:11,885 - WARNING - Attempt 2 failed to update Flask: 404 Client Error: NOT FOUND for url: http://localhost:5000/update
2025-04-12 14:44:15,918 - WARNING - Attempt 3 failed to update Flask: 404 Client Error: NOT FOUND for url: http://localhost:5000/update
2025-04-12 14:44:15,918 - ERROR - Failed to update Flask after multiple attempts
2025-04-12 14:44:17,956 - WARNING - Attempt 1 failed to update Flask: 404 Client Error: NOT FOUND for url: http://localhost:5000/update
2025-04-12 14:44:22,004 - WARNING - Attempt 2 failed to update Flask: 404 Client Error: NOT FOUND for url: http://localhost:5000/update
2025-04-12 14:44:26,056 - WARNING - Attempt 3 failed to update Flask: 404 Client Error: NOT FOUND for url: http://localhost:5000/update
2025-04-12 14:44:26,056 - ERROR - Failed to update Flask after multiple attempts
2025-04-12 14:44:28,109 - WARNING - Attempt 1 failed to update Flask: 404 Client Error: NOT FOUND for url: http://localhost:5000/update
2025-04-12 14:44:32,166 - WARNING - Attempt 2 failed to update Flask: 404 Client Error: NOT FOUND for url: http://localhost:5000/update
2025-04-12 14:44:36,209 - WARNING - Attempt 3 failed to update Flask: 404 Client Error: NOT FOUND for url: http://localhost:5000/update
2025-04-12 14:44:36,210 - ERROR - Failed to update Flask after multiple attempts
2025-04-12 14:44:38,263 - WARNING - Attempt 1 failed to update Flask: 404 Client Error: NOT FOUND for url: http://localhost:5000/update
2025-04-12 14:44:42,307 - WARNING - Attempt 2 failed to update Flask: 404 Client Error: NOT FOUND for url: http://localhost:5000/update
2025-04-12 14:44:46,347 - WARNING - Attempt 3 failed to update Flask: 404 Client Error: NOT FOUND for url: http://localhost:5000/update
2025-04-12 14:44:46,347 - ERROR - Failed to update Flask after multiple attempts
2025-04-12 14:44:48,404 - WARNING - Attempt 1 failed to update Flask: 404 Client Error: NOT FOUND for url: http://localhost:5000/update
2025-04-12 14:44:52,459 - WARNING - Attempt 2 failed to update Flask: 404 Client Error: NOT FOUND for url: http://localhost:5000/update
2025-04-12 14:44:56,524 - WARNING - Attempt 3 failed to update Flask: 404 Client Error: NOT FOUND for url: http://localhost:5000/update
2025-04-12 14:44:56,525 - ERROR - Failed to update Flask after multiple attempts
2025-04-12 14:44:58,590 - WARNING - Attempt 1 failed to update Flask: 404 Client Error: NOT FOUND for url: http://localhost:5000/update
2025-04-12 14:45:02,644 - WARNING - Attempt 2 failed to update Flask: 404 Client Error: NOT FOUND for url: http://localhost:5000/update
2025-04-12 14:45:06,700 - WARNING - Attempt 3 failed to update Flask: 404 Client Error: NOT FOUND for url: http://localhost:5000/update
2025-04-12 14:45:06,700 - ERROR - Failed to update Flask after multiple attempts
2025-04-12 14:45:07,999 - WARNING - Heartbeat poll expired, leaving group
2025-04-12 14:45:08,000 - INFO - Leaving consumer group (sentiment-group).
2025-04-12 14:45:08,007 - ERROR - Heartbeat thread for group sentiment-group failed due to unexpected error: cannot release un-acquired lock
2025-04-12 14:45:08,761 - WARNING - Attempt 1 failed to update Flask: 404 Client Error: NOT FOUND for url: http://localhost:5000/update
2025-04-12 14:45:12,799 - WARNING - Attempt 2 failed to update Flask: 404 Client Error: NOT FOUND for url: http://localhost:5000/update
2025-04-12 14:45:16,859 - WARNING - Attempt 3 failed to update Flask: 404 Client Error: NOT FOUND for url: http://localhost:5000/update
2025-04-12 14:45:16,859 - ERROR - Failed to update Flask after multiple attempts
2025-04-12 14:45:18,925 - WARNING - Attempt 1 failed to update Flask: 404 Client Error: NOT FOUND for url: http://localhost:5000/update
2025-04-12 14:45:22,973 - WARNING - Attempt 2 failed to update Flask: 404 Client Error: NOT FOUND for url: http://localhost:5000/update
2025-04-12 14:45:27,027 - WARNING - Attempt 3 failed to update Flask: 404 Client Error: NOT FOUND for url: http://localhost:5000/update
2025-04-12 14:45:27,028 - ERROR - Failed to update Flask after multiple attempts
2025-04-12 14:45:29,092 - WARNING - Attempt 1 failed to update Flask: 404 Client Error: NOT FOUND for url: http://localhost:5000/update
2025-04-12 14:45:33,138 - WARNING - Attempt 2 failed to update Flask: 404 Client Error: NOT FOUND for url: http://localhost:5000/update
2025-04-12 14:45:37,199 - WARNING - Attempt 3 failed to update Flask: 404 Client Error: NOT FOUND for url: http://localhost:5000/update
2025-04-12 14:45:37,200 - ERROR - Failed to update Flask after multiple attempts
2025-04-12 14:45:39,269 - WARNING - Attempt 1 failed to update Flask: 404 Client Error: NOT FOUND for url: http://localhost:5000/update
2025-04-12 14:45:43,311 - WARNING - Attempt 2 failed to update Flask: 404 Client Error: NOT FOUND for url: http://localhost:5000/update
2025-04-12 14:45:47,338 - WARNING - Attempt 3 failed to update Flask: 404 Client Error: NOT FOUND for url: http://localhost:5000/update
2025-04-12 14:45:47,338 - ERROR - Failed to update Flask after multiple attempts
2025-04-12 14:45:49,404 - WARNING - Attempt 1 failed to update Flask: 404 Client Error: NOT FOUND for url: http://localhost:5000/update
2025-04-12 14:45:53,462 - WARNING - Attempt 2 failed to update Flask: 404 Client Error: NOT FOUND for url: http://localhost:5000/update
2025-04-12 14:45:57,499 - WARNING - Attempt 3 failed to update Flask: 404 Client Error: NOT FOUND for url: http://localhost:5000/update
2025-04-12 14:45:57,500 - ERROR - Failed to update Flask after multiple attempts
2025-04-12 14:45:59,585 - WARNING - Attempt 1 failed to update Flask: 404 Client Error: NOT FOUND for url: http://localhost:5000/update
2025-04-12 14:46:03,631 - WARNING - Attempt 2 failed to update Flask: 404 Client Error: NOT FOUND for url: http://localhost:5000/update
2025-04-12 14:46:07,665 - WARNING - Attempt 3 failed to update Flask: 404 Client Error: NOT FOUND for url: http://localhost:5000/update
2025-04-12 14:46:07,665 - ERROR - Failed to update Flask after multiple attempts
2025-04-12 14:46:09,729 - WARNING - Attempt 1 failed to update Flask: 404 Client Error: NOT FOUND for url: http://localhost:5000/update
2025-04-12 14:46:13,750 - WARNING - Attempt 2 failed to update Flask: 404 Client Error: NOT FOUND for url: http://localhost:5000/update
2025-04-12 14:46:17,782 - WARNING - Attempt 3 failed to update Flask: 404 Client Error: NOT FOUND for url: http://localhost:5000/update
2025-04-12 14:46:17,782 - ERROR - Failed to update Flask after multiple attempts
2025-04-12 14:46:19,831 - WARNING - Attempt 1 failed to update Flask: 404 Client Error: NOT FOUND for url: http://localhost:5000/update
2025-04-12 14:46:23,864 - WARNING - Attempt 2 failed to update Flask: 404 Client Error: NOT FOUND for url: http://localhost:5000/update
2025-04-12 14:46:27,910 - WARNING - Attempt 3 failed to update Flask: 404 Client Error: NOT FOUND for url: http://localhost:5000/update
2025-04-12 14:46:27,911 - ERROR - Failed to update Flask after multiple attempts
2025-04-12 14:46:29,963 - WARNING - Attempt 1 failed to update Flask: 404 Client Error: NOT FOUND for url: http://localhost:5000/update
2025-04-12 14:46:33,998 - WARNING - Attempt 2 failed to update Flask: 404 Client Error: NOT FOUND for url: http://localhost:5000/update
2025-04-12 14:46:38,048 - WARNING - Attempt 3 failed to update Flask: 404 Client Error: NOT FOUND for url: http://localhost:5000/update
2025-04-12 14:46:38,048 - ERROR - Failed to update Flask after multiple attempts
2025-04-12 14:46:40,116 - WARNING - Attempt 1 failed to update Flask: 404 Client Error: NOT FOUND for url: http://localhost:5000/update
2025-04-12 14:46:44,166 - WARNING - Attempt 2 failed to update Flask: 404 Client Error: NOT FOUND for url: http://localhost:5000/update
2025-04-12 14:46:48,191 - WARNING - Attempt 3 failed to update Flask: 404 Client Error: NOT FOUND for url: http://localhost:5000/update
2025-04-12 14:46:48,191 - ERROR - Failed to update Flask after multiple attempts
2025-04-12 14:46:50,249 - WARNING - Attempt 1 failed to update Flask: 404 Client Error: NOT FOUND for url: http://localhost:5000/update
2025-04-12 14:46:54,292 - WARNING - Attempt 2 failed to update Flask: 404 Client Error: NOT FOUND for url: http://localhost:5000/update
2025-04-12 14:46:58,316 - WARNING - Attempt 3 failed to update Flask: 404 Client Error: NOT FOUND for url: http://localhost:5000/update
2025-04-12 14:46:58,316 - ERROR - Failed to update Flask after multiple attempts
2025-04-12 14:47:00,371 - WARNING - Attempt 1 failed to update Flask: 404 Client Error: NOT FOUND for url: http://localhost:5000/update
2025-04-12 14:47:04,406 - WARNING - Attempt 2 failed to update Flask: 404 Client Error: NOT FOUND for url: http://localhost:5000/update
2025-04-12 14:47:08,454 - WARNING - Attempt 3 failed to update Flask: 404 Client Error: NOT FOUND for url: http://localhost:5000/update
2025-04-12 14:47:08,455 - ERROR - Failed to update Flask after multiple attempts
2025-04-12 14:47:10,520 - WARNING - Attempt 1 failed to update Flask: 404 Client Error: NOT FOUND for url: http://localhost:5000/update
2025-04-12 14:47:14,563 - WARNING - Attempt 2 failed to update Flask: 404 Client Error: NOT FOUND for url: http://localhost:5000/update
2025-04-12 14:47:18,612 - WARNING - Attempt 3 failed to update Flask: 404 Client Error: NOT FOUND for url: http://localhost:5000/update
2025-04-12 14:47:18,613 - ERROR - Failed to update Flask after multiple attempts
2025-04-12 14:47:20,670 - WARNING - Attempt 1 failed to update Flask: 404 Client Error: NOT FOUND for url: http://localhost:5000/update
2025-04-12 14:47:24,722 - WARNING - Attempt 2 failed to update Flask: 404 Client Error: NOT FOUND for url: http://localhost:5000/update
2025-04-12 14:47:28,771 - WARNING - Attempt 3 failed to update Flask: 404 Client Error: NOT FOUND for url: http://localhost:5000/update
2025-04-12 14:47:28,773 - ERROR - Failed to update Flask after multiple attempts
2025-04-12 14:47:30,841 - WARNING - Attempt 1 failed to update Flask: 404 Client Error: NOT FOUND for url: http://localhost:5000/update
2025-04-12 14:47:34,910 - WARNING - Attempt 2 failed to update Flask: 404 Client Error: NOT FOUND for url: http://localhost:5000/update
2025-04-12 14:47:38,963 - WARNING - Attempt 3 failed to update Flask: 404 Client Error: NOT FOUND for url: http://localhost:5000/update
2025-04-12 14:47:38,963 - ERROR - Failed to update Flask after multiple attempts
2025-04-12 14:47:41,025 - WARNING - Attempt 1 failed to update Flask: 404 Client Error: NOT FOUND for url: http://localhost:5000/update
2025-04-12 14:47:45,084 - WARNING - Attempt 2 failed to update Flask: 404 Client Error: NOT FOUND for url: http://localhost:5000/update
2025-04-12 14:47:49,117 - WARNING - Attempt 3 failed to update Flask: 404 Client Error: NOT FOUND for url: http://localhost:5000/update
2025-04-12 14:47:49,118 - ERROR - Failed to update Flask after multiple attempts
2025-04-12 14:47:51,189 - WARNING - Attempt 1 failed to update Flask: 404 Client Error: NOT FOUND for url: http://localhost:5000/update
2025-04-12 14:47:55,251 - WARNING - Attempt 2 failed to update Flask: 404 Client Error: NOT FOUND for url: http://localhost:5000/update
2025-04-12 14:47:59,318 - WARNING - Attempt 3 failed to update Flask: 404 Client Error: NOT FOUND for url: http://localhost:5000/update
2025-04-12 14:47:59,319 - ERROR - Failed to update Flask after multiple attempts
2025-04-12 14:48:01,384 - WARNING - Attempt 1 failed to update Flask: 404 Client Error: NOT FOUND for url: http://localhost:5000/update
2025-04-12 14:48:05,434 - WARNING - Attempt 2 failed to update Flask: 404 Client Error: NOT FOUND for url: http://localhost:5000/update
2025-04-12 14:48:09,483 - WARNING - Attempt 3 failed to update Flask: 404 Client Error: NOT FOUND for url: http://localhost:5000/update
2025-04-12 14:48:09,484 - ERROR - Failed to update Flask after multiple attempts
2025-04-12 14:48:11,556 - WARNING - Attempt 1 failed to update Flask: 404 Client Error: NOT FOUND for url: http://localhost:5000/update
2025-04-12 14:48:15,604 - WARNING - Attempt 2 failed to update Flask: 404 Client Error: NOT FOUND for url: http://localhost:5000/update
2025-04-12 14:48:19,661 - WARNING - Attempt 3 failed to update Flask: 404 Client Error: NOT FOUND for url: http://localhost:5000/update
2025-04-12 14:48:19,661 - ERROR - Failed to update Flask after multiple attempts
2025-04-12 14:48:21,716 - WARNING - Attempt 1 failed to update Flask: 404 Client Error: NOT FOUND for url: http://localhost:5000/update
2025-04-12 14:48:25,768 - WARNING - Attempt 2 failed to update Flask: 404 Client Error: NOT FOUND for url: http://localhost:5000/update
2025-04-12 14:48:29,822 - WARNING - Attempt 3 failed to update Flask: 404 Client Error: NOT FOUND for url: http://localhost:5000/update
2025-04-12 14:48:29,822 - ERROR - Failed to update Flask after multiple attempts
2025-04-12 14:48:31,884 - WARNING - Attempt 1 failed to update Flask: 404 Client Error: NOT FOUND for url: http://localhost:5000/update
2025-04-12 14:48:35,958 - WARNING - Attempt 2 failed to update Flask: 404 Client Error: NOT FOUND for url: http://localhost:5000/update
2025-04-12 14:48:40,006 - WARNING - Attempt 3 failed to update Flask: 404 Client Error: NOT FOUND for url: http://localhost:5000/update
2025-04-12 14:48:40,006 - ERROR - Failed to update Flask after multiple attempts
2025-04-12 14:48:42,065 - WARNING - Attempt 1 failed to update Flask: 404 Client Error: NOT FOUND for url: http://localhost:5000/update
2025-04-12 14:48:46,110 - WARNING - Attempt 2 failed to update Flask: 404 Client Error: NOT FOUND for url: http://localhost:5000/update
2025-04-12 14:48:50,131 - WARNING - Attempt 3 failed to update Flask: 404 Client Error: NOT FOUND for url: http://localhost:5000/update
2025-04-12 14:48:50,132 - ERROR - Failed to update Flask after multiple attempts
2025-04-12 14:48:52,191 - WARNING - Attempt 1 failed to update Flask: 404 Client Error: NOT FOUND for url: http://localhost:5000/update
2025-04-12 14:48:56,250 - WARNING - Attempt 2 failed to update Flask: 404 Client Error: NOT FOUND for url: http://localhost:5000/update
2025-04-12 14:49:00,295 - WARNING - Attempt 3 failed to update Flask: 404 Client Error: NOT FOUND for url: http://localhost:5000/update
2025-04-12 14:49:00,295 - ERROR - Failed to update Flask after multiple attempts
2025-04-12 14:49:02,351 - WARNING - Attempt 1 failed to update Flask: 404 Client Error: NOT FOUND for url: http://localhost:5000/update
2025-04-12 14:49:06,413 - WARNING - Attempt 2 failed to update Flask: 404 Client Error: NOT FOUND for url: http://localhost:5000/update
2025-04-12 14:49:10,473 - WARNING - Attempt 3 failed to update Flask: 404 Client Error: NOT FOUND for url: http://localhost:5000/update
2025-04-12 14:49:10,474 - ERROR - Failed to update Flask after multiple attempts
2025-04-12 14:49:12,516 - WARNING - Attempt 1 failed to update Flask: 404 Client Error: NOT FOUND for url: http://localhost:5000/update
2025-04-12 14:49:16,577 - WARNING - Attempt 2 failed to update Flask: 404 Client Error: NOT FOUND for url: http://localhost:5000/update
2025-04-12 14:49:20,610 - WARNING - Attempt 3 failed to update Flask: 404 Client Error: NOT FOUND for url: http://localhost:5000/update
2025-04-12 14:49:20,611 - ERROR - Failed to update Flask after multiple attempts
2025-04-12 14:49:22,671 - WARNING - Attempt 1 failed to update Flask: 404 Client Error: NOT FOUND for url: http://localhost:5000/update
2025-04-12 14:49:26,731 - WARNING - Attempt 2 failed to update Flask: 404 Client Error: NOT FOUND for url: http://localhost:5000/update
2025-04-12 14:49:30,777 - WARNING - Attempt 3 failed to update Flask: 404 Client Error: NOT FOUND for url: http://localhost:5000/update
2025-04-12 14:49:30,777 - ERROR - Failed to update Flask after multiple attempts
2025-04-12 14:49:32,843 - WARNING - Attempt 1 failed to update Flask: 404 Client Error: NOT FOUND for url: http://localhost:5000/update
2025-04-12 14:49:36,920 - WARNING - Attempt 2 failed to update Flask: 404 Client Error: NOT FOUND for url: http://localhost:5000/update
2025-04-12 14:49:40,968 - WARNING - Attempt 3 failed to update Flask: 404 Client Error: NOT FOUND for url: http://localhost:5000/update
2025-04-12 14:49:40,969 - ERROR - Failed to update Flask after multiple attempts
2025-04-12 14:49:43,034 - WARNING - Attempt 1 failed to update Flask: 404 Client Error: NOT FOUND for url: http://localhost:5000/update
2025-04-12 14:49:47,068 - WARNING - Attempt 2 failed to update Flask: 404 Client Error: NOT FOUND for url: http://localhost:5000/update
2025-04-12 14:49:51,118 - WARNING - Attempt 3 failed to update Flask: 404 Client Error: NOT FOUND for url: http://localhost:5000/update
2025-04-12 14:49:51,119 - ERROR - Failed to update Flask after multiple attempts
2025-04-12 14:49:53,174 - WARNING - Attempt 1 failed to update Flask: 404 Client Error: NOT FOUND for url: http://localhost:5000/update
2025-04-12 14:49:57,226 - WARNING - Attempt 2 failed to update Flask: 404 Client Error: NOT FOUND for url: http://localhost:5000/update
2025-04-12 14:50:01,293 - WARNING - Attempt 3 failed to update Flask: 404 Client Error: NOT FOUND for url: http://localhost:5000/update
2025-04-12 14:50:01,294 - ERROR - Failed to update Flask after multiple attempts
2025-04-12 14:50:03,364 - WARNING - Attempt 1 failed to update Flask: 404 Client Error: NOT FOUND for url: http://localhost:5000/update
2025-04-12 14:50:07,405 - WARNING - Attempt 2 failed to update Flask: 404 Client Error: NOT FOUND for url: http://localhost:5000/update
2025-04-12 14:50:11,485 - WARNING - Attempt 3 failed to update Flask: 404 Client Error: NOT FOUND for url: http://localhost:5000/update
2025-04-12 14:50:11,486 - ERROR - Failed to update Flask after multiple attempts
2025-04-12 14:50:13,554 - WARNING - Attempt 1 failed to update Flask: 404 Client Error: NOT FOUND for url: http://localhost:5000/update
2025-04-12 14:50:17,598 - WARNING - Attempt 2 failed to update Flask: 404 Client Error: NOT FOUND for url: http://localhost:5000/update
2025-04-12 14:50:21,652 - WARNING - Attempt 3 failed to update Flask: 404 Client Error: NOT FOUND for url: http://localhost:5000/update
2025-04-12 14:50:21,652 - ERROR - Failed to update Flask after multiple attempts
2025-04-12 14:50:23,717 - WARNING - Attempt 1 failed to update Flask: 404 Client Error: NOT FOUND for url: http://localhost:5000/update
2025-04-12 14:50:27,767 - WARNING - Attempt 2 failed to update Flask: 404 Client Error: NOT FOUND for url: http://localhost:5000/update
2025-04-12 14:50:31,813 - WARNING - Attempt 3 failed to update Flask: 404 Client Error: NOT FOUND for url: http://localhost:5000/update
2025-04-12 14:50:31,813 - ERROR - Failed to update Flask after multiple attempts
2025-04-12 14:50:33,883 - WARNING - Attempt 1 failed to update Flask: 404 Client Error: NOT FOUND for url: http://localhost:5000/update
2025-04-12 14:50:37,930 - WARNING - Attempt 2 failed to update Flask: 404 Client Error: NOT FOUND for url: http://localhost:5000/update
2025-04-12 14:50:42,003 - WARNING - Attempt 3 failed to update Flask: 404 Client Error: NOT FOUND for url: http://localhost:5000/update
2025-04-12 14:50:42,003 - ERROR - Failed to update Flask after multiple attempts
2025-04-12 14:50:44,068 - WARNING - Attempt 1 failed to update Flask: 404 Client Error: NOT FOUND for url: http://localhost:5000/update
2025-04-12 14:50:48,101 - WARNING - Attempt 2 failed to update Flask: 404 Client Error: NOT FOUND for url: http://localhost:5000/update
2025-04-12 14:50:52,144 - WARNING - Attempt 3 failed to update Flask: 404 Client Error: NOT FOUND for url: http://localhost:5000/update
2025-04-12 14:50:52,144 - ERROR - Failed to update Flask after multiple attempts
2025-04-12 14:50:54,213 - WARNING - Attempt 1 failed to update Flask: 404 Client Error: NOT FOUND for url: http://localhost:5000/update
2025-04-12 14:50:58,261 - WARNING - Attempt 2 failed to update Flask: 404 Client Error: NOT FOUND for url: http://localhost:5000/update
2025-04-12 14:51:02,320 - WARNING - Attempt 3 failed to update Flask: 404 Client Error: NOT FOUND for url: http://localhost:5000/update
2025-04-12 14:51:02,321 - ERROR - Failed to update Flask after multiple attempts
2025-04-12 14:51:04,397 - WARNING - Attempt 1 failed to update Flask: 404 Client Error: NOT FOUND for url: http://localhost:5000/update
2025-04-12 14:51:08,446 - WARNING - Attempt 2 failed to update Flask: 404 Client Error: NOT FOUND for url: http://localhost:5000/update
2025-04-12 14:51:12,495 - WARNING - Attempt 3 failed to update Flask: 404 Client Error: NOT FOUND for url: http://localhost:5000/update
2025-04-12 14:51:12,495 - ERROR - Failed to update Flask after multiple attempts
2025-04-12 14:51:14,552 - WARNING - Attempt 1 failed to update Flask: 404 Client Error: NOT FOUND for url: http://localhost:5000/update
2025-04-12 14:51:18,621 - WARNING - Attempt 2 failed to update Flask: 404 Client Error: NOT FOUND for url: http://localhost:5000/update
2025-04-12 14:51:22,680 - WARNING - Attempt 3 failed to update Flask: 404 Client Error: NOT FOUND for url: http://localhost:5000/update
2025-04-12 14:51:22,680 - ERROR - Failed to update Flask after multiple attempts
2025-04-12 14:51:24,747 - WARNING - Attempt 1 failed to update Flask: 404 Client Error: NOT FOUND for url: http://localhost:5000/update
2025-04-12 14:51:28,804 - WARNING - Attempt 2 failed to update Flask: 404 Client Error: NOT FOUND for url: http://localhost:5000/update
2025-04-12 14:51:32,856 - WARNING - Attempt 3 failed to update Flask: 404 Client Error: NOT FOUND for url: http://localhost:5000/update
2025-04-12 14:51:32,857 - ERROR - Failed to update Flask after multiple attempts
2025-04-12 14:51:34,930 - WARNING - Attempt 1 failed to update Flask: 404 Client Error: NOT FOUND for url: http://localhost:5000/update
2025-04-12 14:51:38,986 - WARNING - Attempt 2 failed to update Flask: 404 Client Error: NOT FOUND for url: http://localhost:5000/update
2025-04-12 14:51:43,061 - WARNING - Attempt 3 failed to update Flask: 404 Client Error: NOT FOUND for url: http://localhost:5000/update
2025-04-12 14:51:43,062 - ERROR - Failed to update Flask after multiple attempts
2025-04-12 14:51:45,188 - WARNING - Attempt 1 failed to update Flask: 404 Client Error: NOT FOUND for url: http://localhost:5000/update
2025-04-12 14:51:49,232 - WARNING - Attempt 2 failed to update Flask: 404 Client Error: NOT FOUND for url: http://localhost:5000/update
2025-04-12 14:51:53,295 - WARNING - Attempt 3 failed to update Flask: 404 Client Error: NOT FOUND for url: http://localhost:5000/update
2025-04-12 14:51:53,295 - ERROR - Failed to update Flask after multiple attempts
2025-04-12 14:51:55,390 - WARNING - Attempt 1 failed to update Flask: 404 Client Error: NOT FOUND for url: http://localhost:5000/update
2025-04-12 14:51:59,436 - WARNING - Attempt 2 failed to update Flask: 404 Client Error: NOT FOUND for url: http://localhost:5000/update
2025-04-12 14:52:03,480 - WARNING - Attempt 3 failed to update Flask: 404 Client Error: NOT FOUND for url: http://localhost:5000/update
2025-04-12 14:52:03,480 - ERROR - Failed to update Flask after multiple attempts
2025-04-12 14:52:05,544 - WARNING - Attempt 1 failed to update Flask: 404 Client Error: NOT FOUND for url: http://localhost:5000/update
2025-04-12 14:52:09,597 - WARNING - Attempt 2 failed to update Flask: 404 Client Error: NOT FOUND for url: http://localhost:5000/update
2025-04-12 14:52:13,643 - WARNING - Attempt 3 failed to update Flask: 404 Client Error: NOT FOUND for url: http://localhost:5000/update
2025-04-12 14:52:13,643 - ERROR - Failed to update Flask after multiple attempts
2025-04-12 14:52:15,697 - WARNING - Attempt 1 failed to update Flask: 404 Client Error: NOT FOUND for url: http://localhost:5000/update
2025-04-12 14:52:19,747 - WARNING - Attempt 2 failed to update Flask: 404 Client Error: NOT FOUND for url: http://localhost:5000/update
2025-04-12 14:52:23,804 - WARNING - Attempt 3 failed to update Flask: 404 Client Error: NOT FOUND for url: http://localhost:5000/update
2025-04-12 14:52:23,805 - ERROR - Failed to update Flask after multiple attempts
2025-04-12 14:52:25,874 - WARNING - Attempt 1 failed to update Flask: 404 Client Error: NOT FOUND for url: http://localhost:5000/update
2025-04-12 14:52:29,907 - WARNING - Attempt 2 failed to update Flask: 404 Client Error: NOT FOUND for url: http://localhost:5000/update
2025-04-12 14:52:33,945 - WARNING - Attempt 3 failed to update Flask: 404 Client Error: NOT FOUND for url: http://localhost:5000/update
2025-04-12 14:52:33,946 - ERROR - Failed to update Flask after multiple attempts
2025-04-12 14:52:36,016 - WARNING - Attempt 1 failed to update Flask: 404 Client Error: NOT FOUND for url: http://localhost:5000/update
2025-04-12 14:52:40,076 - WARNING - Attempt 2 failed to update Flask: 404 Client Error: NOT FOUND for url: http://localhost:5000/update
2025-04-12 14:52:44,139 - WARNING - Attempt 3 failed to update Flask: 404 Client Error: NOT FOUND for url: http://localhost:5000/update
2025-04-12 14:52:44,140 - ERROR - Failed to update Flask after multiple attempts
2025-04-12 14:52:46,185 - WARNING - Attempt 1 failed to update Flask: 404 Client Error: NOT FOUND for url: http://localhost:5000/update
2025-04-12 14:52:50,228 - WARNING - Attempt 2 failed to update Flask: 404 Client Error: NOT FOUND for url: http://localhost:5000/update
2025-04-12 14:52:54,275 - WARNING - Attempt 3 failed to update Flask: 404 Client Error: NOT FOUND for url: http://localhost:5000/update
2025-04-12 14:52:54,276 - ERROR - Failed to update Flask after multiple attempts
2025-04-12 14:52:56,318 - WARNING - Attempt 1 failed to update Flask: 404 Client Error: NOT FOUND for url: http://localhost:5000/update
2025-04-12 14:53:00,383 - WARNING - Attempt 2 failed to update Flask: 404 Client Error: NOT FOUND for url: http://localhost:5000/update
2025-04-12 14:53:04,426 - WARNING - Attempt 3 failed to update Flask: 404 Client Error: NOT FOUND for url: http://localhost:5000/update
2025-04-12 14:53:04,427 - ERROR - Failed to update Flask after multiple attempts
2025-04-12 14:53:06,466 - WARNING - Attempt 1 failed to update Flask: 404 Client Error: NOT FOUND for url: http://localhost:5000/update
2025-04-12 14:53:10,519 - WARNING - Attempt 2 failed to update Flask: 404 Client Error: NOT FOUND for url: http://localhost:5000/update
2025-04-12 14:53:14,573 - WARNING - Attempt 3 failed to update Flask: 404 Client Error: NOT FOUND for url: http://localhost:5000/update
2025-04-12 14:53:14,574 - ERROR - Failed to update Flask after multiple attempts
2025-04-12 14:53:16,643 - WARNING - Attempt 1 failed to update Flask: 404 Client Error: NOT FOUND for url: http://localhost:5000/update
2025-04-12 14:53:20,680 - WARNING - Attempt 2 failed to update Flask: 404 Client Error: NOT FOUND for url: http://localhost:5000/update
2025-04-12 14:53:24,722 - WARNING - Attempt 3 failed to update Flask: 404 Client Error: NOT FOUND for url: http://localhost:5000/update
2025-04-12 14:53:24,723 - ERROR - Failed to update Flask after multiple attempts
2025-04-12 14:53:26,774 - WARNING - Attempt 1 failed to update Flask: 404 Client Error: NOT FOUND for url: http://localhost:5000/update
2025-04-12 14:53:30,811 - WARNING - Attempt 2 failed to update Flask: 404 Client Error: NOT FOUND for url: http://localhost:5000/update
2025-04-12 14:53:34,861 - WARNING - Attempt 3 failed to update Flask: 404 Client Error: NOT FOUND for url: http://localhost:5000/update
2025-04-12 14:53:34,862 - ERROR - Failed to update Flask after multiple attempts
2025-04-12 14:53:36,918 - WARNING - Attempt 1 failed to update Flask: 404 Client Error: NOT FOUND for url: http://localhost:5000/update
2025-04-12 14:53:40,989 - WARNING - Attempt 2 failed to update Flask: 404 Client Error: NOT FOUND for url: http://localhost:5000/update
2025-04-12 14:53:45,036 - WARNING - Attempt 3 failed to update Flask: 404 Client Error: NOT FOUND for url: http://localhost:5000/update
2025-04-12 14:53:45,037 - ERROR - Failed to update Flask after multiple attempts
2025-04-12 14:53:47,134 - WARNING - Attempt 1 failed to update Flask: 404 Client Error: NOT FOUND for url: http://localhost:5000/update
2025-04-12 14:53:51,169 - WARNING - Attempt 2 failed to update Flask: 404 Client Error: NOT FOUND for url: http://localhost:5000/update
2025-04-12 14:53:55,211 - WARNING - Attempt 3 failed to update Flask: 404 Client Error: NOT FOUND for url: http://localhost:5000/update
2025-04-12 14:53:55,212 - ERROR - Failed to update Flask after multiple attempts
2025-04-12 14:53:57,282 - WARNING - Attempt 1 failed to update Flask: 404 Client Error: NOT FOUND for url: http://localhost:5000/update
2025-04-12 14:54:01,325 - WARNING - Attempt 2 failed to update Flask: 404 Client Error: NOT FOUND for url: http://localhost:5000/update
2025-04-12 14:54:05,373 - WARNING - Attempt 3 failed to update Flask: 404 Client Error: NOT FOUND for url: http://localhost:5000/update
2025-04-12 14:54:05,373 - ERROR - Failed to update Flask after multiple attempts
2025-04-12 14:54:07,434 - WARNING - Attempt 1 failed to update Flask: 404 Client Error: NOT FOUND for url: http://localhost:5000/update
2025-04-12 14:54:11,465 - WARNING - Attempt 2 failed to update Flask: 404 Client Error: NOT FOUND for url: http://localhost:5000/update
2025-04-12 14:54:15,515 - WARNING - Attempt 3 failed to update Flask: 404 Client Error: NOT FOUND for url: http://localhost:5000/update
2025-04-12 14:54:15,515 - ERROR - Failed to update Flask after multiple attempts
2025-04-12 14:54:17,592 - WARNING - Attempt 1 failed to update Flask: 404 Client Error: NOT FOUND for url: http://localhost:5000/update
2025-04-12 14:54:21,651 - WARNING - Attempt 2 failed to update Flask: 404 Client Error: NOT FOUND for url: http://localhost:5000/update
2025-04-12 14:54:25,696 - WARNING - Attempt 3 failed to update Flask: 404 Client Error: NOT FOUND for url: http://localhost:5000/update
2025-04-12 14:54:25,697 - ERROR - Failed to update Flask after multiple attempts
2025-04-12 14:54:27,761 - WARNING - Attempt 1 failed to update Flask: 404 Client Error: NOT FOUND for url: http://localhost:5000/update
2025-04-12 14:54:31,820 - WARNING - Attempt 2 failed to update Flask: 404 Client Error: NOT FOUND for url: http://localhost:5000/update
2025-04-12 14:54:35,857 - WARNING - Attempt 3 failed to update Flask: 404 Client Error: NOT FOUND for url: http://localhost:5000/update
2025-04-12 14:54:35,857 - ERROR - Failed to update Flask after multiple attempts
2025-04-12 14:54:37,920 - WARNING - Attempt 1 failed to update Flask: 404 Client Error: NOT FOUND for url: http://localhost:5000/update
2025-04-12 14:54:41,951 - WARNING - Attempt 2 failed to update Flask: 404 Client Error: NOT FOUND for url: http://localhost:5000/update
2025-04-12 14:54:46,017 - WARNING - Attempt 3 failed to update Flask: 404 Client Error: NOT FOUND for url: http://localhost:5000/update
2025-04-12 14:54:46,017 - ERROR - Failed to update Flask after multiple attempts
2025-04-12 14:54:48,062 - WARNING - Attempt 1 failed to update Flask: 404 Client Error: NOT FOUND for url: http://localhost:5000/update
2025-04-12 14:54:52,108 - WARNING - Attempt 2 failed to update Flask: 404 Client Error: NOT FOUND for url: http://localhost:5000/update
2025-04-12 14:54:56,157 - WARNING - Attempt 3 failed to update Flask: 404 Client Error: NOT FOUND for url: http://localhost:5000/update
2025-04-12 14:54:56,157 - ERROR - Failed to update Flask after multiple attempts
2025-04-12 14:54:58,200 - WARNING - Attempt 1 failed to update Flask: 404 Client Error: NOT FOUND for url: http://localhost:5000/update
2025-04-12 14:55:02,253 - WARNING - Attempt 2 failed to update Flask: 404 Client Error: NOT FOUND for url: http://localhost:5000/update
2025-04-12 14:55:06,304 - WARNING - Attempt 3 failed to update Flask: 404 Client Error: NOT FOUND for url: http://localhost:5000/update
2025-04-12 14:55:06,304 - ERROR - Failed to update Flask after multiple attempts
2025-04-12 14:55:08,361 - WARNING - Attempt 1 failed to update Flask: 404 Client Error: NOT FOUND for url: http://localhost:5000/update
2025-04-12 14:55:12,394 - WARNING - Attempt 2 failed to update Flask: 404 Client Error: NOT FOUND for url: http://localhost:5000/update
2025-04-12 14:55:16,446 - WARNING - Attempt 3 failed to update Flask: 404 Client Error: NOT FOUND for url: http://localhost:5000/update
2025-04-12 14:55:16,447 - ERROR - Failed to update Flask after multiple attempts
2025-04-12 14:55:18,535 - WARNING - Attempt 1 failed to update Flask: 404 Client Error: NOT FOUND for url: http://localhost:5000/update
2025-04-12 14:55:22,575 - WARNING - Attempt 2 failed to update Flask: 404 Client Error: NOT FOUND for url: http://localhost:5000/update
2025-04-12 14:55:26,640 - WARNING - Attempt 3 failed to update Flask: 404 Client Error: NOT FOUND for url: http://localhost:5000/update
2025-04-12 14:55:26,640 - ERROR - Failed to update Flask after multiple attempts
2025-04-12 14:55:28,721 - WARNING - Attempt 1 failed to update Flask: 404 Client Error: NOT FOUND for url: http://localhost:5000/update
2025-04-12 14:55:32,763 - WARNING - Attempt 2 failed to update Flask: 404 Client Error: NOT FOUND for url: http://localhost:5000/update
2025-04-12 14:55:36,805 - WARNING - Attempt 3 failed to update Flask: 404 Client Error: NOT FOUND for url: http://localhost:5000/update
2025-04-12 14:55:36,806 - ERROR - Failed to update Flask after multiple attempts
2025-04-12 14:55:38,869 - WARNING - Attempt 1 failed to update Flask: 404 Client Error: NOT FOUND for url: http://localhost:5000/update
2025-04-12 14:55:42,907 - WARNING - Attempt 2 failed to update Flask: 404 Client Error: NOT FOUND for url: http://localhost:5000/update
2025-04-12 14:55:46,949 - WARNING - Attempt 3 failed to update Flask: 404 Client Error: NOT FOUND for url: http://localhost:5000/update
2025-04-12 14:55:46,949 - ERROR - Failed to update Flask after multiple attempts
2025-04-12 14:55:49,024 - WARNING - Attempt 1 failed to update Flask: 404 Client Error: NOT FOUND for url: http://localhost:5000/update
2025-04-12 14:55:53,080 - WARNING - Attempt 2 failed to update Flask: 404 Client Error: NOT FOUND for url: http://localhost:5000/update
2025-04-12 14:55:57,119 - WARNING - Attempt 3 failed to update Flask: 404 Client Error: NOT FOUND for url: http://localhost:5000/update
2025-04-12 14:55:57,120 - ERROR - Failed to update Flask after multiple attempts
2025-04-12 14:55:59,187 - WARNING - Attempt 1 failed to update Flask: 404 Client Error: NOT FOUND for url: http://localhost:5000/update
2025-04-12 14:56:03,228 - WARNING - Attempt 2 failed to update Flask: 404 Client Error: NOT FOUND for url: http://localhost:5000/update
2025-04-12 14:56:07,298 - WARNING - Attempt 3 failed to update Flask: 404 Client Error: NOT FOUND for url: http://localhost:5000/update
2025-04-12 14:56:07,298 - ERROR - Failed to update Flask after multiple attempts
2025-04-12 14:56:09,374 - WARNING - Attempt 1 failed to update Flask: 404 Client Error: NOT FOUND for url: http://localhost:5000/update
2025-04-12 14:56:13,405 - WARNING - Attempt 2 failed to update Flask: 404 Client Error: NOT FOUND for url: http://localhost:5000/update
2025-04-12 14:56:17,462 - WARNING - Attempt 3 failed to update Flask: 404 Client Error: NOT FOUND for url: http://localhost:5000/update
2025-04-12 14:56:17,463 - ERROR - Failed to update Flask after multiple attempts
2025-04-12 14:56:19,500 - WARNING - Attempt 1 failed to update Flask: 404 Client Error: NOT FOUND for url: http://localhost:5000/update
2025-04-12 14:56:23,566 - WARNING - Attempt 2 failed to update Flask: 404 Client Error: NOT FOUND for url: http://localhost:5000/update
2025-04-12 14:56:27,622 - WARNING - Attempt 3 failed to update Flask: 404 Client Error: NOT FOUND for url: http://localhost:5000/update
2025-04-12 14:56:27,623 - ERROR - Failed to update Flask after multiple attempts
2025-04-12 14:56:29,675 - WARNING - Attempt 1 failed to update Flask: 404 Client Error: NOT FOUND for url: http://localhost:5000/update
2025-04-12 14:56:33,726 - WARNING - Attempt 2 failed to update Flask: 404 Client Error: NOT FOUND for url: http://localhost:5000/update
2025-04-12 14:56:37,779 - WARNING - Attempt 3 failed to update Flask: 404 Client Error: NOT FOUND for url: http://localhost:5000/update
2025-04-12 14:56:37,779 - ERROR - Failed to update Flask after multiple attempts
2025-04-12 14:56:39,873 - WARNING - Attempt 1 failed to update Flask: 404 Client Error: NOT FOUND for url: http://localhost:5000/update
2025-04-12 14:56:43,917 - WARNING - Attempt 2 failed to update Flask: 404 Client Error: NOT FOUND for url: http://localhost:5000/update
2025-04-12 14:56:47,990 - WARNING - Attempt 3 failed to update Flask: 404 Client Error: NOT FOUND for url: http://localhost:5000/update
2025-04-12 14:56:47,990 - ERROR - Failed to update Flask after multiple attempts
2025-04-12 14:56:50,058 - WARNING - Attempt 1 failed to update Flask: 404 Client Error: NOT FOUND for url: http://localhost:5000/update
2025-04-12 14:56:54,105 - WARNING - Attempt 2 failed to update Flask: 404 Client Error: NOT FOUND for url: http://localhost:5000/update
2025-04-12 14:56:58,150 - WARNING - Attempt 3 failed to update Flask: 404 Client Error: NOT FOUND for url: http://localhost:5000/update
2025-04-12 14:56:58,151 - ERROR - Failed to update Flask after multiple attempts
2025-04-12 14:57:00,200 - WARNING - Attempt 1 failed to update Flask: 404 Client Error: NOT FOUND for url: http://localhost:5000/update
2025-04-12 14:57:04,251 - WARNING - Attempt 2 failed to update Flask: 404 Client Error: NOT FOUND for url: http://localhost:5000/update
2025-04-12 14:57:08,309 - WARNING - Attempt 3 failed to update Flask: 404 Client Error: NOT FOUND for url: http://localhost:5000/update
2025-04-12 14:57:08,309 - ERROR - Failed to update Flask after multiple attempts
2025-04-12 14:57:10,361 - WARNING - Attempt 1 failed to update Flask: 404 Client Error: NOT FOUND for url: http://localhost:5000/update
2025-04-12 14:57:14,433 - WARNING - Attempt 2 failed to update Flask: 404 Client Error: NOT FOUND for url: http://localhost:5000/update
2025-04-12 14:57:18,477 - WARNING - Attempt 3 failed to update Flask: 404 Client Error: NOT FOUND for url: http://localhost:5000/update
2025-04-12 14:57:18,478 - ERROR - Failed to update Flask after multiple attempts
2025-04-12 14:57:20,551 - WARNING - Attempt 1 failed to update Flask: 404 Client Error: NOT FOUND for url: http://localhost:5000/update
2025-04-12 14:57:24,584 - WARNING - Attempt 2 failed to update Flask: 404 Client Error: NOT FOUND for url: http://localhost:5000/update
2025-04-12 14:57:28,636 - WARNING - Attempt 3 failed to update Flask: 404 Client Error: NOT FOUND for url: http://localhost:5000/update
2025-04-12 14:57:28,636 - ERROR - Failed to update Flask after multiple attempts
2025-04-12 14:57:30,696 - WARNING - Attempt 1 failed to update Flask: 404 Client Error: NOT FOUND for url: http://localhost:5000/update
2025-04-12 14:57:34,758 - WARNING - Attempt 2 failed to update Flask: 404 Client Error: NOT FOUND for url: http://localhost:5000/update
2025-04-12 14:57:38,802 - WARNING - Attempt 3 failed to update Flask: 404 Client Error: NOT FOUND for url: http://localhost:5000/update
2025-04-12 14:57:38,803 - ERROR - Failed to update Flask after multiple attempts
2025-04-12 14:57:40,883 - WARNING - Attempt 1 failed to update Flask: 404 Client Error: NOT FOUND for url: http://localhost:5000/update
2025-04-12 14:57:44,943 - WARNING - Attempt 2 failed to update Flask: 404 Client Error: NOT FOUND for url: http://localhost:5000/update
2025-04-12 14:57:49,008 - WARNING - Attempt 3 failed to update Flask: 404 Client Error: NOT FOUND for url: http://localhost:5000/update
2025-04-12 14:57:49,009 - ERROR - Failed to update Flask after multiple attempts
2025-04-12 14:57:51,087 - WARNING - Attempt 1 failed to update Flask: 404 Client Error: NOT FOUND for url: http://localhost:5000/update
2025-04-12 14:57:55,153 - WARNING - Attempt 2 failed to update Flask: 404 Client Error: NOT FOUND for url: http://localhost:5000/update
2025-04-12 14:57:59,206 - WARNING - Attempt 3 failed to update Flask: 404 Client Error: NOT FOUND for url: http://localhost:5000/update
2025-04-12 14:57:59,206 - ERROR - Failed to update Flask after multiple attempts
2025-04-12 14:58:01,251 - WARNING - Attempt 1 failed to update Flask: 404 Client Error: NOT FOUND for url: http://localhost:5000/update
2025-04-12 14:58:05,300 - WARNING - Attempt 2 failed to update Flask: 404 Client Error: NOT FOUND for url: http://localhost:5000/update
2025-04-12 14:58:09,357 - WARNING - Attempt 3 failed to update Flask: 404 Client Error: NOT FOUND for url: http://localhost:5000/update
2025-04-12 14:58:09,357 - ERROR - Failed to update Flask after multiple attempts
2025-04-12 14:58:11,405 - WARNING - Attempt 1 failed to update Flask: 404 Client Error: NOT FOUND for url: http://localhost:5000/update
2025-04-12 14:58:15,438 - WARNING - Attempt 2 failed to update Flask: 404 Client Error: NOT FOUND for url: http://localhost:5000/update
2025-04-12 14:58:19,509 - WARNING - Attempt 3 failed to update Flask: 404 Client Error: NOT FOUND for url: http://localhost:5000/update
2025-04-12 14:58:19,509 - ERROR - Failed to update Flask after multiple attempts
2025-04-12 14:58:21,585 - WARNING - Attempt 1 failed to update Flask: 404 Client Error: NOT FOUND for url: http://localhost:5000/update
2025-04-12 14:58:25,628 - WARNING - Attempt 2 failed to update Flask: 404 Client Error: NOT FOUND for url: http://localhost:5000/update
2025-04-12 14:58:29,679 - WARNING - Attempt 3 failed to update Flask: 404 Client Error: NOT FOUND for url: http://localhost:5000/update
2025-04-12 14:58:29,679 - ERROR - Failed to update Flask after multiple attempts
2025-04-12 14:58:31,745 - WARNING - Attempt 1 failed to update Flask: 404 Client Error: NOT FOUND for url: http://localhost:5000/update
2025-04-12 14:58:35,797 - WARNING - Attempt 2 failed to update Flask: 404 Client Error: NOT FOUND for url: http://localhost:5000/update
2025-04-12 14:58:39,869 - WARNING - Attempt 3 failed to update Flask: 404 Client Error: NOT FOUND for url: http://localhost:5000/update
2025-04-12 14:58:39,869 - ERROR - Failed to update Flask after multiple attempts
2025-04-12 14:58:41,947 - WARNING - Attempt 1 failed to update Flask: 404 Client Error: NOT FOUND for url: http://localhost:5000/update
2025-04-12 14:58:45,996 - WARNING - Attempt 2 failed to update Flask: 404 Client Error: NOT FOUND for url: http://localhost:5000/update
2025-04-12 14:58:50,047 - WARNING - Attempt 3 failed to update Flask: 404 Client Error: NOT FOUND for url: http://localhost:5000/update
2025-04-12 14:58:50,048 - ERROR - Failed to update Flask after multiple attempts
2025-04-12 14:58:52,114 - WARNING - Attempt 1 failed to update Flask: 404 Client Error: NOT FOUND for url: http://localhost:5000/update
2025-04-12 14:58:56,189 - WARNING - Attempt 2 failed to update Flask: 404 Client Error: NOT FOUND for url: http://localhost:5000/update
2025-04-12 14:59:00,232 - WARNING - Attempt 3 failed to update Flask: 404 Client Error: NOT FOUND for url: http://localhost:5000/update
2025-04-12 14:59:00,233 - ERROR - Failed to update Flask after multiple attempts
2025-04-12 14:59:02,285 - WARNING - Attempt 1 failed to update Flask: 404 Client Error: NOT FOUND for url: http://localhost:5000/update
2025-04-12 14:59:06,324 - WARNING - Attempt 2 failed to update Flask: 404 Client Error: NOT FOUND for url: http://localhost:5000/update
2025-04-12 14:59:10,376 - WARNING - Attempt 3 failed to update Flask: 404 Client Error: NOT FOUND for url: http://localhost:5000/update
2025-04-12 14:59:10,376 - ERROR - Failed to update Flask after multiple attempts
2025-04-12 14:59:12,419 - WARNING - Attempt 1 failed to update Flask: 404 Client Error: NOT FOUND for url: http://localhost:5000/update
2025-04-12 14:59:16,453 - WARNING - Attempt 2 failed to update Flask: 404 Client Error: NOT FOUND for url: http://localhost:5000/update
2025-04-12 14:59:20,493 - WARNING - Attempt 3 failed to update Flask: 404 Client Error: NOT FOUND for url: http://localhost:5000/update
2025-04-12 14:59:20,493 - ERROR - Failed to update Flask after multiple attempts
2025-04-12 14:59:22,560 - WARNING - Attempt 1 failed to update Flask: 404 Client Error: NOT FOUND for url: http://localhost:5000/update
2025-04-12 14:59:26,611 - WARNING - Attempt 2 failed to update Flask: 404 Client Error: NOT FOUND for url: http://localhost:5000/update
2025-04-12 14:59:30,655 - WARNING - Attempt 3 failed to update Flask: 404 Client Error: NOT FOUND for url: http://localhost:5000/update
2025-04-12 14:59:30,656 - ERROR - Failed to update Flask after multiple attempts
2025-04-12 14:59:32,686 - WARNING - Attempt 1 failed to update Flask: 404 Client Error: NOT FOUND for url: http://localhost:5000/update
2025-04-12 14:59:36,720 - WARNING - Attempt 2 failed to update Flask: 404 Client Error: NOT FOUND for url: http://localhost:5000/update
2025-04-12 14:59:40,762 - WARNING - Attempt 3 failed to update Flask: 404 Client Error: NOT FOUND for url: http://localhost:5000/update
2025-04-12 14:59:40,763 - ERROR - Failed to update Flask after multiple attempts
2025-04-12 14:59:42,822 - WARNING - Attempt 1 failed to update Flask: 404 Client Error: NOT FOUND for url: http://localhost:5000/update
2025-04-12 14:59:46,854 - WARNING - Attempt 2 failed to update Flask: 404 Client Error: NOT FOUND for url: http://localhost:5000/update
2025-04-12 14:59:50,911 - WARNING - Attempt 3 failed to update Flask: 404 Client Error: NOT FOUND for url: http://localhost:5000/update
2025-04-12 14:59:50,912 - ERROR - Failed to update Flask after multiple attempts
2025-04-12 14:59:52,969 - WARNING - Attempt 1 failed to update Flask: 404 Client Error: NOT FOUND for url: http://localhost:5000/update
2025-04-12 14:59:57,026 - WARNING - Attempt 2 failed to update Flask: 404 Client Error: NOT FOUND for url: http://localhost:5000/update
2025-04-12 15:00:01,087 - WARNING - Attempt 3 failed to update Flask: 404 Client Error: NOT FOUND for url: http://localhost:5000/update
2025-04-12 15:00:01,087 - ERROR - Failed to update Flask after multiple attempts
2025-04-12 15:00:03,145 - WARNING - Attempt 1 failed to update Flask: 404 Client Error: NOT FOUND for url: http://localhost:5000/update
2025-04-12 15:00:07,215 - WARNING - Attempt 2 failed to update Flask: 404 Client Error: NOT FOUND for url: http://localhost:5000/update
2025-04-12 15:00:11,271 - WARNING - Attempt 3 failed to update Flask: 404 Client Error: NOT FOUND for url: http://localhost:5000/update
2025-04-12 15:00:11,272 - ERROR - Failed to update Flask after multiple attempts
2025-04-12 15:00:13,334 - WARNING - Attempt 1 failed to update Flask: 404 Client Error: NOT FOUND for url: http://localhost:5000/update
2025-04-12 15:00:17,381 - WARNING - Attempt 2 failed to update Flask: 404 Client Error: NOT FOUND for url: http://localhost:5000/update
2025-04-12 15:00:21,407 - WARNING - Attempt 3 failed to update Flask: 404 Client Error: NOT FOUND for url: http://localhost:5000/update
2025-04-12 15:00:21,408 - ERROR - Failed to update Flask after multiple attempts
2025-04-12 15:00:23,464 - WARNING - Attempt 1 failed to update Flask: 404 Client Error: NOT FOUND for url: http://localhost:5000/update
2025-04-12 15:00:27,511 - WARNING - Attempt 2 failed to update Flask: 404 Client Error: NOT FOUND for url: http://localhost:5000/update
2025-04-12 15:00:31,553 - WARNING - Attempt 3 failed to update Flask: 404 Client Error: NOT FOUND for url: http://localhost:5000/update
2025-04-12 15:00:31,554 - ERROR - Failed to update Flask after multiple attempts
2025-04-12 15:00:33,620 - WARNING - Attempt 1 failed to update Flask: 404 Client Error: NOT FOUND for url: http://localhost:5000/update
2025-04-12 15:00:37,680 - WARNING - Attempt 2 failed to update Flask: 404 Client Error: NOT FOUND for url: http://localhost:5000/update
2025-04-12 15:00:41,741 - WARNING - Attempt 3 failed to update Flask: 404 Client Error: NOT FOUND for url: http://localhost:5000/update
2025-04-12 15:00:41,741 - ERROR - Failed to update Flask after multiple attempts
2025-04-12 15:00:43,822 - WARNING - Attempt 1 failed to update Flask: 404 Client Error: NOT FOUND for url: http://localhost:5000/update
2025-04-12 15:00:47,870 - WARNING - Attempt 2 failed to update Flask: 404 Client Error: NOT FOUND for url: http://localhost:5000/update
2025-04-12 15:00:51,937 - WARNING - Attempt 3 failed to update Flask: 404 Client Error: NOT FOUND for url: http://localhost:5000/update
2025-04-12 15:00:51,938 - ERROR - Failed to update Flask after multiple attempts
2025-04-12 15:00:54,002 - WARNING - Attempt 1 failed to update Flask: 404 Client Error: NOT FOUND for url: http://localhost:5000/update
2025-04-12 15:00:58,056 - WARNING - Attempt 2 failed to update Flask: 404 Client Error: NOT FOUND for url: http://localhost:5000/update
2025-04-12 15:01:02,093 - WARNING - Attempt 3 failed to update Flask: 404 Client Error: NOT FOUND for url: http://localhost:5000/update
2025-04-12 15:01:02,094 - ERROR - Failed to update Flask after multiple attempts
2025-04-12 15:01:04,154 - WARNING - Attempt 1 failed to update Flask: 404 Client Error: NOT FOUND for url: http://localhost:5000/update
2025-04-12 15:01:08,211 - WARNING - Attempt 2 failed to update Flask: 404 Client Error: NOT FOUND for url: http://localhost:5000/update
2025-04-12 15:01:12,263 - WARNING - Attempt 3 failed to update Flask: 404 Client Error: NOT FOUND for url: http://localhost:5000/update
2025-04-12 15:01:12,263 - ERROR - Failed to update Flask after multiple attempts
2025-04-12 15:01:14,340 - WARNING - Attempt 1 failed to update Flask: 404 Client Error: NOT FOUND for url: http://localhost:5000/update
2025-04-12 15:01:18,395 - WARNING - Attempt 2 failed to update Flask: 404 Client Error: NOT FOUND for url: http://localhost:5000/update
2025-04-12 15:01:22,449 - WARNING - Attempt 3 failed to update Flask: 404 Client Error: NOT FOUND for url: http://localhost:5000/update
2025-04-12 15:01:22,449 - ERROR - Failed to update Flask after multiple attempts
2025-04-12 15:01:24,505 - WARNING - Attempt 1 failed to update Flask: 404 Client Error: NOT FOUND for url: http://localhost:5000/update
2025-04-12 15:01:28,554 - WARNING - Attempt 2 failed to update Flask: 404 Client Error: NOT FOUND for url: http://localhost:5000/update
2025-04-12 15:01:32,628 - WARNING - Attempt 3 failed to update Flask: 404 Client Error: NOT FOUND for url: http://localhost:5000/update
2025-04-12 15:01:32,629 - ERROR - Failed to update Flask after multiple attempts
2025-04-12 15:01:34,699 - WARNING - Attempt 1 failed to update Flask: 404 Client Error: NOT FOUND for url: http://localhost:5000/update
2025-04-12 15:01:38,750 - WARNING - Attempt 2 failed to update Flask: 404 Client Error: NOT FOUND for url: http://localhost:5000/update
2025-04-12 15:01:42,802 - WARNING - Attempt 3 failed to update Flask: 404 Client Error: NOT FOUND for url: http://localhost:5000/update
2025-04-12 15:01:42,803 - ERROR - Failed to update Flask after multiple attempts
2025-04-12 15:01:44,871 - WARNING - Attempt 1 failed to update Flask: 404 Client Error: NOT FOUND for url: http://localhost:5000/update
2025-04-12 15:01:48,905 - WARNING - Attempt 2 failed to update Flask: 404 Client Error: NOT FOUND for url: http://localhost:5000/update
2025-04-12 15:01:52,948 - WARNING - Attempt 3 failed to update Flask: 404 Client Error: NOT FOUND for url: http://localhost:5000/update
2025-04-12 15:01:52,949 - ERROR - Failed to update Flask after multiple attempts
2025-04-12 15:01:55,011 - WARNING - Attempt 1 failed to update Flask: 404 Client Error: NOT FOUND for url: http://localhost:5000/update
2025-04-12 15:01:59,052 - WARNING - Attempt 2 failed to update Flask: 404 Client Error: NOT FOUND for url: http://localhost:5000/update
2025-04-12 15:02:03,094 - WARNING - Attempt 3 failed to update Flask: 404 Client Error: NOT FOUND for url: http://localhost:5000/update
2025-04-12 15:02:03,094 - ERROR - Failed to update Flask after multiple attempts
2025-04-12 15:02:05,152 - WARNING - Attempt 1 failed to update Flask: 404 Client Error: NOT FOUND for url: http://localhost:5000/update
2025-04-12 15:02:09,190 - WARNING - Attempt 2 failed to update Flask: 404 Client Error: NOT FOUND for url: http://localhost:5000/update
2025-04-12 15:02:13,217 - WARNING - Attempt 3 failed to update Flask: 404 Client Error: NOT FOUND for url: http://localhost:5000/update
2025-04-12 15:02:13,217 - ERROR - Failed to update Flask after multiple attempts
2025-04-12 15:02:15,275 - WARNING - Attempt 1 failed to update Flask: 404 Client Error: NOT FOUND for url: http://localhost:5000/update
2025-04-12 15:02:19,349 - WARNING - Attempt 2 failed to update Flask: 404 Client Error: NOT FOUND for url: http://localhost:5000/update
2025-04-12 15:02:23,404 - WARNING - Attempt 3 failed to update Flask: 404 Client Error: NOT FOUND for url: http://localhost:5000/update
2025-04-12 15:02:23,404 - ERROR - Failed to update Flask after multiple attempts
2025-04-12 15:02:25,460 - WARNING - Attempt 1 failed to update Flask: 404 Client Error: NOT FOUND for url: http://localhost:5000/update
2025-04-12 15:02:29,499 - WARNING - Attempt 2 failed to update Flask: 404 Client Error: NOT FOUND for url: http://localhost:5000/update
2025-04-12 15:02:33,550 - WARNING - Attempt 3 failed to update Flask: 404 Client Error: NOT FOUND for url: http://localhost:5000/update
2025-04-12 15:02:33,550 - ERROR - Failed to update Flask after multiple attempts
2025-04-12 15:02:35,602 - WARNING - Attempt 1 failed to update Flask: 404 Client Error: NOT FOUND for url: http://localhost:5000/update
2025-04-12 15:02:39,668 - WARNING - Attempt 2 failed to update Flask: 404 Client Error: NOT FOUND for url: http://localhost:5000/update
2025-04-12 15:02:43,703 - WARNING - Attempt 3 failed to update Flask: 404 Client Error: NOT FOUND for url: http://localhost:5000/update
2025-04-12 15:02:43,703 - ERROR - Failed to update Flask after multiple attempts
2025-04-12 15:02:45,757 - WARNING - Attempt 1 failed to update Flask: 404 Client Error: NOT FOUND for url: http://localhost:5000/update
2025-04-12 15:02:49,814 - WARNING - Attempt 2 failed to update Flask: 404 Client Error: NOT FOUND for url: http://localhost:5000/update
2025-04-12 15:02:53,858 - WARNING - Attempt 3 failed to update Flask: 404 Client Error: NOT FOUND for url: http://localhost:5000/update
2025-04-12 15:02:53,858 - ERROR - Failed to update Flask after multiple attempts
2025-04-12 15:02:55,913 - WARNING - Attempt 1 failed to update Flask: 404 Client Error: NOT FOUND for url: http://localhost:5000/update
2025-04-12 15:02:59,966 - WARNING - Attempt 2 failed to update Flask: 404 Client Error: NOT FOUND for url: http://localhost:5000/update
2025-04-12 15:03:04,000 - WARNING - Attempt 3 failed to update Flask: 404 Client Error: NOT FOUND for url: http://localhost:5000/update
2025-04-12 15:03:04,000 - ERROR - Failed to update Flask after multiple attempts
2025-04-12 15:03:06,063 - WARNING - Attempt 1 failed to update Flask: 404 Client Error: NOT FOUND for url: http://localhost:5000/update
2025-04-12 15:03:10,098 - WARNING - Attempt 2 failed to update Flask: 404 Client Error: NOT FOUND for url: http://localhost:5000/update
2025-04-12 15:03:14,164 - WARNING - Attempt 3 failed to update Flask: 404 Client Error: NOT FOUND for url: http://localhost:5000/update
2025-04-12 15:03:14,164 - ERROR - Failed to update Flask after multiple attempts
2025-04-12 15:03:16,228 - WARNING - Attempt 1 failed to update Flask: 404 Client Error: NOT FOUND for url: http://localhost:5000/update
2025-04-12 15:03:20,277 - WARNING - Attempt 2 failed to update Flask: 404 Client Error: NOT FOUND for url: http://localhost:5000/update
2025-04-12 15:03:24,298 - WARNING - Attempt 3 failed to update Flask: 404 Client Error: NOT FOUND for url: http://localhost:5000/update
2025-04-12 15:03:24,298 - ERROR - Failed to update Flask after multiple attempts
2025-04-12 15:03:26,355 - WARNING - Attempt 1 failed to update Flask: 404 Client Error: NOT FOUND for url: http://localhost:5000/update
2025-04-12 15:03:30,403 - WARNING - Attempt 2 failed to update Flask: 404 Client Error: NOT FOUND for url: http://localhost:5000/update
2025-04-12 15:03:34,449 - WARNING - Attempt 3 failed to update Flask: 404 Client Error: NOT FOUND for url: http://localhost:5000/update
2025-04-12 15:03:34,450 - ERROR - Failed to update Flask after multiple attempts
2025-04-12 15:03:36,500 - WARNING - Attempt 1 failed to update Flask: 404 Client Error: NOT FOUND for url: http://localhost:5000/update
2025-04-12 15:03:40,558 - WARNING - Attempt 2 failed to update Flask: 404 Client Error: NOT FOUND for url: http://localhost:5000/update
2025-04-12 15:03:44,604 - WARNING - Attempt 3 failed to update Flask: 404 Client Error: NOT FOUND for url: http://localhost:5000/update
2025-04-12 15:03:44,605 - ERROR - Failed to update Flask after multiple attempts
2025-04-12 15:03:46,665 - WARNING - Attempt 1 failed to update Flask: 404 Client Error: NOT FOUND for url: http://localhost:5000/update
2025-04-12 15:03:50,713 - WARNING - Attempt 2 failed to update Flask: 404 Client Error: NOT FOUND for url: http://localhost:5000/update
2025-04-12 15:03:54,749 - WARNING - Attempt 3 failed to update Flask: 404 Client Error: NOT FOUND for url: http://localhost:5000/update
2025-04-12 15:03:54,749 - ERROR - Failed to update Flask after multiple attempts
2025-04-12 15:03:56,830 - WARNING - Attempt 1 failed to update Flask: 404 Client Error: NOT FOUND for url: http://localhost:5000/update
2025-04-12 15:04:00,876 - WARNING - Attempt 2 failed to update Flask: 404 Client Error: NOT FOUND for url: http://localhost:5000/update
2025-04-12 15:04:04,926 - WARNING - Attempt 3 failed to update Flask: 404 Client Error: NOT FOUND for url: http://localhost:5000/update
2025-04-12 15:04:04,927 - ERROR - Failed to update Flask after multiple attempts
2025-04-12 15:04:06,985 - WARNING - Attempt 1 failed to update Flask: 404 Client Error: NOT FOUND for url: http://localhost:5000/update
2025-04-12 15:04:11,029 - WARNING - Attempt 2 failed to update Flask: 404 Client Error: NOT FOUND for url: http://localhost:5000/update
2025-04-12 15:04:15,091 - WARNING - Attempt 3 failed to update Flask: 404 Client Error: NOT FOUND for url: http://localhost:5000/update
2025-04-12 15:04:15,092 - ERROR - Failed to update Flask after multiple attempts
2025-04-12 15:04:17,156 - WARNING - Attempt 1 failed to update Flask: 404 Client Error: NOT FOUND for url: http://localhost:5000/update
2025-04-12 15:04:21,182 - WARNING - Attempt 2 failed to update Flask: 404 Client Error: NOT FOUND for url: http://localhost:5000/update
2025-04-12 15:04:25,223 - WARNING - Attempt 3 failed to update Flask: 404 Client Error: NOT FOUND for url: http://localhost:5000/update
2025-04-12 15:04:25,224 - ERROR - Failed to update Flask after multiple attempts
2025-04-12 15:04:27,295 - WARNING - Attempt 1 failed to update Flask: 404 Client Error: NOT FOUND for url: http://localhost:5000/update
2025-04-12 15:04:31,368 - WARNING - Attempt 2 failed to update Flask: 404 Client Error: NOT FOUND for url: http://localhost:5000/update
2025-04-12 15:04:35,420 - WARNING - Attempt 3 failed to update Flask: 404 Client Error: NOT FOUND for url: http://localhost:5000/update
2025-04-12 15:04:35,421 - ERROR - Failed to update Flask after multiple attempts
2025-04-12 15:04:37,504 - WARNING - Attempt 1 failed to update Flask: 404 Client Error: NOT FOUND for url: http://localhost:5000/update
2025-04-12 15:04:41,564 - WARNING - Attempt 2 failed to update Flask: 404 Client Error: NOT FOUND for url: http://localhost:5000/update
2025-04-12 15:04:45,624 - WARNING - Attempt 3 failed to update Flask: 404 Client Error: NOT FOUND for url: http://localhost:5000/update
2025-04-12 15:04:45,624 - ERROR - Failed to update Flask after multiple attempts
2025-04-12 15:04:47,679 - WARNING - Attempt 1 failed to update Flask: 404 Client Error: NOT FOUND for url: http://localhost:5000/update
2025-04-12 15:04:51,719 - WARNING - Attempt 2 failed to update Flask: 404 Client Error: NOT FOUND for url: http://localhost:5000/update
2025-04-12 15:04:55,770 - WARNING - Attempt 3 failed to update Flask: 404 Client Error: NOT FOUND for url: http://localhost:5000/update
2025-04-12 15:04:55,771 - ERROR - Failed to update Flask after multiple attempts
2025-04-12 15:04:57,845 - WARNING - Attempt 1 failed to update Flask: 404 Client Error: NOT FOUND for url: http://localhost:5000/update
2025-04-12 15:05:01,888 - WARNING - Attempt 2 failed to update Flask: 404 Client Error: NOT FOUND for url: http://localhost:5000/update
2025-04-12 15:05:05,955 - WARNING - Attempt 3 failed to update Flask: 404 Client Error: NOT FOUND for url: http://localhost:5000/update
2025-04-12 15:05:05,956 - ERROR - Failed to update Flask after multiple attempts
2025-04-12 15:05:08,026 - WARNING - Attempt 1 failed to update Flask: 404 Client Error: NOT FOUND for url: http://localhost:5000/update
2025-04-12 15:05:12,067 - WARNING - Attempt 2 failed to update Flask: 404 Client Error: NOT FOUND for url: http://localhost:5000/update
2025-04-12 15:05:16,108 - WARNING - Attempt 3 failed to update Flask: 404 Client Error: NOT FOUND for url: http://localhost:5000/update
2025-04-12 15:05:16,109 - ERROR - Failed to update Flask after multiple attempts
2025-04-12 15:05:18,154 - WARNING - Attempt 1 failed to update Flask: 404 Client Error: NOT FOUND for url: http://localhost:5000/update
2025-04-12 15:05:22,201 - WARNING - Attempt 2 failed to update Flask: 404 Client Error: NOT FOUND for url: http://localhost:5000/update
2025-04-12 15:05:26,235 - WARNING - Attempt 3 failed to update Flask: 404 Client Error: NOT FOUND for url: http://localhost:5000/update
2025-04-12 15:05:26,235 - ERROR - Failed to update Flask after multiple attempts
2025-04-12 15:05:28,300 - WARNING - Attempt 1 failed to update Flask: 404 Client Error: NOT FOUND for url: http://localhost:5000/update
2025-04-12 15:05:32,352 - WARNING - Attempt 2 failed to update Flask: 404 Client Error: NOT FOUND for url: http://localhost:5000/update
2025-04-12 15:05:36,403 - WARNING - Attempt 3 failed to update Flask: 404 Client Error: NOT FOUND for url: http://localhost:5000/update
2025-04-12 15:05:36,403 - ERROR - Failed to update Flask after multiple attempts
2025-04-12 15:05:38,469 - WARNING - Attempt 1 failed to update Flask: 404 Client Error: NOT FOUND for url: http://localhost:5000/update
2025-04-12 15:05:42,508 - WARNING - Attempt 2 failed to update Flask: 404 Client Error: NOT FOUND for url: http://localhost:5000/update
2025-04-12 15:05:46,568 - WARNING - Attempt 3 failed to update Flask: 404 Client Error: NOT FOUND for url: http://localhost:5000/update
2025-04-12 15:05:46,569 - ERROR - Failed to update Flask after multiple attempts
2025-04-12 15:05:48,606 - WARNING - Attempt 1 failed to update Flask: 404 Client Error: NOT FOUND for url: http://localhost:5000/update
2025-04-12 15:05:52,664 - WARNING - Attempt 2 failed to update Flask: 404 Client Error: NOT FOUND for url: http://localhost:5000/update
2025-04-12 15:05:56,732 - WARNING - Attempt 3 failed to update Flask: 404 Client Error: NOT FOUND for url: http://localhost:5000/update
2025-04-12 15:05:56,733 - ERROR - Failed to update Flask after multiple attempts
2025-04-12 15:05:58,803 - WARNING - Attempt 1 failed to update Flask: 404 Client Error: NOT FOUND for url: http://localhost:5000/update
2025-04-12 15:06:02,830 - WARNING - Attempt 2 failed to update Flask: 404 Client Error: NOT FOUND for url: http://localhost:5000/update
2025-04-12 15:06:06,849 - WARNING - Attempt 3 failed to update Flask: 404 Client Error: NOT FOUND for url: http://localhost:5000/update
2025-04-12 15:06:06,850 - ERROR - Failed to update Flask after multiple attempts
2025-04-12 15:06:08,917 - WARNING - Attempt 1 failed to update Flask: 404 Client Error: NOT FOUND for url: http://localhost:5000/update
2025-04-12 15:06:12,964 - WARNING - Attempt 2 failed to update Flask: 404 Client Error: NOT FOUND for url: http://localhost:5000/update
2025-04-12 15:06:17,025 - WARNING - Attempt 3 failed to update Flask: 404 Client Error: NOT FOUND for url: http://localhost:5000/update
2025-04-12 15:06:17,026 - ERROR - Failed to update Flask after multiple attempts
2025-04-12 15:06:19,077 - WARNING - Attempt 1 failed to update Flask: 404 Client Error: NOT FOUND for url: http://localhost:5000/update
2025-04-12 15:06:23,125 - WARNING - Attempt 2 failed to update Flask: 404 Client Error: NOT FOUND for url: http://localhost:5000/update
2025-04-12 15:06:27,167 - WARNING - Attempt 3 failed to update Flask: 404 Client Error: NOT FOUND for url: http://localhost:5000/update
2025-04-12 15:06:27,167 - ERROR - Failed to update Flask after multiple attempts
2025-04-12 15:06:29,224 - WARNING - Attempt 1 failed to update Flask: 404 Client Error: NOT FOUND for url: http://localhost:5000/update
2025-04-12 15:06:33,273 - WARNING - Attempt 2 failed to update Flask: 404 Client Error: NOT FOUND for url: http://localhost:5000/update
2025-04-12 15:06:37,308 - WARNING - Attempt 3 failed to update Flask: 404 Client Error: NOT FOUND for url: http://localhost:5000/update
2025-04-12 15:06:37,309 - ERROR - Failed to update Flask after multiple attempts
2025-04-12 15:06:39,380 - WARNING - Attempt 1 failed to update Flask: 404 Client Error: NOT FOUND for url: http://localhost:5000/update
2025-04-12 15:06:43,431 - WARNING - Attempt 2 failed to update Flask: 404 Client Error: NOT FOUND for url: http://localhost:5000/update
2025-04-12 15:06:47,471 - WARNING - Attempt 3 failed to update Flask: 404 Client Error: NOT FOUND for url: http://localhost:5000/update
2025-04-12 15:06:47,476 - ERROR - Failed to update Flask after multiple attempts
2025-04-12 15:06:49,516 - WARNING - Attempt 1 failed to update Flask: 404 Client Error: NOT FOUND for url: http://localhost:5000/update
2025-04-12 15:06:53,582 - WARNING - Attempt 2 failed to update Flask: 404 Client Error: NOT FOUND for url: http://localhost:5000/update
2025-04-12 15:06:57,637 - WARNING - Attempt 3 failed to update Flask: 404 Client Error: NOT FOUND for url: http://localhost:5000/update
2025-04-12 15:06:57,638 - ERROR - Failed to update Flask after multiple attempts
2025-04-12 15:06:59,685 - WARNING - Attempt 1 failed to update Flask: 404 Client Error: NOT FOUND for url: http://localhost:5000/update
2025-04-12 15:07:03,708 - WARNING - Attempt 2 failed to update Flask: 404 Client Error: NOT FOUND for url: http://localhost:5000/update
2025-04-12 15:07:07,754 - WARNING - Attempt 3 failed to update Flask: 404 Client Error: NOT FOUND for url: http://localhost:5000/update
2025-04-12 15:07:07,754 - ERROR - Failed to update Flask after multiple attempts
2025-04-12 15:07:09,830 - WARNING - Attempt 1 failed to update Flask: 404 Client Error: NOT FOUND for url: http://localhost:5000/update
2025-04-12 15:07:13,859 - WARNING - Attempt 2 failed to update Flask: 404 Client Error: NOT FOUND for url: http://localhost:5000/update
2025-04-12 15:07:17,903 - WARNING - Attempt 3 failed to update Flask: 404 Client Error: NOT FOUND for url: http://localhost:5000/update
2025-04-12 15:07:17,903 - ERROR - Failed to update Flask after multiple attempts
2025-04-12 15:07:19,968 - WARNING - Attempt 1 failed to update Flask: 404 Client Error: NOT FOUND for url: http://localhost:5000/update
2025-04-12 15:07:24,006 - WARNING - Attempt 2 failed to update Flask: 404 Client Error: NOT FOUND for url: http://localhost:5000/update
2025-04-12 15:07:28,066 - WARNING - Attempt 3 failed to update Flask: 404 Client Error: NOT FOUND for url: http://localhost:5000/update
2025-04-12 15:07:28,067 - ERROR - Failed to update Flask after multiple attempts
2025-04-12 15:07:30,125 - WARNING - Attempt 1 failed to update Flask: 404 Client Error: NOT FOUND for url: http://localhost:5000/update
2025-04-12 15:07:34,173 - WARNING - Attempt 2 failed to update Flask: 404 Client Error: NOT FOUND for url: http://localhost:5000/update
2025-04-12 15:07:38,222 - WARNING - Attempt 3 failed to update Flask: 404 Client Error: NOT FOUND for url: http://localhost:5000/update
2025-04-12 15:07:38,223 - ERROR - Failed to update Flask after multiple attempts
2025-04-12 15:07:40,284 - WARNING - Attempt 1 failed to update Flask: 404 Client Error: NOT FOUND for url: http://localhost:5000/update
2025-04-12 15:07:44,352 - WARNING - Attempt 2 failed to update Flask: 404 Client Error: NOT FOUND for url: http://localhost:5000/update
2025-04-12 15:07:48,409 - WARNING - Attempt 3 failed to update Flask: 404 Client Error: NOT FOUND for url: http://localhost:5000/update
2025-04-12 15:07:48,411 - ERROR - Failed to update Flask after multiple attempts
2025-04-12 15:07:50,451 - WARNING - Attempt 1 failed to update Flask: 404 Client Error: NOT FOUND for url: http://localhost:5000/update
2025-04-12 15:07:54,495 - WARNING - Attempt 2 failed to update Flask: 404 Client Error: NOT FOUND for url: http://localhost:5000/update
2025-04-12 15:07:58,553 - WARNING - Attempt 3 failed to update Flask: 404 Client Error: NOT FOUND for url: http://localhost:5000/update
2025-04-12 15:07:58,553 - ERROR - Failed to update Flask after multiple attempts
2025-04-12 15:08:00,620 - WARNING - Attempt 1 failed to update Flask: 404 Client Error: NOT FOUND for url: http://localhost:5000/update
2025-04-12 15:08:04,666 - WARNING - Attempt 2 failed to update Flask: 404 Client Error: NOT FOUND for url: http://localhost:5000/update
2025-04-12 15:08:08,725 - WARNING - Attempt 3 failed to update Flask: 404 Client Error: NOT FOUND for url: http://localhost:5000/update
2025-04-12 15:08:08,726 - ERROR - Failed to update Flask after multiple attempts
2025-04-12 15:08:10,771 - WARNING - Attempt 1 failed to update Flask: 404 Client Error: NOT FOUND for url: http://localhost:5000/update
2025-04-12 15:08:14,819 - WARNING - Attempt 2 failed to update Flask: 404 Client Error: NOT FOUND for url: http://localhost:5000/update
2025-04-12 15:08:18,894 - WARNING - Attempt 3 failed to update Flask: 404 Client Error: NOT FOUND for url: http://localhost:5000/update
2025-04-12 15:08:18,894 - ERROR - Failed to update Flask after multiple attempts
2025-04-12 15:08:18,936 - ERROR - Error sending request data to <BrokerConnection client_id=kafka-python-2.1.2, node_id=coordinator-0 host=LAPTOP-3AKB8UN6:9092 <connected> [IPv6 ('fe80::5d24:cec2:79ae:1be9', 9092, 0, 16)]>
Traceback (most recent call last):
  File "C:\Users\vijay\AppData\Local\Programs\Python\Python313\Lib\site-packages\kafka\conn.py", line 1039, in send_pending_requests_v2
    total_bytes = self._send_bytes(self._send_buffer)
  File "C:\Users\vijay\AppData\Local\Programs\Python\Python313\Lib\site-packages\kafka\conn.py", line 683, in _send_bytes
    sent_bytes = self._sock.send(data[total_sent:])
ConnectionAbortedError: [WinError 10053] An established connection was aborted by the software in your host machine
2025-04-12 15:08:18,966 - ERROR - <BrokerConnection client_id=kafka-python-2.1.2, node_id=coordinator-0 host=LAPTOP-3AKB8UN6:9092 <connected> [IPv6 ('fe80::5d24:cec2:79ae:1be9', 9092, 0, 16)]>: Closing connection. KafkaConnectionError: <BrokerConnection client_id=kafka-python-2.1.2, node_id=coordinator-0 host=LAPTOP-3AKB8UN6:9092 <connected> [IPv6 ('fe80::5d24:cec2:79ae:1be9', 9092, 0, 16)]>: [WinError 10053] An established connection was aborted by the software in your host machine
2025-04-12 15:08:18,968 - ERROR - Error sending OffsetCommitRequest_v6 to node coordinator-0 [KafkaConnectionError: <BrokerConnection client_id=kafka-python-2.1.2, node_id=coordinator-0 host=LAPTOP-3AKB8UN6:9092 <connected> [IPv6 ('fe80::5d24:cec2:79ae:1be9', 9092, 0, 16)]>: [WinError 10053] An established connection was aborted by the software in your host machine]
2025-04-12 15:08:18,969 - WARNING - Marking the coordinator dead (node coordinator-0) for group sentiment-group: KafkaConnectionError: <BrokerConnection client_id=kafka-python-2.1.2, node_id=coordinator-0 host=LAPTOP-3AKB8UN6:9092 <connected> [IPv6 ('fe80::5d24:cec2:79ae:1be9', 9092, 0, 16)]>: [WinError 10053] An established connection was aborted by the software in your host machine.
2025-04-12 15:08:18,970 - ERROR - Error sending request data to <BrokerConnection client_id=kafka-python-2.1.2, node_id=0 host=LAPTOP-3AKB8UN6:9092 <connected> [IPv6 ('fe80::5d24:cec2:79ae:1be9', 9092, 0, 16)]>
Traceback (most recent call last):
  File "C:\Users\vijay\AppData\Local\Programs\Python\Python313\Lib\site-packages\kafka\conn.py", line 1039, in send_pending_requests_v2
    total_bytes = self._send_bytes(self._send_buffer)
  File "C:\Users\vijay\AppData\Local\Programs\Python\Python313\Lib\site-packages\kafka\conn.py", line 683, in _send_bytes
    sent_bytes = self._sock.send(data[total_sent:])
ConnectionAbortedError: [WinError 10053] An established connection was aborted by the software in your host machine
2025-04-12 15:08:18,972 - ERROR - <BrokerConnection client_id=kafka-python-2.1.2, node_id=0 host=LAPTOP-3AKB8UN6:9092 <connected> [IPv6 ('fe80::5d24:cec2:79ae:1be9', 9092, 0, 16)]>: Closing connection. KafkaConnectionError: <BrokerConnection client_id=kafka-python-2.1.2, node_id=0 host=LAPTOP-3AKB8UN6:9092 <connected> [IPv6 ('fe80::5d24:cec2:79ae:1be9', 9092, 0, 16)]>: [WinError 10053] An established connection was aborted by the software in your host machine
2025-04-12 15:08:19,075 - INFO - <BrokerConnection client_id=kafka-python-2.1.2, node_id=0 host=LAPTOP-3AKB8UN6:9092 <connecting> [IPv6 ('fe80::63f:2833:3913:a9f4', 9092, 0, 20)]>: connecting to LAPTOP-3AKB8UN6:9092 [('fe80::63f:2833:3913:a9f4', 9092, 0, 20) IPv6]
2025-04-12 15:08:19,077 - INFO - <BrokerConnection client_id=kafka-python-2.1.2, node_id=0 host=LAPTOP-3AKB8UN6:9092 <checking_api_versions_send> [IPv6 ('fe80::63f:2833:3913:a9f4', 9092, 0, 20)]>: Connection complete.
2025-04-12 15:08:19,187 - INFO - Group coordinator for sentiment-group is BrokerMetadata(nodeId='coordinator-0', host='LAPTOP-3AKB8UN6', port=9092, rack=None)
2025-04-12 15:08:19,188 - INFO - Discovered coordinator coordinator-0 for group sentiment-group
2025-04-12 15:08:19,189 - INFO - <BrokerConnection client_id=kafka-python-2.1.2, node_id=coordinator-0 host=LAPTOP-3AKB8UN6:9092 <connecting> [IPv6 ('fe80::63f:2833:3913:a9f4', 9092, 0, 20)]>: connecting to LAPTOP-3AKB8UN6:9092 [('fe80::63f:2833:3913:a9f4', 9092, 0, 20) IPv6]
2025-04-12 15:08:19,190 - INFO - <BrokerConnection client_id=kafka-python-2.1.2, node_id=coordinator-0 host=LAPTOP-3AKB8UN6:9092 <checking_api_versions_send> [IPv6 ('fe80::63f:2833:3913:a9f4', 9092, 0, 20)]>: Connection complete.
2025-04-12 15:08:19,390 - INFO - Revoking previously assigned partitions {TopicPartition(topic='tweets', partition=0)} for group sentiment-group
2025-04-12 15:08:19,391 - INFO - (Re-)joining group sentiment-group
2025-04-12 15:08:19,408 - INFO - Elected group leader -- performing partition assignments using range
2025-04-12 15:08:19,415 - INFO - Successfully joined group sentiment-group with generation 19
2025-04-12 15:08:19,416 - INFO - Updated partition assignment: [TopicPartition(topic='tweets', partition=0)]
2025-04-12 15:08:19,417 - INFO - Setting newly assigned partitions {TopicPartition(topic='tweets', partition=0)} for group sentiment-group
2025-04-12 15:08:19,417 - CRITICAL - Fatal error in consumer: cannot release un-acquired lock
2025-04-12 15:08:19,418 - INFO - Leaving consumer group (sentiment-group).
2025-04-12 15:08:19,425 - INFO - <BrokerConnection client_id=kafka-python-2.1.2, node_id=0 host=LAPTOP-3AKB8UN6:9092 <connected> [IPv6 ('fe80::63f:2833:3913:a9f4', 9092, 0, 20)]>: Closing connection. 
2025-04-12 15:08:19,426 - INFO - <BrokerConnection client_id=kafka-python-2.1.2, node_id=coordinator-0 host=LAPTOP-3AKB8UN6:9092 <connected> [IPv6 ('fe80::63f:2833:3913:a9f4', 9092, 0, 20)]>: Closing connection. 
